date,open,high,low,close,volume,Dividends,Stock Splits,Capital Gains
2020-05-06 00:00:00+01:00,7.170000076293945,7.170000076293945,7.085000038146973,7.110000133514404,31882,0.0,0.0,0.0
2020-05-07 00:00:00+01:00,7.130000114440918,7.199999809265137,7.130000114440918,7.199999809265137,579239,0.0,0.0,0.0
2020-05-11 00:00:00+01:00,7.297500133514404,7.3125,7.204999923706055,7.262499809265137,148185,0.0,0.0,0.0
2020-05-12 00:00:00+01:00,7.28000020980835,7.304999828338623,7.244999885559082,7.28000020980835,50363,0.0,0.0,0.0
2020-05-13 00:00:00+01:00,7.15500020980835,7.15500020980835,7.070000171661377,7.066249847412109,62303,0.0,0.0,0.0
2020-05-14 00:00:00+01:00,6.977499961853027,6.994999885559082,6.90500020980835,6.965000152587891,26529,0.0,0.0,0.0
2020-05-15 00:00:00+01:00,7.132500171661377,7.132500171661377,7.014999866485596,7.056250095367432,11997,0.0,0.0,0.0
2020-05-18 00:00:00+01:00,7.21999979019165,7.360000133514404,7.210999965667725,7.368750095367432,61690,0.0,0.0,0.0
2020-05-19 00:00:00+01:00,7.485000133514404,7.485000133514404,7.332499980926514,7.368750095367432,122709,0.0,0.0,0.0
2020-05-20 00:00:00+01:00,7.317500114440918,7.409999847412109,7.307499885559082,7.418749809265137,133963,0.0,0.0,0.0
2020-05-21 00:00:00+01:00,7.40500020980835,7.40500020980835,7.329999923706055,7.338749885559082,63247,0.0,0.0,0.0
2020-05-22 00:00:00+01:00,7.297500133514404,7.355000019073486,7.262499809265137,7.316249847412109,45429,0.0,0.0,0.0
2020-05-26 00:00:00+01:00,7.512499809265137,7.53249979019165,7.497499942779541,7.516250133514404,135600,0.0,0.0,0.0
2020-05-27 00:00:00+01:00,7.534999847412109,7.622499942779541,7.442500114440918,7.486249923706055,534942,0.0,0.0,0.0
2020-05-28 00:00:00+01:00,7.614999771118164,7.617499828338623,7.572500228881836,7.614999771118164,44676,0.0,0.0,0.0
2020-05-29 00:00:00+01:00,7.522500038146973,7.577499866485596,7.5,7.508749961853027,121716,0.0,0.0,0.0
2020-06-01 00:00:00+01:00,7.607500076293945,7.610000133514404,7.542500019073486,7.586249828338623,43939,0.0,0.0,0.0
2020-06-02 00:00:00+01:00,7.612500190734863,7.684999942779541,7.610000133514404,7.630000114440918,106162,0.0,0.0,0.0
2020-06-03 00:00:00+01:00,7.71750020980835,7.747499942779541,7.710000038146973,7.773749828338623,273127,0.0,0.0,0.0
2020-06-04 00:00:00+01:00,7.735000133514404,7.78249979019165,7.727499961853027,7.753749847412109,86438,0.0,0.0,0.0
2020-06-05 00:00:00+01:00,7.792500019073486,7.982500076293945,7.784999847412109,7.982500076293945,197938,0.0,0.0,0.0
2020-06-08 00:00:00+01:00,7.960000038146973,7.997499942779541,7.931540012359619,7.96999979019165,648654,0.0,0.0,0.0
2020-06-09 00:00:00+01:00,7.989999771118164,7.989999771118164,7.917500019073486,7.946249961853027,86850,0.0,0.0,0.0
2020-06-10 00:00:00+01:00,7.980000019073486,7.982500076293945,7.880000114440918,7.880000114440918,29094,0.0,0.0,0.0
2020-06-11 00:00:00+01:00,7.792500019073486,7.792500019073486,7.610000133514404,7.610000133514404,100483,0.0,0.0,0.0
2020-06-12 00:00:00+01:00,7.482500076293945,7.619999885559082,7.412499904632568,7.447500228881836,267843,0.0,0.0,0.0
2020-06-15 00:00:00+01:00,7.275000095367432,7.420000076293945,7.269999980926514,7.425000190734863,19624,0.0,0.0,0.0
2020-06-16 00:00:00+01:00,7.627500057220459,7.760000228881836,7.627500057220459,7.696249961853027,79525,0.0,0.0,0.0
2020-06-17 00:00:00+01:00,7.712500095367432,7.764999866485596,7.675000190734863,7.679999828338623,38596,0.0,0.0,0.0
2020-06-18 00:00:00+01:00,7.677499771118164,7.697500228881836,7.632500171661377,7.662499904632568,94481,0.0,0.0,0.0
2020-06-19 00:00:00+01:00,7.670000076293945,7.724999904632568,7.667500019073486,7.706250190734863,4171,0.0,0.0,0.0
2020-06-22 00:00:00+01:00,7.59250020980835,7.642499923706055,7.565000057220459,7.62624979019165,34380,0.0,0.0,0.0
2020-06-23 00:00:00+01:00,7.724999904632568,7.764999866485596,7.712500095367432,7.74875020980835,17354,0.0,0.0,0.0
2020-06-24 00:00:00+01:00,7.699999809265137,7.712500095367432,7.505000114440918,7.505000114440918,64522,0.0,0.0,0.0
2020-06-25 00:00:00+01:00,7.517499923706055,7.525000095367432,7.447500228881836,7.452499866485596,134309,0.0,0.0,0.0
2020-06-26 00:00:00+01:00,7.5625,7.5625,7.505000114440918,7.428750038146973,57890,0.0,0.0,0.0
2020-06-29 00:00:00+01:00,7.362500190734863,7.460000038146973,7.362500190734863,7.46750020980835,12938,0.0,0.0,0.0
2020-06-30 00:00:00+01:00,7.472499847412109,7.557499885559082,7.462500095367432,7.548749923706055,47867,0.0,0.0,0.0
2020-07-01 00:00:00+01:00,7.627500057220459,7.677499771118164,7.570000171661377,7.618750095367432,47770,0.0,0.0,0.0
2020-07-02 00:00:00+01:00,7.675000190734863,7.764999866485596,7.675000190734863,7.707499980926514,26770,0.0,0.0,0.0
2020-07-03 00:00:00+01:00,7.6875,7.712500095367432,7.682499885559082,7.666250228881836,2086,0.0,0.0,0.0
2020-07-06 00:00:00+01:00,7.815000057220459,7.817500114440918,7.78000020980835,7.8125,263086,0.0,0.0,0.0
2020-07-07 00:00:00+01:00,7.752500057220459,7.802499771118164,7.727499961853027,7.81125020980835,12116,0.0,0.0,0.0
2020-07-08 00:00:00+01:00,7.71999979019165,7.739999771118164,7.667500019073486,7.684999942779541,1579268,0.0,0.0,0.0
2020-07-09 00:00:00+01:00,7.724999904632568,7.777500152587891,7.65749979019165,7.636250019073486,35480,0.0,0.0,0.0
2020-07-10 00:00:00+01:00,7.637499809265137,7.71750020980835,7.635000228881836,7.711249828338623,47159,0.0,0.0,0.0
2020-07-13 00:00:00+01:00,7.815000057220459,7.852499961853027,7.800000190734863,7.868750095367432,48652,0.0,0.0,0.0
2020-07-14 00:00:00+01:00,7.739999771118164,7.762499809265137,7.670000076293945,7.728750228881836,13693,0.0,0.0,0.0
2020-07-15 00:00:00+01:00,7.867499828338623,7.929999828338623,7.84499979019165,7.916250228881836,76283,0.0,0.0,0.0
2020-07-16 00:00:00+01:00,7.894999980926514,7.894999980926514,7.849999904632568,7.868750095367432,27230,0.0,0.0,0.0
2020-07-17 00:00:00+01:00,7.894999980926514,7.900000095367432,7.860000133514404,7.900000095367432,26348,0.0,0.0,0.0
2020-07-20 00:00:00+01:00,7.852499961853027,7.932499885559082,7.852499961853027,7.925000190734863,16438,0.0,0.0,0.0
2020-07-21 00:00:00+01:00,7.96750020980835,8.022500038146973,7.96750020980835,8.016249656677246,57500,0.0,0.0,0.0
2020-07-22 00:00:00+01:00,7.974999904632568,8.012499809265137,7.957499980926514,8.011249542236328,15315,0.0,0.0,0.0
2020-07-23 00:00:00+01:00,8.087499618530273,8.09749984741211,8.022500038146973,8.052499771118164,92919,0.0,0.0,0.0
2020-07-24 00:00:00+01:00,7.880000114440918,7.9375,7.880000114440918,7.900000095367432,104981,0.0,0.0,0.0
2020-07-27 00:00:00+01:00,7.887499809265137,7.952000141143799,7.882500171661377,7.900000095367432,16866,0.0,0.0,0.0
2020-07-28 00:00:00+01:00,7.932499885559082,7.949999809265137,7.885000228881836,7.927499771118164,196494,0.0,0.0,0.0
2020-07-29 00:00:00+01:00,7.902500152587891,7.927499771118164,7.894999980926514,7.929999828338623,78040,0.0,0.0,0.0
2020-07-30 00:00:00+01:00,7.9375,7.9375,7.832499980926514,7.869999885559082,12016,0.0,0.0,0.0
2020-07-31 00:00:00+01:00,7.894999980926514,7.977499961853027,7.894999980926514,7.90500020980835,146565,0.0,0.0,0.0
2020-08-03 00:00:00+01:00,7.96750020980835,8.020000457763672,7.96750020980835,8.016249656677246,44520,0.0,0.0,0.0
2020-08-04 00:00:00+01:00,8.047499656677246,8.047499656677246,7.974999904632568,8.024999618530273,78689,0.0,0.0,0.0
2020-08-05 00:00:00+01:00,8.072500228881836,8.107500076293945,8.050000190734863,8.108750343322754,8192,0.0,0.0,0.0
2020-08-06 00:00:00+01:00,8.1225004196167,8.1225004196167,8.09000015258789,8.0962495803833,48056,0.0,0.0,0.0
2020-08-07 00:00:00+01:00,8.149999618530273,8.157500267028809,8.132499694824219,8.1537504196167,25527,0.0,0.0,0.0
2020-08-10 00:00:00+01:00,8.204999923706055,8.204999923706055,8.167499542236328,8.177499771118164,236825,0.0,0.0,0.0
2020-08-11 00:00:00+01:00,8.204999923706055,8.262499809265137,8.204999923706055,8.258749961853027,80617,0.0,0.0,0.0
2020-08-12 00:00:00+01:00,8.1875,8.257499694824219,8.1875,8.257499694824219,45639,0.0,0.0,0.0
2020-08-13 00:00:00+01:00,8.244999885559082,8.267499923706055,8.229999542236328,8.261249542236328,49188,0.0,0.0,0.0
2020-08-14 00:00:00+01:00,8.272500038146973,8.272500038146973,8.202500343322754,8.256250381469727,42144,0.0,0.0,0.0
2020-08-17 00:00:00+01:00,8.257499694824219,8.260000228881836,8.242500305175781,8.28125,11443,0.0,0.0,0.0
2020-08-18 00:00:00+01:00,8.272500038146973,8.282500267028809,8.239999771118164,8.262499809265137,37938,0.0,0.0,0.0
2020-08-19 00:00:00+01:00,8.267499923706055,8.302499771118164,8.2524995803833,8.302499771118164,70382,0.0,0.0,0.0
2020-08-20 00:00:00+01:00,8.199999809265137,8.239999771118164,8.194999694824219,8.236249923706055,34657,0.0,0.0,0.0
2020-08-21 00:00:00+01:00,8.260000228881836,8.274999618530273,8.204999923706055,8.265000343322754,14313,0.0,0.0,0.0
2020-08-24 00:00:00+01:00,8.324999809265137,8.362500190734863,8.324999809265137,8.354999542236328,57053,0.0,0.0,0.0
2020-08-25 00:00:00+01:00,8.420000076293945,8.420000076293945,8.354999542236328,8.387499809265137,9914,0.0,0.0,0.0
2020-08-26 00:00:00+01:00,8.407500267028809,8.444999694824219,8.40250015258789,8.436249732971191,18888,0.0,0.0,0.0
2020-08-27 00:00:00+01:00,8.492500305175781,8.532500267028809,8.470000267028809,8.508749961853027,35053,0.0,0.0,0.0
2020-08-28 00:00:00+01:00,8.522500038146973,8.524999618530273,8.4975004196167,8.524999618530273,10516,0.0,0.0,0.0
2020-09-01 00:00:00+01:00,8.5600004196167,8.567500114440918,8.507499694824219,8.537500381469727,77429,0.0,0.0,0.0
2020-09-02 00:00:00+01:00,8.614999771118164,8.65250015258789,8.612500190734863,8.635000228881836,109273,0.0,0.0,0.0
2020-09-03 00:00:00+01:00,8.732500076293945,8.734999656677246,8.477499961853027,8.479999542236328,8356,0.0,0.0,0.0
2020-09-04 00:00:00+01:00,8.442500114440918,8.505000114440918,8.237500190734863,8.272500038146973,52475,0.0,0.0,0.0
2020-09-07 00:00:00+01:00,8.3100004196167,8.369999885559082,8.3100004196167,8.386249542236328,15114,0.0,0.0,0.0
2020-09-08 00:00:00+01:00,8.449999809265137,8.449999809265137,8.22249984741211,8.223750114440918,56994,0.0,0.0,0.0
2020-09-09 00:00:00+01:00,8.145000457763672,8.305000305175781,8.145000457763672,8.28499984741211,346868,0.0,0.0,0.0
2020-09-10 00:00:00+01:00,8.345000267028809,8.345000267028809,8.25,8.3100004196167,13698,0.0,0.0,0.0
2020-09-11 00:00:00+01:00,8.234999656677246,8.242500305175781,8.164999961853027,8.206250190734863,131918,0.0,0.0,0.0
2020-09-14 00:00:00+01:00,8.2524995803833,8.307499885559082,8.225000381469727,8.296250343322754,61688,0.0,0.0,0.0
2020-09-15 00:00:00+01:00,8.3125,8.357500076293945,8.279999732971191,8.357500076293945,28829,0.0,0.0,0.0
2020-09-16 00:00:00+01:00,8.307499885559082,8.367500305175781,8.307499885559082,8.37125015258789,8040,0.0,0.0,0.0
2020-09-17 00:00:00+01:00,8.1850004196167,8.260000228881836,8.175000190734863,8.251250267028809,14668,0.0,0.0,0.0
2020-09-18 00:00:00+01:00,8.234999656677246,8.265000343322754,8.199999809265137,8.201250076293945,10273,0.0,0.0,0.0
2020-09-21 00:00:00+01:00,8.177499771118164,8.177499771118164,7.947500228881836,7.93625020980835,59328,0.0,0.0,0.0
2020-09-22 00:00:00+01:00,7.989999771118164,8.069999694824219,7.987500190734863,8.018750190734863,16423,0.0,0.0,0.0
2020-09-23 00:00:00+01:00,8.15250015258789,8.182499885559082,8.090800285339355,8.103750228881836,37524,0.0,0.0,0.0
2020-09-24 00:00:00+01:00,7.949999809265137,7.972499847412109,7.897500038146973,7.96750020980835,21751,0.0,0.0,0.0
2020-09-25 00:00:00+01:00,7.997499942779541,8.010000228881836,7.917500019073486,8.008749961853027,31058,0.0,0.0,0.0
2020-09-28 00:00:00+01:00,8.154999732971191,8.212499618530273,8.145000457763672,8.213749885559082,10409,0.0,0.0,0.0
2020-09-29 00:00:00+01:00,8.242500305175781,8.242500305175781,8.199999809265137,8.198749542236328,21388,0.0,0.0,0.0
2020-09-30 00:00:00+01:00,8.132499694824219,8.295000076293945,8.132499694824219,8.296250343322754,32215,0.0,0.0,0.0
2020-10-01 00:00:00+01:00,8.295000076293945,8.324999809265137,8.267499923706055,8.311249732971191,24361,0.0,0.0,0.0
2020-10-02 00:00:00+01:00,8.207500457763672,8.255000114440918,8.149999618530273,8.251250267028809,6316,0.0,0.0,0.0
2020-10-05 00:00:00+01:00,8.270000457763672,8.332500457763672,8.270000457763672,8.3412504196167,22380,0.0,0.0,0.0
2020-10-06 00:00:00+01:00,8.329999923706055,8.3774995803833,8.324999809265137,8.373749732971191,6404,0.0,0.0,0.0
2020-10-07 00:00:00+01:00,8.300000190734863,8.3774995803833,8.300000190734863,8.37125015258789,105844,0.0,0.0,0.0
2020-10-08 00:00:00+01:00,8.414999961853027,8.477499961853027,8.387499809265137,8.442500114440918,41844,0.0,0.0,0.0
2020-10-09 00:00:00+01:00,8.489999771118164,8.537500381469727,8.489999771118164,8.536250114440918,63674,0.0,0.0,0.0
2020-10-12 00:00:00+01:00,8.579999923706055,8.657500267028809,8.574999809265137,8.6537504196167,27631,0.0,0.0,0.0
2020-10-13 00:00:00+01:00,8.640000343322754,8.680000305175781,8.619999885559082,8.638750076293945,23247,0.0,0.0,0.0
2020-10-14 00:00:00+01:00,8.6274995803833,8.654999732971191,8.617500305175781,8.601249694824219,11712,0.0,0.0,0.0
2020-10-15 00:00:00+01:00,8.5649995803833,8.5649995803833,8.442500114440918,8.498749732971191,9746,0.0,0.0,0.0
2020-10-16 00:00:00+01:00,8.574999809265137,8.59000015258789,8.529999732971191,8.571249961853027,17140,0.0,0.0,0.0
2020-10-19 00:00:00+01:00,8.585000038146973,8.59000015258789,8.524999618530273,8.517499923706055,16120,0.0,0.0,0.0
2020-10-20 00:00:00+01:00,8.46500015258789,8.475000381469727,8.4375,8.452500343322754,67385,0.0,0.0,0.0
2020-10-21 00:00:00+01:00,8.479999542236328,8.522500038146973,8.4399995803833,8.46875,6054,0.0,0.0,0.0
2020-10-22 00:00:00+01:00,8.452500343322754,8.489999771118164,8.430000305175781,8.476249694824219,116284,0.0,0.0,0.0
2020-10-23 00:00:00+01:00,8.5024995803833,8.545000076293945,8.5,8.507499694824219,8179,0.0,0.0,0.0
2020-10-26 00:00:00+00:00,8.484999656677246,8.484999656677246,8.335000038146973,8.3462495803833,25377,0.0,0.0,0.0
2020-10-27 00:00:00+00:00,8.3774995803833,8.380000114440918,8.342499732971191,8.363750457763672,16412,0.0,0.0,0.0
2020-10-28 00:00:00+00:00,8.267499923706055,8.267499923706055,8.0625,8.088749885559082,17275,0.0,0.0,0.0
2020-10-29 00:00:00+00:00,8.069999694824219,8.085000038146973,8.047499656677246,8.078749656677246,29059,0.0,0.0,0.0
2020-10-30 00:00:00+00:00,7.994999885559082,8.09000015258789,7.962500095367432,8.029999732971191,272027,0.0,0.0,0.0
2020-11-02 00:00:00+00:00,8.0649995803833,8.15999984741211,8.032500267028809,8.143750190734863,251953,0.0,0.0,0.0
2020-11-03 00:00:00+00:00,8.162500381469727,8.319999694824219,8.162500381469727,8.313750267028809,112995,0.0,0.0,0.0
2020-11-04 00:00:00+00:00,8.267499923706055,8.547499656677246,8.2524995803833,8.539999961853027,20711,0.0,0.0,0.0
2020-11-05 00:00:00+00:00,8.59000015258789,8.680000305175781,8.59000015258789,8.65250015258789,47986,0.0,0.0,0.0
2020-11-06 00:00:00+00:00,8.592499732971191,8.654999732971191,8.592499732971191,8.632499694824219,79217,0.0,0.0,0.0
2020-11-09 00:00:00+00:00,8.717499732971191,9.147500038146973,8.717499732971191,8.936249732971191,171958,0.0,0.0,0.0
2020-11-10 00:00:00+00:00,8.802499771118164,8.850000381469727,8.7524995803833,8.798749923706055,96824,0.0,0.0,0.0
2020-11-11 00:00:00+00:00,8.805000305175781,8.880000114440918,8.805000305175781,8.8462495803833,77279,0.0,0.0,0.0
2020-11-12 00:00:00+00:00,8.797499656677246,8.827500343322754,8.786609649658203,8.801250457763672,19497,0.0,0.0,0.0
2020-11-13 00:00:00+00:00,8.75,8.8100004196167,8.75,8.80875015258789,111145,0.0,0.0,0.0
2020-11-16 00:00:00+00:00,8.912500381469727,9.042499542236328,8.907500267028809,8.961250305175781,61890,0.0,0.0,0.0
2020-11-17 00:00:00+00:00,8.9975004196167,8.9975004196167,8.895000457763672,8.931249618530273,27591,0.0,0.0,0.0
2020-11-18 00:00:00+00:00,8.920000076293945,8.979999542236328,8.920000076293945,8.963749885559082,34995,0.0,0.0,0.0
2020-11-19 00:00:00+00:00,8.837499618530273,8.842499732971191,8.767499923706055,8.802499771118164,206097,0.0,0.0,0.0
2020-11-20 00:00:00+00:00,8.792499542236328,8.859999656677246,8.792499542236328,8.835000038146973,158756,0.0,0.0,0.0
2020-11-23 00:00:00+00:00,8.817500114440918,8.852499961853027,8.789999961853027,8.791250228881836,56528,0.0,0.0,0.0
2020-11-24 00:00:00+00:00,8.885000228881836,8.952500343322754,8.885000228881836,8.96875,77474,0.0,0.0,0.0
2020-11-25 00:00:00+00:00,9.020000457763672,9.020000457763672,8.938799858093262,8.9350004196167,41502,0.0,0.0,0.0
2020-11-26 00:00:00+00:00,8.957500457763672,8.975000381469727,8.949999809265137,8.948749542236328,13919,0.0,0.0,0.0
2020-11-27 00:00:00+00:00,8.962499618530273,8.9975004196167,8.962499618530273,8.981249809265137,24605,0.0,0.0,0.0
2020-11-30 00:00:00+00:00,8.897500038146973,8.947500228881836,8.8725004196167,8.875,62754,0.0,0.0,0.0
2020-12-01 00:00:00+00:00,8.975000381469727,9.0649995803833,8.975000381469727,9.055000305175781,241223,0.0,0.0,0.0
2020-12-02 00:00:00+00:00,8.967499732971191,9.042499542236328,8.967499732971191,9.037500381469727,27175,0.0,0.0,0.0
2020-12-03 00:00:00+00:00,8.989999771118164,9.077500343322754,8.989999771118164,9.077500343322754,132811,0.0,0.0,0.0
2020-12-04 00:00:00+00:00,9.100000381469727,9.112500190734863,9.0625,9.116250038146973,113789,0.0,0.0,0.0
2020-12-07 00:00:00+00:00,9.130000114440918,9.130000114440918,9.114999771118164,9.12125015258789,9205,0.0,0.0,0.0
2020-12-08 00:00:00+00:00,9.087499618530273,9.1899995803833,9.052499771118164,9.1899995803833,209637,0.0,0.0,0.0
2020-12-09 00:00:00+00:00,9.192500114440918,9.192500114440918,9.117500305175781,9.117500305175781,96623,0.0,0.0,0.0
2020-12-10 00:00:00+00:00,9.079999923706055,9.092499732971191,9.047499656677246,9.078749656677246,30826,0.0,0.0,0.0
2020-12-11 00:00:00+00:00,9.069999694824219,9.069999694824219,8.982500076293945,9.017499923706055,32448,0.0,0.0,0.0
2020-12-14 00:00:00+00:00,9.117500305175781,9.15250015258789,9.077300071716309,9.092499732971191,74775,0.0,0.0,0.0
2020-12-15 00:00:00+00:00,9.02750015258789,9.077500343322754,9.02750015258789,9.069999694824219,27996,0.0,0.0,0.0
2020-12-16 00:00:00+00:00,9.102499961853027,9.162500381469727,9.102499961853027,9.130000114440918,20166,0.0,0.0,0.0
2020-12-17 00:00:00+00:00,9.180000305175781,9.1875,9.157500267028809,9.18375015258789,22785,0.0,0.0,0.0
2020-12-18 00:00:00+00:00,9.1899995803833,9.21500015258789,9.125,9.123749732971191,74612,0.0,0.0,0.0
2020-12-21 00:00:00+00:00,9.100000381469727,9.117500305175781,8.970000267028809,9.022500038146973,67765,0.0,0.0,0.0
2020-12-22 00:00:00+00:00,9.09000015258789,9.132499694824219,9.09000015258789,9.107500076293945,158197,0.0,0.0,0.0
2020-12-23 00:00:00+00:00,9.125,9.172499656677246,9.107500076293945,9.12125015258789,27771,0.0,0.0,0.0
2020-12-24 00:00:00+00:00,9.130000114440918,9.157500267028809,9.095000267028809,9.113750457763672,7698,0.0,0.0,0.0
2020-12-29 00:00:00+00:00,9.255000114440918,9.255000114440918,9.212499618530273,9.208749771118164,57910,0.0,0.0,0.0
2020-12-30 00:00:00+00:00,9.242500305175781,9.242500305175781,9.21500015258789,9.226249694824219,8633,0.0,0.0,0.0
2020-12-31 00:00:00+00:00,9.192500114440918,9.207500457763672,9.180000305175781,9.207500457763672,11555,0.0,0.0,0.0
2021-01-04 00:00:00+00:00,9.300000190734863,9.319999694824219,9.109999656677246,9.119999885559082,31547,0.0,0.0,0.0
2021-01-05 00:00:00+00:00,9.1274995803833,9.149999618530273,9.102499961853027,9.116250038146973,48280,0.0,0.0,0.0
2021-01-06 00:00:00+00:00,9.125,9.25,9.107500076293945,9.237500190734863,47572,0.0,0.0,0.0
2021-01-07 00:00:00+00:00,9.279999732971191,9.3100004196167,9.225000381469727,9.295000076293945,56707,0.0,0.0,0.0
2021-01-08 00:00:00+00:00,9.392499923706055,9.392499923706055,9.300000190734863,9.3149995803833,132860,0.0,0.0,0.0
2021-01-11 00:00:00+00:00,9.300000190734863,9.329999923706055,9.282500267028809,9.328749656677246,35567,0.0,0.0,0.0
2021-01-12 00:00:00+00:00,9.335000038146973,9.335000038146973,9.272500038146973,9.292499542236328,60209,0.0,0.0,0.0
2021-01-13 00:00:00+00:00,9.3149995803833,9.3149995803833,9.257499694824219,9.302499771118164,52425,0.0,0.0,0.0
2021-01-14 00:00:00+00:00,9.305000305175781,9.335000038146973,9.300000190734863,9.302499771118164,33976,0.0,0.0,0.0
2021-01-15 00:00:00+00:00,9.199999809265137,9.234999656677246,9.142499923706055,9.192500114440918,68547,0.0,0.0,0.0
2021-01-18 00:00:00+00:00,9.15999984741211,9.204999923706055,9.15999984741211,9.202500343322754,23869,0.0,0.0,0.0
2021-01-19 00:00:00+00:00,9.2475004196167,9.260000228881836,9.207500457763672,9.220000267028809,69033,0.0,0.0,0.0
2021-01-20 00:00:00+00:00,9.255000114440918,9.34749984741211,9.255000114440918,9.337499618530273,129778,0.0,0.0,0.0
2021-01-21 00:00:00+00:00,9.382499694824219,9.390000343322754,9.34749984741211,9.34749984741211,76092,0.0,0.0,0.0
2021-01-22 00:00:00+00:00,9.319999694824219,9.350000381469727,9.297499656677246,9.317500114440918,70269,0.0,0.0,0.0
2021-01-25 00:00:00+00:00,9.335000038146973,9.337499618530273,9.210000038146973,9.251250267028809,358782,0.0,0.0,0.0
2021-01-26 00:00:00+00:00,9.267499923706055,9.362500190734863,9.267499923706055,9.335000038146973,114421,0.0,0.0,0.0
2021-01-27 00:00:00+00:00,9.25,9.307499885559082,9.182499885559082,9.176250457763672,74539,0.0,0.0,0.0
2021-01-28 00:00:00+00:00,9.042499542236328,9.267499923706055,9.042499542236328,9.260000228881836,91597,0.0,0.0,0.0
2021-01-29 00:00:00+00:00,9.079999923706055,9.162500381469727,9.0600004196167,9.063750267028809,74447,0.0,0.0,0.0
2021-02-01 00:00:00+00:00,9.015000343322754,9.09749984741211,9.015000343322754,9.09749984741211,63638,0.0,0.0,0.0
2021-02-02 00:00:00+00:00,9.199999809265137,9.27750015258789,9.192500114440918,9.2837495803833,16216,0.0,0.0,0.0
2021-02-03 00:00:00+00:00,9.367500305175781,9.367500305175781,9.227499961853027,9.2475004196167,22663,0.0,0.0,0.0
2021-02-04 00:00:00+00:00,9.229999542236328,9.307499885559082,9.22249984741211,9.3149995803833,31787,0.0,0.0,0.0
2021-02-05 00:00:00+00:00,9.392499923706055,9.427499771118164,9.3725004196167,9.40250015258789,26285,0.0,0.0,0.0
2021-02-08 00:00:00+00:00,9.430000305175781,9.47249984741211,9.427499771118164,9.427499771118164,198009,0.0,0.0,0.0
2021-02-09 00:00:00+00:00,9.430000305175781,9.482500076293945,9.430000305175781,9.460000038146973,59709,0.0,0.0,0.0
2021-02-10 00:00:00+00:00,9.510000228881836,9.510000228881836,9.482500076293945,9.462499618530273,3318,0.0,0.0,0.0
2021-02-11 00:00:00+00:00,9.482500076293945,9.524999618530273,9.482500076293945,9.517499923706055,9175,0.0,0.0,0.0
2021-02-12 00:00:00+00:00,9.517499923706055,9.529999732971191,9.487500190734863,9.529999732971191,185643,0.0,0.0,0.0
2021-02-15 00:00:00+00:00,9.645000457763672,9.645000457763672,9.582500457763672,9.607500076293945,3426,0.0,0.0,0.0
2021-02-16 00:00:00+00:00,9.582500457763672,9.600000381469727,9.552499771118164,9.539999961853027,19237,0.0,0.0,0.0
2021-02-17 00:00:00+00:00,9.510000228881836,9.524999618530273,9.470000267028809,9.487500190734863,57606,0.0,0.0,0.0
2021-02-18 00:00:00+00:00,9.492500305175781,9.524999618530273,9.444999694824219,9.47249984741211,6303,0.0,0.0,0.0
2021-02-19 00:00:00+00:00,9.5,9.5600004196167,9.5,9.548749923706055,90298,0.0,0.0,0.0
2021-02-22 00:00:00+00:00,9.449999809265137,9.467499732971191,9.395000457763672,9.43375015258789,48729,0.0,0.0,0.0
2021-02-23 00:00:00+00:00,9.460000038146973,9.47249984741211,9.324999809265137,9.414999961853027,189892,0.0,0.0,0.0
2021-02-24 00:00:00+00:00,9.457500457763672,9.512499809265137,9.392499923706055,9.512499809265137,157436,0.0,0.0,0.0
2021-02-25 00:00:00+00:00,9.600000381469727,9.600000381469727,9.452500343322754,9.452500343322754,138464,0.0,0.0,0.0
2021-02-26 00:00:00+00:00,9.302499771118164,9.387499809265137,9.234999656677246,9.3149995803833,1214942,0.0,0.0,0.0
2021-03-01 00:00:00+00:00,9.399999618530273,9.505000114440918,9.380000114440918,9.492500305175781,303147,0.0,0.0,0.0
2021-03-02 00:00:00+00:00,9.407500267028809,9.505000114440918,9.407500267028809,9.453749656677246,23445,0.0,0.0,0.0
2021-03-03 00:00:00+00:00,9.460000038146973,9.494999885559082,9.34749984741211,9.414999961853027,52823,0.0,0.0,0.0
2021-03-04 00:00:00+00:00,9.302499771118164,9.319999694824219,9.255000114440918,9.311249732971191,31591,0.0,0.0,0.0
2021-03-05 00:00:00+00:00,9.135000228881836,9.267499923706055,9.119999885559082,9.130000114440918,31574,0.0,0.0,0.0
2021-03-08 00:00:00+00:00,9.3125,9.477499961853027,9.3100004196167,9.484999656677246,31638,0.0,0.0,0.0
2021-03-09 00:00:00+00:00,9.487500190734863,9.545000076293945,9.40999984741211,9.5337495803833,30504,0.0,0.0,0.0
2021-03-10 00:00:00+00:00,9.482500076293945,9.5625,9.46500015258789,9.551250457763672,27681,0.0,0.0,0.0
2021-03-11 00:00:00+00:00,9.585000038146973,9.680000305175781,9.585000038146973,9.666250228881836,15617,0.0,0.0,0.0
2021-03-12 00:00:00+00:00,9.657500267028809,9.657500267028809,9.567500114440918,9.587499618530273,21969,0.0,0.0,0.0
2021-03-15 00:00:00+00:00,9.645000457763672,9.645000457763672,9.619999885559082,9.645000457763672,15861,0.0,0.0,0.0
2021-03-16 00:00:00+00:00,9.664999961853027,9.755000114440918,9.664999961853027,9.717499732971191,97459,0.0,0.0,0.0
2021-03-17 00:00:00+00:00,9.699999809265137,9.720000267028809,9.657500267028809,9.672499656677246,4136,0.0,0.0,0.0
2021-03-18 00:00:00+00:00,9.680000305175781,9.694999694824219,9.630000114440918,9.686249732971191,98183,0.0,0.0,0.0
2021-03-19 00:00:00+00:00,9.550000190734863,9.609999656677246,9.510000228881836,9.574999809265137,136459,0.0,0.0,0.0
2021-03-22 00:00:00+00:00,9.5649995803833,9.619999885559082,9.542499542236328,9.617500305175781,93128,0.0,0.0,0.0
2021-03-23 00:00:00+00:00,9.59749984741211,9.640000343322754,9.572500228881836,9.630000114440918,52008,0.0,0.0,0.0
2021-03-24 00:00:00+00:00,9.550000190734863,9.641500473022461,9.550000190734863,9.638750076293945,201706,0.0,0.0,0.0
2021-03-25 00:00:00+00:00,9.524999618530273,9.5625,9.432499885559082,9.513750076293945,104659,0.0,0.0,0.0
2021-03-26 00:00:00+00:00,9.607500076293945,9.654999732971191,9.577500343322754,9.654999732971191,153694,0.0,0.0,0.0
2021-03-29 00:00:00+01:00,9.737500190734863,9.765000343322754,9.579999923706055,9.739999771118164,20320,0.0,0.0,0.0
2021-03-30 00:00:00+01:00,9.734999656677246,9.792499542236328,9.729999542236328,9.72249984741211,13454,0.0,0.0,0.0
2021-03-31 00:00:00+01:00,9.729999542236328,9.765000343322754,9.6899995803833,9.755000114440918,717691,0.0,0.0,0.0
2021-04-01 00:00:00+01:00,9.817500114440918,9.822500228881836,9.772500038146973,9.824999809265137,26075,0.0,0.0,0.0
2021-04-06 00:00:00+01:00,9.917499542236328,10.005000114440918,9.917499542236328,9.993749618530273,1944008,0.0,0.0,0.0
2021-04-07 00:00:00+01:00,9.992500305175781,9.992500305175781,9.966300010681152,9.9662504196167,577747,0.0,0.0,0.0
2021-04-08 00:00:00+01:00,10.029999732971191,10.039999961853027,9.987500190734863,10.00374984741211,89639,0.0,0.0,0.0
2021-04-09 00:00:00+01:00,10.03499984741211,10.045000076293945,10.0,10.024999618530273,33476,0.0,0.0,0.0
2021-04-12 00:00:00+01:00,10.095000267028809,10.114999771118164,10.050000190734863,10.077500343322754,847683,0.0,0.0,0.0
2021-04-13 00:00:00+01:00,10.0600004196167,10.09000015258789,10.039999961853027,10.0649995803833,9245,0.0,0.0,0.0
2021-04-14 00:00:00+01:00,10.074999809265137,10.104999542236328,10.0649995803833,10.085000038146973,306010,0.0,0.0,0.0
2021-04-15 00:00:00+01:00,10.104999542236328,10.180000305175781,10.09000015258789,10.170000076293945,1089893,0.0,0.0,0.0
2021-04-16 00:00:00+01:00,10.15999984741211,10.21500015258789,10.140000343322754,10.199999809265137,334472,0.0,0.0,0.0
2021-04-19 00:00:00+01:00,10.210000038146973,10.234999656677246,10.164999961853027,10.180000305175781,107536,0.0,0.0,0.0
2021-04-20 00:00:00+01:00,10.199999809265137,10.199999809265137,10.085000038146973,10.095000267028809,146805,0.0,0.0,0.0
2021-04-21 00:00:00+01:00,10.145000457763672,10.175000190734863,10.09000015258789,10.175000190734863,44264,0.0,0.0,0.0
2021-04-22 00:00:00+01:00,10.255000114440918,10.255000114440918,10.170000076293945,10.204999923706055,22464,0.0,0.0,0.0
2021-04-23 00:00:00+01:00,10.154999732971191,10.199999809265137,10.135000228881836,10.202500343322754,17491,0.0,0.0,0.0
2021-04-26 00:00:00+01:00,10.274999618530273,10.274999618530273,10.204999923706055,10.227499961853027,126702,0.0,0.0,0.0
2021-04-27 00:00:00+01:00,10.210000038146973,10.234999656677246,10.1899995803833,10.199999809265137,40522,0.0,0.0,0.0
2021-04-28 00:00:00+01:00,10.210000038146973,10.25,10.199999809265137,10.212499618530273,34268,0.0,0.0,0.0
2021-04-29 00:00:00+01:00,10.234999656677246,10.3149995803833,10.234999656677246,10.25,49958,0.0,0.0,0.0
2021-04-30 00:00:00+01:00,10.244999885559082,10.260000228881836,10.210000038146973,10.21500015258789,7460,0.0,0.0,0.0
2021-05-04 00:00:00+01:00,10.25,10.255000114440918,10.164999961853027,10.162500381469727,115649,0.0,0.0,0.0
2021-05-05 00:00:00+01:00,10.260000228881836,10.265000343322754,10.199999809265137,10.237500190734863,31633,0.0,0.0,0.0
2021-05-06 00:00:00+01:00,10.204999923706055,10.25,10.180000305175781,10.234999656677246,125547,0.0,0.0,0.0
2021-05-07 00:00:00+01:00,10.3100004196167,10.380000114440918,10.289999961853027,10.375,158574,0.0,0.0,0.0
2021-05-10 00:00:00+01:00,10.380000114440918,10.385000228881836,10.369999885559082,10.382499694824219,304236,0.0,0.0,0.0
2021-05-11 00:00:00+01:00,10.274999618530273,10.274999618530273,10.104999542236328,10.175000190734863,324586,0.0,0.0,0.0
2021-05-12 00:00:00+01:00,10.170000076293945,10.1899995803833,10.050000190734863,10.067500114440918,581289,0.0,0.0,0.0
2021-05-13 00:00:00+01:00,10.03499984741211,10.114999771118164,9.947500228881836,10.079999923706055,128620,0.0,0.0,0.0
2021-05-14 00:00:00+01:00,10.104999542236328,10.234999656677246,10.104999542236328,10.234999656677246,540430,0.0,0.0,0.0
2021-05-17 00:00:00+01:00,10.220000267028809,10.244999885559082,10.170000076293945,10.172499656677246,476889,0.0,0.0,0.0
2021-05-18 00:00:00+01:00,10.239999771118164,10.265000343322754,10.170000076293945,10.1899995803833,132321,0.0,0.0,0.0
2021-05-19 00:00:00+01:00,10.0649995803833,10.074999809265137,9.954999923706055,10.024999618530273,37991,0.0,0.0,0.0
2021-05-20 00:00:00+01:00,10.095000267028809,10.194999694824219,10.050000190734863,10.210000038146973,13250,0.0,0.0,0.0
2021-05-21 00:00:00+01:00,10.260000228881836,10.28499984741211,10.225000381469727,10.232500076293945,34998,0.0,0.0,0.0
2021-05-24 00:00:00+01:00,10.234999656677246,10.3100004196167,10.234999656677246,10.3100004196167,9173,0.0,0.0,0.0
2021-05-25 00:00:00+01:00,10.3100004196167,10.34000015258789,10.28499984741211,10.289999961853027,88829,0.0,0.0,0.0
2021-05-26 00:00:00+01:00,10.300000190734863,10.329999923706055,10.295000076293945,10.305000305175781,78609,0.0,0.0,0.0
2021-05-27 00:00:00+01:00,10.270000457763672,10.324999809265137,10.270000457763672,10.3149995803833,23546,0.0,0.0,0.0
2021-05-28 00:00:00+01:00,10.279999732971191,10.364999771118164,10.279999732971191,10.342499732971191,99213,0.0,0.0,0.0
2021-06-01 00:00:00+01:00,10.34000015258789,10.385000228881836,10.295000076293945,10.307499885559082,136612,0.0,0.0,0.0
2021-06-02 00:00:00+01:00,10.305000305175781,10.364999771118164,10.25,10.352499961853027,304909,0.0,0.0,0.0
2021-06-03 00:00:00+01:00,10.324999809265137,10.345000267028809,10.25,10.329999923706055,58622,0.0,0.0,0.0
2021-06-04 00:00:00+01:00,10.345000267028809,10.40999984741211,10.305000305175781,10.40999984741211,41385,0.0,0.0,0.0
2021-06-07 00:00:00+01:00,10.399999618530273,10.4350004196167,10.390000343322754,10.404999732971191,52741,0.0,0.0,0.0
2021-06-08 00:00:00+01:00,10.489999771118164,10.489999771118164,10.364999771118164,10.395000457763672,35941,0.0,0.0,0.0
2021-06-09 00:00:00+01:00,10.444999694824219,10.449999809265137,10.414999961853027,10.4350004196167,114641,0.0,0.0,0.0
2021-06-10 00:00:00+01:00,10.385000228881836,10.46500015258789,10.385000228881836,10.4399995803833,32915,0.0,0.0,0.0
2021-06-11 00:00:00+01:00,10.4350004196167,10.479999542236328,10.4350004196167,10.449999809265137,33976,0.0,0.0,0.0
2021-06-14 00:00:00+01:00,10.460000038146973,10.489999771118164,10.449999809265137,10.452500343322754,11108,0.0,0.0,0.0
2021-06-15 00:00:00+01:00,10.550000190734863,10.550000190734863,10.46500015258789,10.46500015258789,497178,0.0,0.0,0.0
2021-06-16 00:00:00+01:00,10.460000038146973,10.479999542236328,10.454999923706055,10.470000267028809,124452,0.0,0.0,0.0
2021-06-17 00:00:00+01:00,10.295000076293945,10.395000457763672,10.295000076293945,10.395000457763672,30045,0.0,0.0,0.0
2021-06-18 00:00:00+01:00,10.444999694824219,10.444999694824219,10.289999961853027,10.295000076293945,37041,0.0,0.0,0.0
2021-06-21 00:00:00+01:00,10.324999809265137,10.40999984741211,10.300000190734863,10.40999984741211,132733,0.0,0.0,0.0
2021-06-22 00:00:00+01:00,10.460000038146973,10.460000038146973,10.395000457763672,10.460000038146973,29815,0.0,0.0,0.0
2021-06-23 00:00:00+01:00,10.5600004196167,10.5600004196167,10.449999809265137,10.46500015258789,119139,0.0,0.0,0.0
2021-06-24 00:00:00+01:00,10.460000038146973,10.529999732971191,10.460000038146973,10.494999885559082,125003,0.0,0.0,0.0
2021-06-25 00:00:00+01:00,10.5600004196167,10.600000381469727,10.545000076293945,10.595000267028809,51805,0.0,0.0,0.0
2021-06-28 00:00:00+01:00,10.604999542236328,10.640000343322754,10.604999542236328,10.6225004196167,76210,0.0,0.0,0.0
2021-06-29 00:00:00+01:00,10.625,10.6899995803833,10.625,10.677499771118164,35069,0.0,0.0,0.0
2021-06-30 00:00:00+01:00,10.6850004196167,10.6850004196167,10.640000343322754,10.664999961853027,107512,0.0,0.0,0.0
2021-07-01 00:00:00+01:00,10.664999961853027,10.71500015258789,10.664999961853027,10.71500015258789,67334,0.0,0.0,0.0
2021-07-02 00:00:00+01:00,10.670000076293945,10.78499984741211,10.670000076293945,10.772500038146973,120675,0.0,0.0,0.0
2021-07-05 00:00:00+01:00,10.859999656677246,10.859999656677246,10.795000076293945,10.824999809265137,10909,0.0,0.0,0.0
2021-07-06 00:00:00+01:00,10.824999809265137,10.84000015258789,10.720000267028809,10.739999771118164,115337,0.0,0.0,0.0
2021-07-07 00:00:00+01:00,10.819999694824219,10.829999923706055,10.789999961853027,10.824999809265137,190875,0.0,0.0,0.0
2021-07-08 00:00:00+01:00,10.805000305175781,10.8100004196167,10.694999694824219,10.739999771118164,107144,0.0,0.0,0.0
2021-07-09 00:00:00+01:00,10.649999618530273,10.835000038146973,10.649999618530273,10.835000038146973,37959,0.0,0.0,0.0
2021-07-12 00:00:00+01:00,10.895000457763672,10.899999618530273,10.8149995803833,10.8774995803833,18970,0.0,0.0,0.0
2021-07-13 00:00:00+01:00,10.869999885559082,10.904999732971191,10.84000015258789,10.904999732971191,34666,0.0,0.0,0.0
2021-07-14 00:00:00+01:00,10.859999656677246,10.90999984741211,10.859999656677246,10.864999771118164,105212,0.0,0.0,0.0
2021-07-15 00:00:00+01:00,10.845000267028809,10.885000228881836,10.824999809265137,10.835000038146973,385341,0.0,0.0,0.0
2021-07-16 00:00:00+01:00,10.850000381469727,10.854999542236328,10.800000190734863,10.805000305175781,15892,0.0,0.0,0.0
2021-07-19 00:00:00+01:00,10.694999694824219,10.725000381469727,10.619999885559082,10.632499694824219,106803,0.0,0.0,0.0
2021-07-20 00:00:00+01:00,10.65999984741211,10.760000228881836,10.654999732971191,10.7475004196167,376021,0.0,0.0,0.0
2021-07-21 00:00:00+01:00,10.824999809265137,10.838000297546387,10.8149995803833,10.829999923706055,38878,0.0,0.0,0.0
2021-07-22 00:00:00+01:00,10.890000343322754,10.890000343322754,10.835000038146973,10.859999656677246,23817,0.0,0.0,0.0
2021-07-23 00:00:00+01:00,10.920000076293945,11.020000457763672,10.899999618530273,11.015000343322754,133510,0.0,0.0,0.0
2021-07-26 00:00:00+01:00,11.020000457763672,11.03499984741211,10.960000038146973,11.03499984741211,62362,0.0,0.0,0.0
2021-07-27 00:00:00+01:00,11.074999809265137,11.074999809265137,10.949999809265137,10.952500343322754,81629,0.0,0.0,0.0
2021-07-28 00:00:00+01:00,10.970000267028809,11.024999618530273,10.970000267028809,11.0,41301,0.0,0.0,0.0
2021-07-29 00:00:00+01:00,11.0600004196167,11.0649995803833,11.015000343322754,11.045000076293945,7145,0.0,0.0,0.0
2021-07-30 00:00:00+01:00,10.930000305175781,11.050000190734863,10.930000305175781,11.010000228881836,75863,0.0,0.0,0.0
2021-08-02 00:00:00+01:00,11.069999694824219,11.130000114440918,11.045000076293945,11.0600004196167,75201,0.0,0.0,0.0
2021-08-03 00:00:00+01:00,11.029999732971191,11.03499984741211,10.979999542236328,11.015000343322754,31729,0.0,0.0,0.0
2021-08-04 00:00:00+01:00,11.135000228881836,11.135000228881836,11.0600004196167,11.0625,514035,0.0,0.0,0.0
2021-08-05 00:00:00+01:00,11.085000038146973,11.119999885559082,11.079999923706055,11.114999771118164,114572,0.0,0.0,0.0
2021-08-06 00:00:00+01:00,11.125,11.164999961853027,11.125,11.135000228881836,1444689,0.0,0.0,0.0
2021-08-09 00:00:00+01:00,11.140000343322754,11.15999984741211,11.109999656677246,11.125,127963,0.0,0.0,0.0
2021-08-10 00:00:00+01:00,11.125,11.180000305175781,11.109999656677246,11.135000228881836,70109,0.0,0.0,0.0
2021-08-11 00:00:00+01:00,11.145000457763672,11.164999961853027,11.119999885559082,11.135000228881836,137614,0.0,0.0,0.0
2021-08-12 00:00:00+01:00,11.135000228881836,11.1850004196167,11.119999885559082,11.135000228881836,73006,0.0,0.0,0.0
2021-08-13 00:00:00+01:00,11.135000228881836,11.180000305175781,11.135000228881836,11.1850004196167,173948,0.0,0.0,0.0
2021-08-16 00:00:00+01:00,11.109999656677246,11.194999694824219,11.109999656677246,11.199999809265137,22780,0.0,0.0,0.0
2021-08-17 00:00:00+01:00,11.244999885559082,11.265000343322754,11.175000190734863,11.180000305175781,190466,0.0,0.0,0.0
2021-08-18 00:00:00+01:00,11.204999923706055,11.204999923706055,11.140000343322754,11.145000457763672,30598,0.0,0.0,0.0
2021-08-19 00:00:00+01:00,11.024999618530273,11.095000267028809,10.930000305175781,11.085000038146973,330489,0.0,0.0,0.0
2021-08-20 00:00:00+01:00,11.045000076293945,11.1850004196167,11.039999961853027,11.167499542236328,198483,0.0,0.0,0.0
2021-08-23 00:00:00+01:00,11.234999656677246,11.300000190734863,11.199999809265137,11.295000076293945,102150,0.0,0.0,0.0
2021-08-24 00:00:00+01:00,11.28499984741211,11.300000190734863,11.265000343322754,11.274999618530273,332194,0.0,0.0,0.0
2021-08-25 00:00:00+01:00,11.265000343322754,11.295000076293945,11.260000228881836,11.297499656677246,95242,0.0,0.0,0.0
2021-08-26 00:00:00+01:00,11.244999885559082,11.300000190734863,11.22249984741211,11.234999656677246,36217,0.0,0.0,0.0
2021-08-27 00:00:00+01:00,11.255000114440918,11.3100004196167,11.244999885559082,11.292499542236328,55189,0.0,0.0,0.0
2021-08-31 00:00:00+01:00,11.425000190734863,11.425000190734863,11.335000038146973,11.34749984741211,316322,0.0,0.0,0.0
2021-09-01 00:00:00+01:00,11.404999732971191,11.404999732971191,11.324999809265137,11.335000038146973,39388,0.0,0.0,0.0
2021-09-02 00:00:00+01:00,11.319999694824219,11.354999542236328,11.319999694824219,11.34000015258789,51272,0.0,0.0,0.0
2021-09-03 00:00:00+01:00,11.364999771118164,11.385000228881836,11.3100004196167,11.350000381469727,132312,0.0,0.0,0.0
2021-09-06 00:00:00+01:00,11.354999542236328,11.380000114440918,11.350000381469727,11.3725004196167,34753,0.0,0.0,0.0
2021-09-07 00:00:00+01:00,11.354999542236328,11.354999542236328,11.25,11.255000114440918,45079,0.0,0.0,0.0
2021-09-08 00:00:00+01:00,11.229999542236328,11.255000114440918,11.194999694824219,11.22249984741211,19629,0.0,0.0,0.0
2021-09-09 00:00:00+01:00,11.204999923706055,11.279999732971191,11.204999923706055,11.234999656677246,141020,0.0,0.0,0.0
2021-09-10 00:00:00+01:00,11.229999542236328,11.255000114440918,11.180000305175781,11.172499656677246,66597,0.0,0.0,0.0
2021-09-13 00:00:00+01:00,11.180000305175781,11.194999694824219,11.180000305175781,11.1850004196167,5532,0.0,0.0,0.0
2021-09-14 00:00:00+01:00,11.0649995803833,11.16349983215332,11.0649995803833,11.107500076293945,34561,0.0,0.0,0.0
2021-09-15 00:00:00+01:00,11.119999885559082,11.119999885559082,11.075699806213379,11.095000267028809,18685,0.0,0.0,0.0
2021-09-16 00:00:00+01:00,11.145000457763672,11.149999618530273,11.100000381469727,11.079999923706055,4693,0.0,0.0,0.0
2021-09-17 00:00:00+01:00,11.119999885559082,11.119999885559082,11.020000457763672,11.020000457763672,114404,0.0,0.0,0.0
2021-09-20 00:00:00+01:00,10.869999885559082,10.9350004196167,10.8100004196167,10.850000381469727,208576,0.0,0.0,0.0
2021-09-21 00:00:00+01:00,10.9350004196167,10.9399995803833,10.8100004196167,10.842499732971191,262020,0.0,0.0,0.0
2021-09-22 00:00:00+01:00,10.864999771118164,10.914999961853027,10.850000381469727,10.904999732971191,1670457,0.0,0.0,0.0
2021-09-23 00:00:00+01:00,10.949999809265137,11.029999732971191,10.9399995803833,11.017499923706055,98389,0.0,0.0,0.0
2021-09-24 00:00:00+01:00,10.920000076293945,10.994999885559082,10.920000076293945,10.96500015258789,61066,0.0,0.0,0.0
2021-09-27 00:00:00+01:00,11.03499984741211,11.045000076293945,10.96500015258789,10.947500228881836,16973,0.0,0.0,0.0
2021-09-28 00:00:00+01:00,10.930000305175781,10.930000305175781,10.71500015258789,10.720000267028809,268545,0.0,0.0,0.0
2021-09-29 00:00:00+01:00,10.720000267028809,10.795000076293945,10.720000267028809,10.755000114440918,156560,0.0,0.0,0.0
2021-09-30 00:00:00+01:00,10.859999656677246,10.859999656677246,10.639699935913086,10.734999656677246,114767,0.0,0.0,0.0
2021-10-01 00:00:00+01:00,10.53499984741211,10.645000457763672,10.53499984741211,10.619999885559082,77482,0.0,0.0,0.0
2021-10-04 00:00:00+01:00,10.675000190734863,10.699999809265137,10.5,10.520000457763672,209530,0.0,0.0,0.0
2021-10-05 00:00:00+01:00,10.5649995803833,10.704999923706055,10.529999732971191,10.692500114440918,32096,0.0,0.0,0.0
2021-10-06 00:00:00+01:00,10.625,10.625,10.524999618530273,10.569999694824219,99931,0.0,0.0,0.0
2021-10-07 00:00:00+01:00,10.770000457763672,10.869999885559082,10.739999771118164,10.854999542236328,89725,0.0,0.0,0.0
2021-10-08 00:00:00+01:00,10.795000076293945,10.819999694824219,10.779999732971191,10.795000076293945,130038,0.0,0.0,0.0
2021-10-11 00:00:00+01:00,10.760000228881836,10.84000015258789,10.739999771118164,10.824999809265137,27343,0.0,0.0,0.0
2021-10-12 00:00:00+01:00,10.640000343322754,10.744999885559082,10.640000343322754,10.710000038146973,23279,0.0,0.0,0.0
2021-10-13 00:00:00+01:00,10.664999961853027,10.720000267028809,10.649999618530273,10.702500343322754,76497,0.0,0.0,0.0
2021-10-14 00:00:00+01:00,10.8149995803833,10.930000305175781,10.8149995803833,10.930000305175781,36793,0.0,0.0,0.0
2021-10-15 00:00:00+01:00,11.029999732971191,11.045000076293945,10.994999885559082,11.024999618530273,23014,0.0,0.0,0.0
2021-10-18 00:00:00+01:00,11.029999732971191,11.0649995803833,10.984999656677246,11.0649995803833,120657,0.0,0.0,0.0
2021-10-19 00:00:00+01:00,11.095000267028809,11.175000190734863,11.095000267028809,11.170000076293945,99465,0.0,0.0,0.0
2021-10-20 00:00:00+01:00,11.180000305175781,11.234999656677246,11.175000190734863,11.217499732971191,380966,0.0,0.0,0.0
2021-10-21 00:00:00+01:00,11.199999809265137,11.234999656677246,11.180000305175781,11.210000038146973,67410,0.0,0.0,0.0
2021-10-22 00:00:00+01:00,11.194999694824219,11.300000190734863,11.194999694824219,11.244999885559082,140693,0.0,0.0,0.0
2021-10-25 00:00:00+01:00,11.279999732971191,11.319999694824219,11.274999618530273,11.327500343322754,17101,0.0,0.0,0.0
2021-10-26 00:00:00+01:00,11.345000267028809,11.40999984741211,11.329999923706055,11.362500190734863,95552,0.0,0.0,0.0
2021-10-27 00:00:00+01:00,11.335000038146973,11.335000038146973,11.270000457763672,11.274999618530273,885304,0.0,0.0,0.0
2021-10-28 00:00:00+01:00,11.210000038146973,11.319999694824219,11.210000038146973,11.3100004196167,34867,0.0,0.0,0.0
2021-10-29 00:00:00+01:00,11.260000228881836,11.421899795532227,11.260000228881836,11.390000343322754,52774,0.0,0.0,0.0
2021-11-01 00:00:00+00:00,11.470000267028809,11.475000381469727,11.385000228881836,11.395000457763672,30651,0.0,0.0,0.0
2021-11-02 00:00:00+00:00,11.420000076293945,11.470000267028809,11.385000228881836,11.454999923706055,469226,0.0,0.0,0.0
2021-11-03 00:00:00+00:00,11.40999984741211,11.46500015258789,11.40999984741211,11.444999694824219,39959,0.0,0.0,0.0
2021-11-04 00:00:00+00:00,11.515000343322754,11.619999885559082,11.510000228881836,11.604999542236328,47714,0.0,0.0,0.0
2021-11-05 00:00:00+00:00,11.670000076293945,11.704999923706055,11.625,11.6850004196167,41558,0.0,0.0,0.0
2021-11-08 00:00:00+00:00,11.65999984741211,11.6850004196167,11.630000114440918,11.649999618530273,22662,0.0,0.0,0.0
2021-11-09 00:00:00+00:00,11.635000228881836,11.6899995803833,11.635000228881836,11.647500038146973,100190,0.0,0.0,0.0
2021-11-10 00:00:00+00:00,11.604999542236328,11.654999732971191,11.604999542236328,11.625,130555,0.0,0.0,0.0
2021-11-11 00:00:00+00:00,11.59000015258789,11.619999885559082,11.574999809265137,11.579999923706055,78432,0.0,0.0,0.0
2021-11-12 00:00:00+00:00,11.579999923706055,11.694999694824219,11.5600004196167,11.692500114440918,53247,0.0,0.0,0.0
2021-11-15 00:00:00+00:00,11.699999809265137,11.7608003616333,11.699999809265137,11.710000038146973,14895,0.0,0.0,0.0
2021-11-16 00:00:00+00:00,11.699999809265137,11.765000343322754,11.680000305175781,11.770000457763672,37219,0.0,0.0,0.0
2021-11-17 00:00:00+00:00,11.765000343322754,11.795000076293945,11.649999618530273,11.675000190734863,45933,0.0,0.0,0.0
2021-11-18 00:00:00+00:00,11.625,11.734999656677246,11.625,11.640000343322754,14004,0.0,0.0,0.0
2021-11-19 00:00:00+00:00,11.65999984741211,11.75,11.643400192260742,11.734999656677246,54708,0.0,0.0,0.0
2021-11-22 00:00:00+00:00,11.675000190734863,11.78499984741211,11.675000190734863,11.725000381469727,147163,0.0,0.0,0.0
2021-11-23 00:00:00+00:00,11.524999618530273,11.625,11.520000457763672,11.569999694824219,171238,0.0,0.0,0.0
2021-11-24 00:00:00+00:00,11.604999542236328,11.645000457763672,11.4350004196167,11.609999656677246,246874,0.0,0.0,0.0
2021-11-25 00:00:00+00:00,11.6899995803833,11.710000038146973,11.670000076293945,11.6875,360849,0.0,0.0,0.0
2021-11-26 00:00:00+00:00,11.5600004196167,11.5600004196167,11.404999732971191,11.4375,76270,0.0,0.0,0.0
2021-11-29 00:00:00+00:00,11.494999885559082,11.539999961853027,11.444999694824219,11.53499984741211,66655,0.0,0.0,0.0
2021-11-30 00:00:00+00:00,11.454999923706055,11.520000457763672,11.385000228881836,11.40999984741211,153327,0.0,0.0,0.0
2021-12-01 00:00:00+00:00,11.295000076293945,11.524999618530273,11.295000076293945,11.507499694824219,55289,0.0,0.0,0.0
2021-12-02 00:00:00+00:00,11.300000190734863,11.324999809265137,11.199999809265137,11.3125,128833,0.0,0.0,0.0
2021-12-03 00:00:00+00:00,11.420000076293945,11.425000190734863,11.15999984741211,11.229999542236328,1433006,0.0,0.0,0.0
2021-12-06 00:00:00+00:00,11.28499984741211,11.295000076293945,11.229999542236328,11.272500038146973,89898,0.0,0.0,0.0
2021-12-07 00:00:00+00:00,11.430000305175781,11.604999542236328,11.430000305175781,11.59749984741211,89299,0.0,0.0,0.0
2021-12-08 00:00:00+00:00,11.619999885559082,11.619999885559082,11.539999961853027,11.569999694824219,90325,0.0,0.0,0.0
2021-12-09 00:00:00+00:00,11.585000038146973,11.595000267028809,11.555000305175781,11.59000015258789,37842,0.0,0.0,0.0
2021-12-10 00:00:00+00:00,11.520000457763672,11.579999923706055,11.505000114440918,11.537500381469727,67065,0.0,0.0,0.0
2021-12-13 00:00:00+00:00,11.649999618530273,11.649999618530273,11.515000343322754,11.524999618530273,58796,0.0,0.0,0.0
2021-12-14 00:00:00+00:00,11.539999961853027,11.555000305175781,11.369999885559082,11.369999885559082,49419,0.0,0.0,0.0
2021-12-15 00:00:00+00:00,11.449999809265137,11.454999923706055,11.399999618530273,11.40999984741211,99048,0.0,0.0,0.0
2021-12-16 00:00:00+00:00,11.694999694824219,11.744999885559082,11.619999885559082,11.625,31374,0.0,0.0,0.0
2021-12-17 00:00:00+00:00,11.510000228881836,11.555000305175781,11.40999984741211,11.47249984741211,157523,0.0,0.0,0.0
2021-12-20 00:00:00+00:00,11.260000228881836,11.279999732971191,11.149999618530273,11.157500267028809,154517,0.0,0.0,0.0
2021-12-21 00:00:00+00:00,11.260000228881836,11.350000381469727,11.25,11.3100004196167,134122,0.0,0.0,0.0
2021-12-22 00:00:00+00:00,11.385000228881836,11.529000282287598,11.385000228881836,11.484999656677246,132341,0.0,0.0,0.0
2021-12-23 00:00:00+00:00,11.529999732971191,11.614999771118164,11.529999732971191,11.609999656677246,81324,0.0,0.0,0.0
2021-12-24 00:00:00+00:00,11.645000457763672,11.645000457763672,11.645000457763672,11.6274995803833,4300,0.0,0.0,0.0
2021-12-29 00:00:00+00:00,11.805000305175781,11.850000381469727,11.75,11.77750015258789,73162,0.0,0.0,0.0
2021-12-30 00:00:00+00:00,11.78499984741211,11.835000038146973,11.78499984741211,11.819999694824219,40219,0.0,0.0,0.0
2021-12-31 00:00:00+00:00,11.789999961853027,11.789999961853027,11.744999885559082,11.744999885559082,15832,0.0,0.0,0.0
2022-01-04 00:00:00+00:00,11.75,11.755000114440918,11.65999984741211,11.672499656677246,97866,0.0,0.0,0.0
2022-01-05 00:00:00+00:00,11.6850004196167,11.710000038146973,11.649999618530273,11.657500267028809,91147,0.0,0.0,0.0
2022-01-06 00:00:00+00:00,11.399999618530273,11.449999809265137,11.34000015258789,11.420000076293945,275569,0.0,0.0,0.0
2022-01-07 00:00:00+00:00,11.444999694824219,11.444999694824219,11.289999961853027,11.335000038146973,774817,0.0,0.0,0.0
2022-01-10 00:00:00+00:00,11.354999542236328,11.354999542236328,11.0600004196167,11.130000114440918,370009,0.0,0.0,0.0
2022-01-11 00:00:00+00:00,11.300000190734863,11.319999694824219,11.170000076293945,11.282500267028809,118058,0.0,0.0,0.0
2022-01-12 00:00:00+00:00,11.399999618530273,11.449999809265137,11.354999542236328,11.369999885559082,122438,0.0,0.0,0.0
2022-01-13 00:00:00+00:00,11.380000114440918,11.4350004196167,11.34000015258789,11.380000114440918,64567,0.0,0.0,0.0
2022-01-14 00:00:00+00:00,11.239999771118164,11.239999771118164,11.114999771118164,11.125,199753,0.0,0.0,0.0
2022-01-17 00:00:00+00:00,11.204999923706055,11.234999656677246,11.18120002746582,11.210000038146973,88903,0.0,0.0,0.0
2022-01-18 00:00:00+00:00,11.114999771118164,11.114999771118164,11.0,11.0,2649448,0.0,0.0,0.0
2022-01-19 00:00:00+00:00,10.954999923706055,11.074999809265137,10.9350004196167,10.9975004196167,758207,0.0,0.0,0.0
2022-01-20 00:00:00+00:00,10.9399995803833,11.074999809265137,10.925000190734863,11.057499885559082,147490,0.0,0.0,0.0
2022-01-21 00:00:00+00:00,10.774999618530273,10.829999923706055,10.6850004196167,10.819999694824219,214615,0.0,0.0,0.0
2022-01-24 00:00:00+00:00,10.619999885559082,10.630000114440918,10.3100004196167,10.335000038146973,290111,0.0,0.0,0.0
2022-01-25 00:00:00+00:00,10.515000343322754,10.595000267028809,10.364999771118164,10.462499618530273,64745,0.0,0.0,0.0
2022-01-26 00:00:00+00:00,10.604999542236328,10.680000305175781,10.59000015258789,10.65999984741211,85065,0.0,0.0,0.0
2022-01-27 00:00:00+00:00,10.375,10.645000457763672,10.375,10.555000305175781,120286,0.0,0.0,0.0
2022-01-28 00:00:00+00:00,10.4350004196167,10.524999618530273,10.300000190734863,10.524999618530273,166830,0.0,0.0,0.0
2022-01-31 00:00:00+00:00,10.71500015258789,10.805000305175781,10.649999618530273,10.767499923706055,920351,0.0,0.0,0.0
2022-02-01 00:00:00+00:00,10.899999618530273,10.960000038146973,10.864999771118164,10.907500267028809,101765,0.0,0.0,0.0
2022-02-02 00:00:00+00:00,11.0,11.104999542236328,11.0,11.057499885559082,399808,0.0,0.0,0.0
2022-02-03 00:00:00+00:00,10.984999656677246,10.984999656677246,10.880000114440918,10.899999618530273,56761,0.0,0.0,0.0
2022-02-04 00:00:00+00:00,10.850000381469727,10.914999961853027,10.65999984741211,10.692500114440918,479670,0.0,0.0,0.0
2022-02-07 00:00:00+00:00,10.78499984741211,10.795000076293945,10.734999656677246,10.734999656677246,64174,0.0,0.0,0.0
2022-02-08 00:00:00+00:00,10.699999809265137,10.729999542236328,10.649999618530273,10.739999771118164,58592,0.0,0.0,0.0
2022-02-09 00:00:00+00:00,10.805000305175781,10.949999809265137,10.789999961853027,10.925000190734863,108692,0.0,0.0,0.0
2022-02-10 00:00:00+00:00,10.944999694824219,10.96500015258789,10.789999961853027,10.859999656677246,129885,0.0,0.0,0.0
2022-02-11 00:00:00+00:00,10.675000190734863,10.755000114440918,10.65999984741211,10.675000190734863,328366,0.0,0.0,0.0
2022-02-14 00:00:00+00:00,10.494999885559082,10.514900207519531,10.395000457763672,10.460000038146973,282670,0.0,0.0,0.0
2022-02-15 00:00:00+00:00,10.425000190734863,10.609999656677246,10.425000190734863,10.59749984741211,76504,0.0,0.0,0.0
2022-02-16 00:00:00+00:00,10.5649995803833,10.65999984741211,10.529999732971191,10.572500228881836,497397,0.0,0.0,0.0
2022-02-17 00:00:00+00:00,10.645000457763672,10.645000457763672,10.489999771118164,10.52750015258789,396050,0.0,0.0,0.0
2022-02-18 00:00:00+00:00,10.479999542236328,10.484999656677246,10.359999656677246,10.369999885559082,401655,0.0,0.0,0.0
2022-02-21 00:00:00+00:00,10.4399995803833,10.444999694824219,10.239999771118164,10.244999885559082,138745,0.0,0.0,0.0
2022-02-22 00:00:00+00:00,10.130000114440918,10.354999542236328,10.130000114440918,10.274999618530273,431700,0.0,0.0,0.0
2022-02-23 00:00:00+00:00,10.25,10.305000305175781,10.170000076293945,10.177499771118164,24637,0.0,0.0,0.0
2022-02-24 00:00:00+00:00,9.829999923706055,9.987500190734863,9.78499984741211,9.96875,208736,0.0,0.0,0.0
2022-02-25 00:00:00+00:00,10.140000343322754,10.430000305175781,10.114999771118164,10.422499656677246,149443,0.0,0.0,0.0
2022-02-28 00:00:00+00:00,10.354999542236328,10.494999885559082,10.274999618530273,10.492500305175781,287392,0.0,0.0,0.0
2022-03-01 00:00:00+00:00,10.489999771118164,10.539999961853027,10.385000228881836,10.425000190734863,98754,0.0,0.0,0.0
2022-03-02 00:00:00+00:00,10.359999656677246,10.5,10.34000015258789,10.5,61329,0.0,0.0,0.0
2022-03-03 00:00:00+00:00,10.5,10.550800323486328,10.460000038146973,10.482500076293945,12867,0.0,0.0,0.0
2022-03-04 00:00:00+00:00,10.425000190734863,10.470000267028809,10.28499984741211,10.317500114440918,16336,0.0,0.0,0.0
2022-03-07 00:00:00+00:00,10.210000038146973,10.369999885559082,10.180000305175781,10.257499694824219,601607,0.0,0.0,0.0
2022-03-08 00:00:00+00:00,10.005000114440918,10.145000457763672,10.005000114440918,10.015000343322754,175369,0.0,0.0,0.0
2022-03-09 00:00:00+00:00,10.09000015258789,10.234999656677246,10.09000015258789,10.220000267028809,187095,0.0,0.0,0.0
2022-03-10 00:00:00+00:00,10.21500015258789,10.21500015258789,10.095000267028809,10.087499618530273,64693,0.0,0.0,0.0
2022-03-11 00:00:00+00:00,10.154999732971191,10.354999542236328,10.154999732971191,10.1850004196167,161588,0.0,0.0,0.0
2022-03-14 00:00:00+00:00,10.0649995803833,10.154999732971191,10.020000457763672,10.024999618530273,23009,0.0,0.0,0.0
2022-03-15 00:00:00+00:00,9.917499542236328,10.125,9.899999618530273,10.117500305175781,40019,0.0,0.0,0.0
2022-03-16 00:00:00+00:00,10.265000343322754,10.380000114440918,10.255000114440918,10.350000381469727,181307,0.0,0.0,0.0
2022-03-17 00:00:00+00:00,10.354999542236328,10.430000305175781,10.345000267028809,10.467499732971191,47949,0.0,0.0,0.0
2022-03-18 00:00:00+00:00,10.484999656677246,10.614999771118164,10.454999923706055,10.614999771118164,199362,0.0,0.0,0.0
2022-03-21 00:00:00+00:00,10.664999961853027,10.744999885559082,10.630000114440918,10.692500114440918,58516,0.0,0.0,0.0
2022-03-22 00:00:00+00:00,10.704999923706055,10.8100004196167,10.699999809265137,10.765000343322754,63486,0.0,0.0,0.0
2022-03-23 00:00:00+00:00,10.720000267028809,10.779999732971191,10.704999923706055,10.704999923706055,52026,0.0,0.0,0.0
2022-03-24 00:00:00+00:00,10.604999542236328,10.744999885559082,10.604999542236328,10.71500015258789,104572,0.0,0.0,0.0
2022-03-25 00:00:00+00:00,10.770000457763672,10.84000015258789,10.739999771118164,10.779999732971191,280719,0.0,0.0,0.0
2022-03-28 00:00:00+01:00,10.789999961853027,10.859999656677246,10.789999961853027,10.8125,32793,0.0,0.0,0.0
2022-03-29 00:00:00+01:00,10.925000190734863,11.050000190734863,10.914999961853027,11.029999732971191,52367,0.0,0.0,0.0
2022-03-30 00:00:00+01:00,11.095000267028809,11.095000267028809,11.039999961853027,11.055000305175781,260974,0.0,0.0,0.0
2022-03-31 00:00:00+01:00,11.0649995803833,11.074999809265137,11.0,11.03499984741211,176297,0.0,0.0,0.0
2022-04-01 00:00:00+01:00,10.904999732971191,10.925000190734863,10.845000267028809,10.859999656677246,72668,0.0,0.0,0.0
2022-04-04 00:00:00+01:00,10.899999618530273,10.965620040893555,10.869999885559082,10.97249984741211,71953,0.0,0.0,0.0
2022-04-05 00:00:00+01:00,11.005000114440918,11.005000114440918,10.914999961853027,10.9399995803833,57384,0.0,0.0,0.0
2022-04-06 00:00:00+01:00,10.845000267028809,10.845000267028809,10.6899995803833,10.71500015258789,65836,0.0,0.0,0.0
2022-04-07 00:00:00+01:00,10.760000228881836,10.779999732971191,10.704999923706055,10.694999694824219,108237,0.0,0.0,0.0
2022-04-08 00:00:00+01:00,10.829999923706055,10.84000015258789,10.755000114440918,10.8149995803833,87845,0.0,0.0,0.0
2022-04-11 00:00:00+01:00,10.65999984741211,10.725000381469727,10.604999542236328,10.609999656677246,388563,0.0,0.0,0.0
2022-04-12 00:00:00+01:00,10.539999961853027,10.699999809265137,10.520000457763672,10.6850004196167,234434,0.0,0.0,0.0
2022-04-13 00:00:00+01:00,10.579999923706055,10.619999885559082,10.520000457763672,10.619999885559082,798010,0.0,0.0,0.0
2022-04-14 00:00:00+01:00,10.649999618530273,10.680000305175781,10.595000267028809,10.6274995803833,135738,0.0,0.0,0.0
2022-04-19 00:00:00+01:00,10.524999618530273,10.6850004196167,10.46500015258789,10.682499885559082,71463,0.0,0.0,0.0
2022-04-20 00:00:00+01:00,10.625,10.795000076293945,10.625,10.737500190734863,51065,0.0,0.0,0.0
2022-04-21 00:00:00+01:00,10.755000114440918,10.829999923706055,10.734999656677246,10.737500190734863,78654,0.0,0.0,0.0
2022-04-22 00:00:00+01:00,10.524999618530273,10.53499984741211,10.404999732971191,10.417499542236328,258790,0.0,0.0,0.0
2022-04-25 00:00:00+01:00,10.149999618530273,10.220000267028809,10.130000114440918,10.137499809265137,317817,0.0,0.0,0.0
2022-04-26 00:00:00+01:00,10.3100004196167,10.3149995803833,10.15999984741211,10.175000190734863,37332,0.0,0.0,0.0
2022-04-27 00:00:00+01:00,10.114999771118164,10.164999961853027,10.095000267028809,10.164999961853027,41526,0.0,0.0,0.0
2022-04-28 00:00:00+01:00,10.25,10.25,10.104999542236328,10.180000305175781,44792,0.0,0.0,0.0
2022-04-29 00:00:00+01:00,10.305000305175781,10.34000015258789,10.175000190734863,10.220000267028809,230415,0.0,0.0,0.0
2022-05-03 00:00:00+01:00,10.0649995803833,10.135000228881836,10.020000457763672,10.135000228881836,227050,0.0,0.0,0.0
2022-05-04 00:00:00+01:00,10.125,10.140000343322754,10.024999618530273,10.032500267028809,25843,0.0,0.0,0.0
2022-05-05 00:00:00+01:00,10.345000267028809,10.354999542236328,10.015000343322754,10.037500381469727,119090,0.0,0.0,0.0
2022-05-06 00:00:00+01:00,9.952500343322754,9.987500190734863,9.765000343322754,9.954999923706055,141834,0.0,0.0,0.0
2022-05-09 00:00:00+01:00,9.795000076293945,9.832500457763672,9.6875,9.640000343322754,1649840,0.0,0.0,0.0
2022-05-10 00:00:00+01:00,9.692500114440918,9.77750015258789,9.542499542236328,9.55875015258789,84641,0.0,0.0,0.0
2022-05-11 00:00:00+01:00,9.604999542236328,9.720000267028809,9.494999885559082,9.657500267028809,154782,0.0,0.0,0.0
2022-05-12 00:00:00+01:00,9.392499923706055,9.487500190734863,9.34749984741211,9.481249809265137,27304,0.0,0.0,0.0
2022-05-13 00:00:00+01:00,9.522500038146973,9.720000267028809,9.522500038146973,9.71875,748159,0.0,0.0,0.0
2022-05-16 00:00:00+01:00,9.662500381469727,9.712499618530273,9.619999885559082,9.654999732971191,38043,0.0,0.0,0.0
2022-05-17 00:00:00+01:00,9.739999771118164,9.845000267028809,9.720000267028809,9.792499542236328,125740,0.0,0.0,0.0
2022-05-18 00:00:00+01:00,9.822500228881836,9.84000015258789,9.569999694824219,9.537500381469727,37795,0.0,0.0,0.0
2022-05-19 00:00:00+01:00,9.3774995803833,9.3774995803833,9.2475004196167,9.331250190734863,60910,0.0,0.0,0.0
2022-05-20 00:00:00+01:00,9.367500305175781,9.442500114440918,9.267499923706055,9.28125,113503,0.0,0.0,0.0
2022-05-23 00:00:00+01:00,9.457500457763672,9.515000343322754,9.422499656677246,9.501250267028809,71861,0.0,0.0,0.0
2022-05-24 00:00:00+01:00,9.380000114440918,9.427499771118164,9.257800102233887,9.296250343322754,20403,0.0,0.0,0.0
2022-05-25 00:00:00+01:00,9.487500190734863,9.510000228881836,9.3774995803833,9.492500305175781,258672,0.0,0.0,0.0
2022-05-26 00:00:00+01:00,9.53499984741211,9.702500343322754,9.53499984741211,9.727499961853027,75611,0.0,0.0,0.0
2022-05-27 00:00:00+01:00,9.789999961853027,9.960000038146973,9.75,9.960000038146973,118007,0.0,0.0,0.0
2022-05-30 00:00:00+01:00,10.100000381469727,10.114999771118164,10.0649995803833,10.114999771118164,5537,0.0,0.0,0.0
2022-05-31 00:00:00+01:00,10.015000343322754,10.050000190734863,9.890000343322754,9.926250457763672,167736,0.0,0.0,0.0
2022-06-01 00:00:00+01:00,9.975000381469727,10.010000228881836,9.850000381469727,9.850000381469727,183710,0.0,0.0,0.0
2022-06-06 00:00:00+01:00,10.024999618530273,10.055000305175781,9.970000267028809,9.981249809265137,78357,0.0,0.0,0.0
2022-06-07 00:00:00+01:00,9.887499809265137,9.987500190734863,9.845000267028809,9.946249961853027,51509,0.0,0.0,0.0
2022-06-08 00:00:00+01:00,10.005000114440918,10.050000190734863,9.979999542236328,10.039999961853027,183706,0.0,0.0,0.0
2022-06-09 00:00:00+01:00,9.875,9.960000038146973,9.84000015258789,9.867500305175781,69890,0.0,0.0,0.0
2022-06-10 00:00:00+01:00,9.729999542236328,9.729999542236328,9.414999961853027,9.417499542236328,70722,0.0,0.0,0.0
2022-06-13 00:00:00+01:00,9.225000381469727,9.260000228881836,9.02750015258789,9.074999809265137,40685,0.0,0.0,0.0
2022-06-14 00:00:00+01:00,9.149999618530273,9.149999618530273,8.994999885559082,9.012499809265137,188217,0.0,0.0,0.0
2022-06-15 00:00:00+01:00,9.037500381469727,9.140000343322754,9.037500381469727,9.079999923706055,202861,0.0,0.0,0.0
2022-06-16 00:00:00+01:00,8.987500190734863,9.039999961853027,8.800000190734863,8.84749984741211,78267,0.0,0.0,0.0
2022-06-17 00:00:00+01:00,8.835000038146973,8.895000457763672,8.7475004196167,8.823749542236328,72417,0.0,0.0,0.0
2022-06-20 00:00:00+01:00,8.84749984741211,8.897500038146973,8.837499618530273,8.891249656677246,200000,0.0,0.0,0.0
2022-06-21 00:00:00+01:00,8.914999961853027,9.047499656677246,8.914999961853027,9.022500038146973,392692,0.0,0.0,0.0
2022-06-22 00:00:00+01:00,8.864999771118164,9.03499984741211,8.8149995803833,9.0287504196167,30785,0.0,0.0,0.0
2022-06-23 00:00:00+01:00,9.022500038146973,9.09000015258789,8.9975004196167,9.079999923706055,95379,0.0,0.0,0.0
2022-06-24 00:00:00+01:00,9.175000190734863,9.34749984741211,9.167499542236328,9.332500457763672,28124,0.0,0.0,0.0
2022-06-27 00:00:00+01:00,9.412500381469727,9.46500015258789,9.342499732971191,9.430000305175781,44112,0.0,0.0,0.0
2022-06-28 00:00:00+01:00,9.395000457763672,9.452500343322754,9.267499923706055,9.251250267028809,63500,0.0,0.0,0.0
2022-06-29 00:00:00+01:00,9.125,9.164999961853027,9.082500457763672,9.109999656677246,79634,0.0,0.0,0.0
2022-06-30 00:00:00+01:00,8.9975004196167,9.073829650878906,8.944999694824219,9.068750381469727,64431,0.0,0.0,0.0
2022-07-01 00:00:00+01:00,8.989999771118164,9.087499618530273,8.960000038146973,9.0024995803833,94192,0.0,0.0,0.0
2022-07-04 00:00:00+01:00,9.055000305175781,9.087400436401367,9.055000305175781,9.076250076293945,2641,0.0,0.0,0.0
2022-07-05 00:00:00+01:00,9.1274995803833,9.1274995803833,8.945099830627441,8.961250305175781,58935,0.0,0.0,0.0
2022-07-06 00:00:00+01:00,9.102499961853027,9.1899995803833,9.102499961853027,9.149999618530273,25565,0.0,0.0,0.0
2022-07-07 00:00:00+01:00,9.232500076293945,9.322500228881836,9.229999542236328,9.317500114440918,80888,0.0,0.0,0.0
2022-07-08 00:00:00+01:00,9.359999656677246,9.375,9.297499656677246,9.407500267028809,24559,0.0,0.0,0.0
2022-07-11 00:00:00+01:00,9.265000343322754,9.322500228881836,9.255000114440918,9.28499984741211,39856,0.0,0.0,0.0
2022-07-12 00:00:00+01:00,9.204999923706055,9.319999694824219,9.1899995803833,9.267499923706055,103160,0.0,0.0,0.0
2022-07-13 00:00:00+01:00,9.180000305175781,9.21399974822998,9.02750015258789,9.12125015258789,54937,0.0,0.0,0.0
2022-07-14 00:00:00+01:00,9.042499542236328,9.042499542236328,8.952500343322754,9.03125,32593,0.0,0.0,0.0
2022-07-15 00:00:00+01:00,9.112500190734863,9.260000228881836,9.112500190734863,9.266249656677246,40303,0.0,0.0,0.0
2022-07-18 00:00:00+01:00,9.332500457763672,9.385000228881836,9.332500457763672,9.362500190734863,2056553,0.0,0.0,0.0
2022-07-19 00:00:00+01:00,9.244999885559082,9.414999961853027,9.239999771118164,9.411250114440918,14046,0.0,0.0,0.0
2022-07-20 00:00:00+01:00,9.507499694824219,9.587499618530273,9.444999694824219,9.587499618530273,54770,0.0,0.0,0.0
2022-07-21 00:00:00+01:00,9.539999961853027,9.579999923706055,9.515000343322754,9.567500114440918,181978,0.0,0.0,0.0
2022-07-22 00:00:00+01:00,9.635000228881836,9.644100189208984,9.607500076293945,9.59375,11213,0.0,0.0,0.0
2022-07-25 00:00:00+01:00,9.59000015258789,9.59000015258789,9.489999771118164,9.532500267028809,38289,0.0,0.0,0.0
2022-07-26 00:00:00+01:00,9.492500305175781,9.510000228881836,9.422499656677246,9.412500381469727,98365,0.0,0.0,0.0
2022-07-27 00:00:00+01:00,9.489999771118164,9.5024995803833,9.470000267028809,9.507499694824219,8304,0.0,0.0,0.0
2022-07-28 00:00:00+01:00,9.607500076293945,9.710000038146973,9.567500114440918,9.710000038146973,33260,0.0,0.0,0.0
2022-07-29 00:00:00+01:00,9.817500114440918,9.837499618530273,9.767499923706055,9.774999618530273,60215,0.0,0.0,0.0
2022-08-01 00:00:00+01:00,9.84749984741211,9.927499771118164,9.84000015258789,9.913749694824219,1470673,0.0,0.0,0.0
2022-08-02 00:00:00+01:00,9.767499923706055,9.84000015258789,9.762499809265137,9.836250305175781,168399,0.0,0.0,0.0
2022-08-03 00:00:00+01:00,9.767499923706055,9.867500305175781,9.767499923706055,9.868749618530273,66436,0.0,0.0,0.0
2022-08-04 00:00:00+01:00,9.835000038146973,9.932499885559082,9.835000038146973,9.90625,128256,0.0,0.0,0.0
2022-08-05 00:00:00+01:00,9.9350004196167,9.952500343322754,9.827500343322754,9.822500228881836,147636,0.0,0.0,0.0
2022-08-08 00:00:00+01:00,9.927499771118164,9.987500190734863,9.927499771118164,9.949999809265137,131504,0.0,0.0,0.0
2022-08-09 00:00:00+01:00,9.96500015258789,9.96500015258789,9.8125,9.827500343322754,236288,0.0,0.0,0.0
2022-08-10 00:00:00+01:00,9.805000305175781,10.039999961853027,9.805000305175781,10.045000076293945,14317,0.0,0.0,0.0
2022-08-11 00:00:00+01:00,10.100000381469727,10.170000076293945,10.0649995803833,10.095000267028809,55785,0.0,0.0,0.0
2022-08-12 00:00:00+01:00,10.055000305175781,10.114999771118164,10.039999961853027,10.112500190734863,45212,0.0,0.0,0.0
2022-08-15 00:00:00+01:00,10.15999984741211,10.199999809265137,10.109999656677246,10.170000076293945,201416,0.0,0.0,0.0
2022-08-16 00:00:00+01:00,10.265000343322754,10.265000343322754,10.210000038146973,10.229999542236328,19141,0.0,0.0,0.0
2022-08-17 00:00:00+01:00,10.1899995803833,10.265000343322754,10.135000228881836,10.154999732971191,130926,0.0,0.0,0.0
2022-08-18 00:00:00+01:00,10.119999885559082,10.204999923706055,10.114999771118164,10.204999923706055,10520,0.0,0.0,0.0
2022-08-19 00:00:00+01:00,10.149999618530273,10.15999984741211,10.055000305175781,10.0600004196167,109776,0.0,0.0,0.0
2022-08-22 00:00:00+01:00,9.987500190734863,10.005000114440918,9.87660026550293,9.881250381469727,21063,0.0,0.0,0.0
2022-08-23 00:00:00+01:00,9.800000190734863,9.880000114440918,9.800000190734863,9.842499732971191,28564,0.0,0.0,0.0
2022-08-24 00:00:00+01:00,9.757499694824219,9.845000267028809,9.757499694824219,9.8725004196167,13932,0.0,0.0,0.0
2022-08-25 00:00:00+01:00,9.952500343322754,9.970000267028809,9.864999771118164,9.917499542236328,224214,0.0,0.0,0.0
2022-08-26 00:00:00+01:00,9.952500343322754,10.015000343322754,9.772500038146973,9.792499542236328,9635,0.0,0.0,0.0
2022-08-30 00:00:00+01:00,9.59749984741211,9.654999732971191,9.4375,9.46500015258789,100066,0.0,0.0,0.0
2022-08-31 00:00:00+01:00,9.5,9.547499656677246,9.383899688720703,9.430000305175781,327672,0.0,0.0,0.0
2022-09-01 00:00:00+01:00,9.279999732971191,9.357500076293945,9.25,9.279999732971191,30827,0.0,0.0,0.0
2022-09-02 00:00:00+01:00,9.427499771118164,9.5,9.399999618530273,9.505000114440918,226112,0.0,0.0,0.0
2022-09-05 00:00:00+01:00,9.324999809265137,9.337499618530273,9.292499542236328,9.323749542236328,19560,0.0,0.0,0.0
2022-09-06 00:00:00+01:00,9.332500457763672,9.382499694824219,9.239999771118164,9.364999771118164,97737,0.0,0.0,0.0
2022-09-07 00:00:00+01:00,9.267499923706055,9.359999656677246,9.267499923706055,9.352499961853027,6804,0.0,0.0,0.0
2022-09-08 00:00:00+01:00,9.467499732971191,9.52750015258789,9.40999984741211,9.517499923706055,55338,0.0,0.0,0.0
2022-09-09 00:00:00+01:00,9.537500381469727,9.683699607849121,9.537500381469727,9.673749923706055,310176,0.0,0.0,0.0
2022-09-12 00:00:00+01:00,9.72249984741211,9.795000076293945,9.72249984741211,9.78499984741211,175210,0.0,0.0,0.0
2022-09-13 00:00:00+01:00,9.850000381469727,9.850000381469727,9.444999694824219,9.443750381469727,381945,0.0,0.0,0.0
2022-09-14 00:00:00+01:00,9.34000015258789,9.3774995803833,9.3149995803833,9.328749656677246,50416,0.0,0.0,0.0
2022-09-15 00:00:00+01:00,9.337499618530273,9.350000381469727,9.21500015258789,9.238750457763672,47247,0.0,0.0,0.0
2022-09-16 00:00:00+01:00,9.107500076293945,9.1274995803833,9.069999694824219,9.092499732971191,139938,0.0,0.0,0.0
2022-09-20 00:00:00+01:00,9.255000114440918,9.255000114440918,9.055000305175781,9.06624984741211,329977,0.0,0.0,0.0
2022-09-21 00:00:00+01:00,9.032500267028809,9.130000114440918,9.032500267028809,9.111249923706055,94244,0.0,0.0,0.0
2022-09-22 00:00:00+01:00,8.845000267028809,8.957500457763672,8.8100004196167,8.823749542236328,176751,0.0,0.0,0.0
2022-09-23 00:00:00+01:00,8.800000190734863,8.800000190734863,8.682499885559082,8.6875,38738,0.0,0.0,0.0
2022-09-26 00:00:00+01:00,8.579999923706055,8.725000381469727,8.579999923706055,8.640000343322754,11034,0.0,0.0,0.0
2022-09-27 00:00:00+01:00,8.729999542236328,8.732500076293945,8.662500381469727,8.62874984741211,1239863,0.0,0.0,0.0
2022-09-28 00:00:00+01:00,8.507499694824219,8.720000267028809,8.5024995803833,8.7162504196167,18401,0.0,0.0,0.0
2022-09-29 00:00:00+01:00,8.682499885559082,8.729999542236328,8.579999923706055,8.611249923706055,15979,0.0,0.0,0.0
2022-09-30 00:00:00+01:00,8.635000228881836,8.654999732971191,8.5649995803833,8.646249771118164,260239,0.0,0.0,0.0
2022-10-03 00:00:00+01:00,8.482500076293945,8.667499542236328,8.447500228881836,8.65999984741211,10598,0.0,0.0,0.0
2022-10-04 00:00:00+01:00,8.7475004196167,8.942500114440918,8.7475004196167,8.938750267028809,28591,0.0,0.0,0.0
2022-10-05 00:00:00+01:00,8.885000228881836,8.892499923706055,8.805000305175781,8.837499618530273,70464,0.0,0.0,0.0
2022-10-06 00:00:00+01:00,8.949999809265137,9.0,8.882499694824219,8.952500343322754,53957,0.0,0.0,0.0
2022-10-07 00:00:00+01:00,8.845000267028809,8.8774995803833,8.682499885559082,8.694999694824219,64589,0.0,0.0,0.0
2022-10-10 00:00:00+01:00,8.614999771118164,8.672499656677246,8.550000190734863,8.5600004196167,108219,0.0,0.0,0.0
2022-10-11 00:00:00+01:00,8.492500305175781,8.567500114440918,8.475000381469727,8.552499771118164,178150,0.0,0.0,0.0
2022-10-12 00:00:00+01:00,8.572500228881836,8.609999656677246,8.517499923706055,8.537500381469727,185030,0.0,0.0,0.0
2022-10-13 00:00:00+01:00,8.5024995803833,8.609999656677246,8.297499656677246,8.609999656677246,18494,0.0,0.0,0.0
2022-10-14 00:00:00+01:00,8.720000267028809,8.75,8.5600004196167,8.567500114440918,29880,0.0,0.0,0.0
2022-10-17 00:00:00+01:00,8.532500267028809,8.697500228881836,8.5024995803833,8.672499656677246,109292,0.0,0.0,0.0
2022-10-18 00:00:00+01:00,8.802499771118164,8.869999885559082,8.707500457763672,8.71875,110222,0.0,0.0,0.0
2022-10-19 00:00:00+01:00,8.767499923706055,8.824999809265137,8.6875,8.728750228881836,191219,0.0,0.0,0.0
2022-10-20 00:00:00+01:00,8.647500038146973,8.8125,8.647500038146973,8.767499923706055,122650,0.0,0.0,0.0
2022-10-21 00:00:00+01:00,8.602499961853027,8.677499771118164,8.555000305175781,8.69124984741211,124355,0.0,0.0,0.0
2022-10-24 00:00:00+01:00,8.8149995803833,8.942500114440918,8.8100004196167,8.922499656677246,124094,0.0,0.0,0.0
2022-10-25 00:00:00+01:00,8.962499618530273,9.102499961853027,8.930000305175781,9.101249694824219,34647,0.0,0.0,0.0
2022-10-26 00:00:00+01:00,9.09749984741211,9.242500305175781,9.092499732971191,9.24625015258789,144637,0.0,0.0,0.0
2022-10-27 00:00:00+01:00,9.1225004196167,9.162500381469727,9.067500114440918,9.101249694824219,61262,0.0,0.0,0.0
2022-10-28 00:00:00+01:00,9.032500267028809,9.164999961853027,8.96500015258789,9.161250114440918,159443,0.0,0.0,0.0
2022-10-31 00:00:00+00:00,9.225000381469727,9.239999771118164,9.172499656677246,9.182499885559082,161135,0.0,0.0,0.0
2022-11-01 00:00:00+00:00,9.199999809265137,9.260000228881836,9.117500305175781,9.143750190734863,273546,0.0,0.0,0.0
2022-11-02 00:00:00+00:00,9.1850004196167,9.1850004196167,9.074999809265137,9.069999694824219,44555,0.0,0.0,0.0
2022-11-03 00:00:00+00:00,8.90250015258789,8.930000305175781,8.762499809265137,8.868749618530273,67693,0.0,0.0,0.0
2022-11-04 00:00:00+00:00,8.84000015258789,8.996500015258789,8.84000015258789,8.8774995803833,821098,0.0,0.0,0.0
2022-11-07 00:00:00+00:00,8.914999961853027,9.032500267028809,8.914999961853027,9.015000343322754,112560,0.0,0.0,0.0
2022-11-08 00:00:00+00:00,9.045000076293945,9.194999694824219,9.045000076293945,9.19124984741211,39159,0.0,0.0,0.0
2022-11-09 00:00:00+00:00,9.117500305175781,9.137499809265137,9.03499984741211,9.061249732971191,25154,0.0,0.0,0.0
2022-11-10 00:00:00+00:00,8.944999694824219,9.392499923706055,8.942500114440918,9.392499923706055,2642580,0.0,0.0,0.0
2022-11-11 00:00:00+00:00,9.557499885559082,9.619999885559082,9.522500038146973,9.545000076293945,16840,0.0,0.0,0.0
2022-11-14 00:00:00+00:00,9.595000267028809,9.675000190734863,9.595000267028809,9.613750457763672,41931,0.0,0.0,0.0
2022-11-15 00:00:00+00:00,9.637499809265137,9.789999961853027,9.607500076293945,9.706250190734863,44475,0.0,0.0,0.0
2022-11-16 00:00:00+00:00,9.672499656677246,9.680000305175781,9.547499656677246,9.568750381469727,188758,0.0,0.0,0.0
2022-11-17 00:00:00+00:00,9.569999694824219,9.592499732971191,9.399999618530273,9.428750038146973,64342,0.0,0.0,0.0
2022-11-18 00:00:00+00:00,9.507499694824219,9.612500190734863,9.5024995803833,9.5337495803833,766960,0.0,0.0,0.0
2022-11-21 00:00:00+00:00,9.524999618530273,9.524999618530273,9.47249984741211,9.486249923706055,10979,0.0,0.0,0.0
2022-11-22 00:00:00+00:00,9.4975004196167,9.592499732971191,9.477499961853027,9.586250305175781,20525,0.0,0.0,0.0
2022-11-23 00:00:00+00:00,9.65999984741211,9.717499732971191,9.649999618530273,9.71875,40272,0.0,0.0,0.0
2022-11-24 00:00:00+00:00,9.727499961853027,9.755000114440918,9.727499961853027,9.744999885559082,4828,0.0,0.0,0.0
2022-11-25 00:00:00+00:00,9.704999923706055,9.7475004196167,9.699999809265137,9.702500343322754,32260,0.0,0.0,0.0
2022-11-28 00:00:00+00:00,9.65250015258789,9.662500381469727,9.619999885559082,9.6225004196167,10336,0.0,0.0,0.0
2022-11-29 00:00:00+00:00,9.602499961853027,9.619999885559082,9.517499923706055,9.520000457763672,16032,0.0,0.0,0.0
2022-11-30 00:00:00+00:00,9.5625,9.600000381469727,9.539999961853027,9.56624984741211,288223,0.0,0.0,0.0
2022-12-01 00:00:00+00:00,9.890000343322754,9.914999961853027,9.8125,9.838749885559082,46520,0.0,0.0,0.0
2022-12-02 00:00:00+00:00,9.845000267028809,9.862500190734863,9.699999809265137,9.805000305175781,33606,0.0,0.0,0.0
2022-12-05 00:00:00+00:00,9.805000305175781,9.829999923706055,9.744999885559082,9.7475004196167,18514,0.0,0.0,0.0
2022-12-06 00:00:00+00:00,9.717499732971191,9.72249984741211,9.5649995803833,9.578749656677246,14696,0.0,0.0,0.0
2022-12-07 00:00:00+00:00,9.537500381469727,9.587499618530273,9.479999542236328,9.522500038146973,38040,0.0,0.0,0.0
2022-12-08 00:00:00+00:00,9.550000190734863,9.6225004196167,9.545000076293945,9.607500076293945,30898,0.0,0.0,0.0
2022-12-09 00:00:00+00:00,9.649999618530273,9.649999618530273,9.550000190734863,9.607500076293945,77219,0.0,0.0,0.0
2022-12-12 00:00:00+00:00,9.529999732971191,9.582500457763672,9.475000381469727,9.579999923706055,12219,0.0,0.0,0.0
2022-12-13 00:00:00+00:00,9.6850004196167,10.0,9.672499656677246,9.836250305175781,73067,0.0,0.0,0.0
2022-12-14 00:00:00+00:00,9.744999885559082,9.845000267028809,9.744999885559082,9.851249694824219,21922,0.0,0.0,0.0
2022-12-15 00:00:00+00:00,9.6225004196167,9.642499923706055,9.532500267028809,9.461250305175781,14265,0.0,0.0,0.0
2022-12-16 00:00:00+00:00,9.369999885559082,9.427499771118164,9.34749984741211,9.34000015258789,29332,0.0,0.0,0.0
2022-12-19 00:00:00+00:00,9.40250015258789,9.407500267028809,9.300000190734863,9.3125,137444,0.0,0.0,0.0
2022-12-20 00:00:00+00:00,9.199999809265137,9.300000190734863,9.1899995803833,9.239999771118164,142170,0.0,0.0,0.0
2022-12-21 00:00:00+00:00,9.335000038146973,9.354999542236328,9.3125,9.44124984741211,21898,0.0,0.0,0.0
2022-12-22 00:00:00+00:00,9.452500343322754,9.452500343322754,9.257499694824219,9.258749961853027,8866,0.0,0.0,0.0
2022-12-23 00:00:00+00:00,9.287500381469727,9.305000305175781,9.282500267028809,9.317500114440918,1062,0.0,0.0,0.0
2022-12-28 00:00:00+00:00,9.392499923706055,9.392499923706055,9.2524995803833,9.262499809265137,127242,0.0,0.0,0.0
2022-12-29 00:00:00+00:00,9.220000267028809,9.354999542236328,9.217499732971191,9.34749984741211,9719,0.0,0.0,0.0
2022-12-30 00:00:00+00:00,9.317500114440918,9.317500114440918,9.281999588012695,9.30875015258789,79704,0.0,0.0,0.0
2023-01-03 00:00:00+00:00,9.387499809265137,9.40250015258789,9.288299560546875,9.268750190734863,113197,0.0,0.0,0.0
2023-01-04 00:00:00+00:00,9.317500114440918,9.364999771118164,9.317500114440918,9.351249694824219,17573,0.0,0.0,0.0
2023-01-05 00:00:00+00:00,9.319999694824219,9.367500305175781,9.244999885559082,9.244999885559082,29048,0.0,0.0,0.0
2023-01-06 00:00:00+00:00,9.272500038146973,9.4375,9.242500305175781,9.426250457763672,34551,0.0,0.0,0.0
2023-01-09 00:00:00+00:00,9.505000114440918,9.609999656677246,9.505000114440918,9.6225004196167,113826,0.0,0.0,0.0
2023-01-10 00:00:00+00:00,9.475000381469727,9.515000343322754,9.430000305175781,9.473750114440918,53130,0.0,0.0,0.0
2023-01-11 00:00:00+00:00,9.545000076293945,9.614999771118164,9.545000076293945,9.617500305175781,6165,0.0,0.0,0.0
2023-01-12 00:00:00+00:00,9.692500114440918,9.744999885559082,9.604999542236328,9.686249732971191,33712,0.0,0.0,0.0
2023-01-13 00:00:00+00:00,9.720000267028809,9.739999771118164,9.642499923706055,9.703749656677246,96627,0.0,0.0,0.0
2023-01-16 00:00:00+00:00,9.729999542236328,9.75,9.729999542236328,9.7475004196167,77975,0.0,0.0,0.0
2023-01-17 00:00:00+00:00,9.710000038146973,9.744999885559082,9.710000038146973,9.734999656677246,9845,0.0,0.0,0.0
2023-01-18 00:00:00+00:00,9.729999542236328,9.7524995803833,9.699999809265137,9.6875,145605,0.0,0.0,0.0
2023-01-19 00:00:00+00:00,9.582500457763672,9.625,9.504199981689453,9.507499694824219,101691,0.0,0.0,0.0
2023-01-20 00:00:00+00:00,9.520000457763672,9.582500457763672,9.520000457763672,9.616250038146973,19693,0.0,0.0,0.0
2023-01-23 00:00:00+00:00,9.694999694824219,9.842499732971191,9.694999694824219,9.837499618530273,3977,0.0,0.0,0.0
2023-01-24 00:00:00+00:00,9.845000267028809,9.845000267028809,9.792400360107422,9.827500343322754,77770,0.0,0.0,0.0
2023-01-25 00:00:00+00:00,9.8100004196167,9.822500228881836,9.675000190734863,9.720000267028809,63012,0.0,0.0,0.0
2023-01-26 00:00:00+00:00,9.835000038146973,9.897500038146973,9.8149995803833,9.832500457763672,115936,0.0,0.0,0.0
2023-01-27 00:00:00+00:00,9.899999618530273,9.975000381469727,9.885000228881836,9.925000190734863,8714,0.0,0.0,0.0
2023-01-30 00:00:00+00:00,9.892499923706055,9.9350004196167,9.850000381469727,9.893750190734863,137494,0.0,0.0,0.0
2023-01-31 00:00:00+00:00,9.789999961853027,9.90250015258789,9.789999961853027,9.892499923706055,255839,0.0,0.0,0.0
2023-02-01 00:00:00+00:00,9.949999809265137,9.949999809265137,9.90999984741211,9.93375015258789,30571,0.0,0.0,0.0
2023-02-02 00:00:00+00:00,10.145000457763672,10.3149995803833,10.140000343322754,10.307499885559082,20217,0.0,0.0,0.0
2023-02-03 00:00:00+00:00,10.265000343322754,10.300000190734863,10.1899995803833,10.300000190734863,99030,0.0,0.0,0.0
2023-02-06 00:00:00+00:00,10.135000228881836,10.15999984741211,10.09000015258789,10.140000343322754,205385,0.0,0.0,0.0
2023-02-07 00:00:00+00:00,10.125,10.130000114440918,10.0600004196167,10.092499732971191,13860,0.0,0.0,0.0
2023-02-08 00:00:00+00:00,10.225000381469727,10.225000381469727,10.109999656677246,10.082500457763672,13655,0.0,0.0,0.0
2023-02-09 00:00:00+00:00,10.130000114440918,10.164999961853027,10.085000038146973,10.09000015258789,126509,0.0,0.0,0.0
2023-02-10 00:00:00+00:00,9.984999656677246,9.984999656677246,9.9350004196167,9.96875,216493,0.0,0.0,0.0
2023-02-13 00:00:00+00:00,9.970000267028809,10.100000381469727,9.967499732971191,10.095000267028809,132982,0.0,0.0,0.0
2023-02-14 00:00:00+00:00,10.145000457763672,10.181300163269043,10.039999961853027,10.039999961853027,208127,0.0,0.0,0.0
2023-02-15 00:00:00+00:00,10.0600004196167,10.09000015258789,10.039999961853027,10.074999809265137,486835,0.0,0.0,0.0
2023-02-16 00:00:00+00:00,10.095000267028809,10.135000228881836,9.987500190734863,10.055000305175781,1527926,0.0,0.0,0.0
2023-02-17 00:00:00+00:00,9.9350004196167,9.947500228881836,9.882499694824219,9.890000343322754,148304,0.0,0.0,0.0
2023-02-20 00:00:00+00:00,9.97249984741211,9.979999542236328,9.914999961853027,9.923749923706055,3062,0.0,0.0,0.0
2023-02-21 00:00:00+00:00,9.912500381469727,9.912500381469727,9.78499984741211,9.7787504196167,94442,0.0,0.0,0.0
2023-02-22 00:00:00+00:00,9.767499923706055,9.78499984741211,9.707500457763672,9.755000114440918,273633,0.0,0.0,0.0
2023-02-23 00:00:00+00:00,9.78499984741211,9.84000015258789,9.739999771118164,9.733750343322754,97590,0.0,0.0,0.0
2023-02-24 00:00:00+00:00,9.8125,9.8125,9.635000228881836,9.672499656677246,47578,0.0,0.0,0.0
2023-02-27 00:00:00+00:00,9.712499618530273,9.805000305175781,9.712499618530273,9.736249923706055,128867,0.0,0.0,0.0
2023-02-28 00:00:00+00:00,9.692500114440918,9.757499694824219,9.677499771118164,9.748749732971191,153281,0.0,0.0,0.0
2023-03-01 00:00:00+00:00,9.712499618530273,9.734999656677246,9.642499923706055,9.657500267028809,97592,0.0,0.0,0.0
2023-03-02 00:00:00+00:00,9.600000381469727,9.672499656677246,9.595000267028809,9.654999732971191,12918,0.0,0.0,0.0
2023-03-03 00:00:00+00:00,9.75,9.832500457763672,9.75,9.832500457763672,19573,0.0,0.0,0.0
2023-03-06 00:00:00+00:00,9.922499656677246,9.979999542236328,9.90250015258789,9.970000267028809,114426,0.0,0.0,0.0
2023-03-07 00:00:00+00:00,9.942500114440918,9.960000038146973,9.852499961853027,9.838749885559082,8982,0.0,0.0,0.0
2023-03-08 00:00:00+00:00,9.782500267028809,9.8125,9.770000457763672,9.787500381469727,16090,0.0,0.0,0.0
2023-03-09 00:00:00+00:00,9.817500114440918,9.8774995803833,9.792499542236328,9.833749771118164,44984,0.0,0.0,0.0
2023-03-10 00:00:00+00:00,9.607500076293945,9.692500114440918,9.567500114440918,9.676250457763672,175050,0.0,0.0,0.0
2023-03-13 00:00:00+00:00,9.657500267028809,9.657500267028809,9.395000457763672,9.552499771118164,17964,0.0,0.0,0.0
2023-03-14 00:00:00+00:00,9.520000457763672,9.694999694824219,9.479999542236328,9.65250015258789,198771,0.0,0.0,0.0
2023-03-15 00:00:00+00:00,9.657500267028809,9.65999984741211,9.475000381469727,9.486249923706055,66873,0.0,0.0,0.0
2023-03-16 00:00:00+00:00,9.632499694824219,9.773300170898438,9.537500381469727,9.713749885559082,67039,0.0,0.0,0.0
2023-03-17 00:00:00+00:00,9.779999732971191,9.779999732971191,9.697500228881836,9.723750114440918,36142,0.0,0.0,0.0
2023-03-20 00:00:00+00:00,9.65250015258789,9.800000190734863,9.647500038146973,9.75,279452,0.0,0.0,0.0
2023-03-21 00:00:00+00:00,9.842499732971191,9.904999732971191,9.822500228881836,9.828749656677246,2781595,0.0,0.0,0.0
2023-03-22 00:00:00+00:00,9.875,9.949999809265137,9.875,9.899999618530273,2290855,0.0,0.0,0.0
2023-03-23 00:00:00+00:00,9.832500457763672,9.9375,9.774999618530273,9.90250015258789,633058,0.0,0.0,0.0
2023-03-24 00:00:00+00:00,9.822500228881836,9.827500343322754,9.720000267028809,9.771249771118164,1039409,0.0,0.0,0.0
2023-03-27 00:00:00+01:00,9.912500381469727,9.925000190734863,9.832500457763672,9.848750114440918,178630,0.0,0.0,0.0
2023-03-28 00:00:00+01:00,9.864999771118164,9.864999771118164,9.795000076293945,9.824999809265137,217706,0.0,0.0,0.0
2023-03-29 00:00:00+01:00,9.90250015258789,9.927499771118164,9.90250015258789,9.90625,4982,0.0,0.0,0.0
2023-03-30 00:00:00+01:00,9.97249984741211,10.024999618530273,9.960000038146973,9.9975004196167,677694,0.0,0.0,0.0
2023-03-31 00:00:00+01:00,10.005000114440918,10.079999923706055,10.005000114440918,10.09000015258789,244652,0.0,0.0,0.0
2023-04-03 00:00:00+01:00,10.130000114440918,10.1850004196167,10.125,10.135000228881836,88525,0.0,0.0,0.0
2023-04-04 00:00:00+01:00,10.149999618530273,10.239999771118164,10.130000114440918,10.140000343322754,82114,0.0,0.0,0.0
2023-04-05 00:00:00+01:00,10.130000114440918,10.135000228881836,10.0649995803833,10.085000038146973,404031,0.0,0.0,0.0
2023-04-06 00:00:00+01:00,10.069999694824219,10.104999542236328,10.045000076293945,10.085000038146973,71356,0.0,0.0,0.0
2023-04-11 00:00:00+01:00,10.180000305175781,10.199999809265137,10.145000457763672,10.1850004196167,878344,0.0,0.0,0.0
2023-04-12 00:00:00+01:00,10.170000076293945,10.229999542236328,10.140000343322754,10.164999961853027,21157,0.0,0.0,0.0
2023-04-13 00:00:00+01:00,10.149999618530273,10.1850004196167,10.140000343322754,10.180000305175781,691262,0.0,0.0,0.0
2023-04-14 00:00:00+01:00,10.25,10.300000190734863,10.199999809265137,10.217499732971191,131959,0.0,0.0,0.0
2023-04-17 00:00:00+01:00,10.255000114440918,10.274999618530273,10.212900161743164,10.207500457763672,317431,0.0,0.0,0.0
2023-04-18 00:00:00+01:00,10.279999732971191,10.3100004196167,10.234999656677246,10.255000114440918,38501,0.0,0.0,0.0
2023-04-19 00:00:00+01:00,10.239999771118164,10.239999771118164,10.199999809265137,10.220000267028809,418659,0.0,0.0,0.0
2023-04-20 00:00:00+01:00,10.21500015258789,10.255000114440918,10.164999961853027,10.234999656677246,93022,0.0,0.0,0.0
2023-04-21 00:00:00+01:00,10.229999542236328,10.239999771118164,10.194999694824219,10.212499618530273,207421,0.0,0.0,0.0
2023-04-24 00:00:00+01:00,10.164999961853027,10.239999771118164,10.164999961853027,10.210000038146973,179395,0.0,0.0,0.0
2023-04-25 00:00:00+01:00,10.1899995803833,10.199999809265137,10.170000076293945,10.164999961853027,353052,0.0,0.0,0.0
2023-04-26 00:00:00+01:00,10.074999809265137,10.095000267028809,10.029999732971191,10.069999694824219,132665,0.0,0.0,0.0
2023-04-27 00:00:00+01:00,10.069999694824219,10.149999618530273,10.069999694824219,10.142499923706055,96597,0.0,0.0,0.0
2023-04-28 00:00:00+01:00,10.194999694824219,10.289999961853027,10.194999694824219,10.272500038146973,26738,0.0,0.0,0.0
2023-05-02 00:00:00+01:00,10.354999542236328,10.369999885559082,10.149999618530273,10.147500038146973,105765,0.0,0.0,0.0
2023-05-03 00:00:00+01:00,10.229999542236328,10.255000114440918,10.210000038146973,10.220000267028809,183628,0.0,0.0,0.0
2023-05-04 00:00:00+01:00,10.170000076293945,10.194999694824219,10.020000457763672,10.045000076293945,27454,0.0,0.0,0.0
2023-05-05 00:00:00+01:00,10.074999809265137,10.170000076293945,10.055000305175781,10.164999961853027,80028,0.0,0.0,0.0
2023-05-09 00:00:00+01:00,10.180000305175781,10.199999809265137,10.149999618530273,10.164999961853027,18553,0.0,0.0,0.0
2023-05-10 00:00:00+01:00,10.1899995803833,10.234999656677246,10.140000343322754,10.194999694824219,70859,0.0,0.0,0.0
2023-05-11 00:00:00+01:00,10.225000381469727,10.255000114440918,10.154999732971191,10.1850004196167,166617,0.0,0.0,0.0
2023-05-12 00:00:00+01:00,10.244999885559082,10.270000457763672,10.175000190734863,10.182499885559082,222971,0.0,0.0,0.0
2023-05-15 00:00:00+01:00,10.229999542236328,10.255000114440918,10.180000305175781,10.225000381469727,70672,0.0,0.0,0.0
2023-05-16 00:00:00+01:00,10.225000381469727,10.244999885559082,10.175000190734863,10.199999809265137,89473,0.0,0.0,0.0
2023-05-17 00:00:00+01:00,10.180000305175781,10.225000381469727,10.175000190734863,10.210000038146973,16772,0.0,0.0,0.0
2023-05-18 00:00:00+01:00,10.305000305175781,10.364999771118164,10.265000343322754,10.350000381469727,319985,0.0,0.0,0.0
2023-05-19 00:00:00+01:00,10.40999984741211,10.4350004196167,10.359999656677246,10.359999656677246,1532402,0.0,0.0,0.0
2023-05-22 00:00:00+01:00,10.350000381469727,10.414999961853027,10.350000381469727,10.395000457763672,191188,0.0,0.0,0.0
2023-05-23 00:00:00+01:00,10.395000457763672,10.395000457763672,10.3100004196167,10.342499732971191,58974,0.0,0.0,0.0
2023-05-24 00:00:00+01:00,10.244999885559082,10.25,10.15999984741211,10.180000305175781,647996,0.0,0.0,0.0
2023-05-25 00:00:00+01:00,10.300000190734863,10.375,10.274999618530273,10.34000015258789,863047,0.0,0.0,0.0
2023-05-26 00:00:00+01:00,10.375,10.460000038146973,10.335000038146973,10.444999694824219,577937,0.0,0.0,0.0
2023-05-30 00:00:00+01:00,10.53499984741211,10.579999923706055,10.5,10.515000343322754,64481,0.0,0.0,0.0
2023-05-31 00:00:00+01:00,10.454999923706055,10.484999656677246,10.364999771118164,10.364999771118164,183476,0.0,0.0,0.0
2023-06-01 00:00:00+01:00,10.425000190734863,10.449999809265137,10.390000343322754,10.449999809265137,73195,0.0,0.0,0.0
2023-06-02 00:00:00+01:00,10.5,10.630000114440918,10.5,10.635000228881836,66835,0.0,0.0,0.0
2023-06-05 00:00:00+01:00,10.625,10.649999618530273,10.614999771118164,10.649999618530273,35970,0.0,0.0,0.0
2023-06-06 00:00:00+01:00,10.600000381469727,10.625,10.579999923706055,10.612500190734863,64878,0.0,0.0,0.0
2023-06-07 00:00:00+01:00,10.600000381469727,10.640000343322754,10.595000267028809,10.602499961853027,18895,0.0,0.0,0.0
2023-06-08 00:00:00+01:00,10.5600004196167,10.59000015258789,10.529999732971191,10.582500457763672,50319,0.0,0.0,0.0
2023-06-09 00:00:00+01:00,10.5649995803833,10.65999984741211,10.5649995803833,10.619999885559082,90038,0.0,0.0,0.0
2023-06-12 00:00:00+01:00,10.640000343322754,10.664999961853027,10.625,10.647500038146973,21112,0.0,0.0,0.0
2023-06-13 00:00:00+01:00,10.770000457763672,10.795000076293945,10.744999885559082,10.8100004196167,253091,0.0,0.0,0.0
2023-06-14 00:00:00+01:00,10.795000076293945,10.869999885559082,10.779999732971191,10.862500190734863,23197,0.0,0.0,0.0
2023-06-15 00:00:00+01:00,10.824999809265137,10.930000305175781,10.824999809265137,10.927499771118164,100285,0.0,0.0,0.0
2023-06-16 00:00:00+01:00,10.984999656677246,11.045000076293945,10.979999542236328,11.010000228881836,63115,0.0,0.0,0.0
2023-06-19 00:00:00+01:00,11.010000228881836,11.010000228881836,10.925000190734863,10.932499885559082,40924,0.0,0.0,0.0
2023-06-20 00:00:00+01:00,10.9350004196167,10.944999694824219,10.864999771118164,10.880000114440918,62430,0.0,0.0,0.0
2023-06-21 00:00:00+01:00,10.880000114440918,10.899999618530273,10.854999542236328,10.875,297362,0.0,0.0,0.0
2023-06-22 00:00:00+01:00,10.859999656677246,10.864999771118164,10.835000038146973,10.867500305175781,93261,0.0,0.0,0.0
2023-06-23 00:00:00+01:00,10.854999542236328,10.875,10.805000305175781,10.829999923706055,35866,0.0,0.0,0.0
2023-06-26 00:00:00+01:00,10.854999542236328,10.899999618530273,10.8149995803833,10.8149995803833,135432,0.0,0.0,0.0
2023-06-27 00:00:00+01:00,10.800000190734863,10.845000267028809,10.789999961853027,10.852499961853027,28611,0.0,0.0,0.0
2023-06-28 00:00:00+01:00,10.895000457763672,10.90999984741211,10.869000434875488,10.897500038146973,37213,0.0,0.0,0.0
2023-06-29 00:00:00+01:00,10.890000343322754,10.9399995803833,10.890000343322754,10.9350004196167,18150,0.0,0.0,0.0
2023-06-30 00:00:00+01:00,10.9350004196167,11.069999694824219,10.930000305175781,11.045000076293945,3008613,0.0,0.0,0.0
2023-07-03 00:00:00+01:00,11.0600004196167,11.079999923706055,11.03499984741211,11.042499542236328,29768,0.0,0.0,0.0
2023-07-04 00:00:00+01:00,11.055000305175781,11.0649995803833,11.045000076293945,11.055000305175781,26947,0.0,0.0,0.0
2023-07-05 00:00:00+01:00,11.039999961853027,11.074999809265137,10.994999885559082,11.0649995803833,342715,0.0,0.0,0.0
2023-07-06 00:00:00+01:00,11.074999809265137,11.074999809265137,10.895000457763672,10.892499923706055,101713,0.0,0.0,0.0
2023-07-07 00:00:00+01:00,10.920000076293945,10.947500228881836,10.920000076293945,10.947500228881836,45449,0.0,0.0,0.0
2023-07-10 00:00:00+01:00,10.885000228881836,10.960000038146973,10.859999656677246,10.944999694824219,40999,0.0,0.0,0.0
2023-07-11 00:00:00+01:00,10.994999885559082,11.010000228881836,10.970000267028809,10.989999771118164,330331,0.0,0.0,0.0
2023-07-12 00:00:00+01:00,11.0649995803833,11.175000190734863,11.0649995803833,11.15250015258789,16818,0.0,0.0,0.0
2023-07-13 00:00:00+01:00,11.170000076293945,11.229999542236328,11.170000076293945,11.21500015258789,114460,0.0,0.0,0.0
2023-07-14 00:00:00+01:00,11.244999885559082,11.295000076293945,11.234999656677246,11.289999961853027,7292,0.0,0.0,0.0
2023-07-17 00:00:00+01:00,11.255000114440918,11.305000305175781,11.225000381469727,11.305000305175781,122480,0.0,0.0,0.0
2023-07-18 00:00:00+01:00,11.3149995803833,11.34000015258789,11.3100004196167,11.335000038146973,776629,0.0,0.0,0.0
2023-07-19 00:00:00+01:00,11.375,11.40999984741211,11.369999885559082,11.399999618530273,92559,0.0,0.0,0.0
2023-07-20 00:00:00+01:00,11.359999656677246,11.404999732971191,11.335000038146973,11.354999542236328,474382,0.0,0.0,0.0
2023-07-21 00:00:00+01:00,11.345000267028809,11.375,11.324999809265137,11.364999771118164,227723,0.0,0.0,0.0
2023-07-24 00:00:00+01:00,11.3100004196167,11.380000114440918,11.3100004196167,11.367500305175781,43918,0.0,0.0,0.0
2023-07-25 00:00:00+01:00,11.385000228881836,11.414999961853027,11.359999656677246,11.420000076293945,29903,0.0,0.0,0.0
2023-07-26 00:00:00+01:00,11.520000457763672,11.520000457763672,11.382499694824219,11.395000457763672,13631,0.0,0.0,0.0
2023-07-27 00:00:00+01:00,11.515000343322754,11.550000190734863,11.479999542236328,11.494999885559082,325577,0.0,0.0,0.0
2023-07-28 00:00:00+01:00,11.404999732971191,11.484999656677246,11.404999732971191,11.489999771118164,18984,0.0,0.0,0.0
2023-07-31 00:00:00+01:00,11.484999656677246,11.510000228881836,11.475000381469727,11.482500076293945,46276,0.0,0.0,0.0
2023-08-01 00:00:00+01:00,11.494999885559082,11.494999885559082,11.425000190734863,11.462499618530273,51108,0.0,0.0,0.0
2023-08-02 00:00:00+01:00,11.375,11.4350004196167,11.34000015258789,11.332500457763672,22638,0.0,0.0,0.0
2023-08-03 00:00:00+01:00,11.289999961853027,11.289999961853027,11.243800163269043,11.28499984741211,718103,0.0,0.0,0.0
2023-08-04 00:00:00+01:00,11.289999961853027,11.319999694824219,11.274999618530273,11.324999809265137,7283,0.0,0.0,0.0
2023-08-07 00:00:00+01:00,11.255000114440918,11.295000076293945,11.234999656677246,11.279999732971191,203320,0.0,0.0,0.0
2023-08-08 00:00:00+01:00,11.239999771118164,11.300000190734863,11.21500015258789,11.244999885559082,136860,0.0,0.0,0.0
2023-08-09 00:00:00+01:00,11.34000015258789,11.345000267028809,11.229999542236328,11.229999542236328,47639,0.0,0.0,0.0
2023-08-10 00:00:00+01:00,11.274999618530273,11.350000381469727,11.25,11.292499542236328,161704,0.0,0.0,0.0
2023-08-11 00:00:00+01:00,11.210000038146973,11.222900390625,11.145000457763672,11.164999961853027,117547,0.0,0.0,0.0
2023-08-14 00:00:00+01:00,11.229999542236328,11.260000228881836,11.149999618530273,11.2524995803833,48281,0.0,0.0,0.0
2023-08-15 00:00:00+01:00,11.319999694824219,11.319999694824219,11.199999809265137,11.239999771118164,1647325,0.0,0.0,0.0
2023-08-16 00:00:00+01:00,11.140000343322754,11.244999885559082,11.140000343322754,11.229999542236328,85590,0.0,0.0,0.0
2023-08-17 00:00:00+01:00,11.164999961853027,11.180000305175781,11.134400367736816,11.135000228881836,683249,0.0,0.0,0.0
2023-08-18 00:00:00+01:00,11.125,11.125,10.984999656677246,11.020000457763672,136480,0.0,0.0,0.0
2023-08-21 00:00:00+01:00,11.114999771118164,11.135000228881836,11.050000190734863,11.077500343322754,443962,0.0,0.0,0.0
2023-08-22 00:00:00+01:00,11.199999809265137,11.21500015258789,11.145000457763672,11.167499542236328,8346,0.0,0.0,0.0
2023-08-23 00:00:00+01:00,11.145000457763672,11.21500015258789,11.125,11.21500015258789,104274,0.0,0.0,0.0
2023-08-24 00:00:00+01:00,11.34000015258789,11.363800048828125,11.1850004196167,11.194999694824219,67542,0.0,0.0,0.0
2023-08-25 00:00:00+01:00,11.104999542236328,11.149999618530273,11.045000076293945,11.095000267028809,78131,0.0,0.0,0.0
2023-08-29 00:00:00+01:00,11.229999542236328,11.324999809265137,11.210000038146973,11.324999809265137,102758,0.0,0.0,0.0
2023-08-30 00:00:00+01:00,11.395000457763672,11.449999809265137,11.375,11.4399995803833,152407,0.0,0.0,0.0
2023-08-31 00:00:00+01:00,11.449999809265137,11.494999885559082,11.444999694824219,11.467499732971191,43740,0.0,0.0,0.0
2023-09-01 00:00:00+01:00,11.375,11.509699821472168,11.375,11.444999694824219,38424,0.0,0.0,0.0
2023-09-04 00:00:00+01:00,11.460000038146973,11.483799934387207,11.444999694824219,11.447500228881836,96318,0.0,0.0,0.0
2023-09-05 00:00:00+01:00,11.414999961853027,11.445500373840332,11.404999732971191,11.420000076293945,127439,0.0,0.0,0.0
2023-09-06 00:00:00+01:00,11.369999885559082,11.380000114440918,11.289999961853027,11.300000190734863,201908,0.0,0.0,0.0
2023-09-07 00:00:00+01:00,11.274999618530273,11.274999618530273,11.220000267028809,11.2524995803833,11652,0.0,0.0,0.0
2023-09-08 00:00:00+01:00,11.295000076293945,11.324999809265137,11.260000228881836,11.3149995803833,41668,0.0,0.0,0.0
2023-09-11 00:00:00+01:00,11.324999809265137,11.350000381469727,11.265000343322754,11.279999732971191,81316,0.0,0.0,0.0
2023-09-12 00:00:00+01:00,11.300000190734863,11.305000305175781,11.244999885559082,11.260000228881836,88225,0.0,0.0,0.0
2023-09-13 00:00:00+01:00,11.1850004196167,11.289999961853027,11.1850004196167,11.28499984741211,95462,0.0,0.0,0.0
2023-09-14 00:00:00+01:00,11.289999961853027,11.3149995803833,11.260000228881836,11.3149995803833,69314,0.0,0.0,0.0
2023-09-15 00:00:00+01:00,11.335000038146973,11.369999885559082,11.199999809265137,11.210000038146973,63826,0.0,0.0,0.0
2023-09-18 00:00:00+01:00,11.170000076293945,11.1899995803833,11.140000343322754,11.194999694824219,21729,0.0,0.0,0.0
2023-09-19 00:00:00+01:00,11.204999923706055,11.21500015258789,11.119999885559082,11.1274995803833,98854,0.0,0.0,0.0
2023-09-20 00:00:00+01:00,11.170000076293945,11.220000267028809,11.15999984741211,11.194999694824219,80544,0.0,0.0,0.0
2023-09-21 00:00:00+01:00,11.055000305175781,11.0600004196167,10.920000076293945,10.90999984741211,745551,0.0,0.0,0.0
2023-09-22 00:00:00+01:00,10.864999771118164,10.960000038146973,10.835000038146973,10.954999923706055,449717,0.0,0.0,0.0
2023-09-25 00:00:00+01:00,10.90999984741211,10.914999961853027,10.819999694824219,10.904999732971191,125251,0.0,0.0,0.0
2023-09-26 00:00:00+01:00,10.845000267028809,10.880000114440918,10.795000076293945,10.789999961853027,55687,0.0,0.0,0.0
2023-09-27 00:00:00+01:00,10.795000076293945,10.824999809265137,10.770700454711914,10.795000076293945,180474,0.0,0.0,0.0
2023-09-28 00:00:00+01:00,10.795000076293945,10.880000114440918,10.795000076293945,10.880000114440918,14107,0.0,0.0,0.0
2023-09-29 00:00:00+01:00,10.920000076293945,10.975000381469727,10.876500129699707,10.914999961853027,741999,0.0,0.0,0.0
2023-10-02 00:00:00+01:00,10.904999732971191,10.930000305175781,10.835000038146973,10.890000343322754,4257827,0.0,0.0,0.0
2023-10-03 00:00:00+01:00,10.875,10.89579963684082,10.725000381469727,10.725000381469727,2061812,0.0,0.0,0.0
2023-10-04 00:00:00+01:00,10.65999984741211,10.782999992370605,10.65999984741211,10.78499984741211,92088,0.0,0.0,0.0
2023-10-05 00:00:00+01:00,10.800000190734863,10.829999923706055,10.765000343322754,10.779999732971191,166072,0.0,0.0,0.0
2023-10-06 00:00:00+01:00,10.850000381469727,10.920000076293945,10.729999542236328,10.920000076293945,253251,0.0,0.0,0.0
2023-10-09 00:00:00+01:00,10.875,10.975000381469727,10.875,10.97249984741211,88039,0.0,0.0,0.0
2023-10-10 00:00:00+01:00,11.0649995803833,11.149999618530273,11.055000305175781,11.177499771118164,1399195,0.0,0.0,0.0
2023-10-11 00:00:00+01:00,11.125,11.176300048828125,11.119999885559082,11.140000343322754,106346,0.0,0.0,0.0
2023-10-12 00:00:00+01:00,11.225000381469727,11.260000228881836,11.194999694824219,11.212499618530273,84264,0.0,0.0,0.0
2023-10-13 00:00:00+01:00,11.164999961853027,11.21500015258789,11.104999542236328,11.109999656677246,33248,0.0,0.0,0.0
2023-10-16 00:00:00+01:00,11.130000114440918,11.25,11.109999656677246,11.237500190734863,627339,0.0,0.0,0.0
2023-10-17 00:00:00+01:00,11.1899995803833,11.21500015258789,11.114999771118164,11.1899995803833,1173065,0.0,0.0,0.0
2023-10-18 00:00:00+01:00,11.164999961853027,11.170000076293945,11.109999656677246,11.114999771118164,74438,0.0,0.0,0.0
2023-10-19 00:00:00+01:00,11.029999732971191,11.085000038146973,11.020000457763672,11.039999961853027,827097,0.0,0.0,0.0
2023-10-20 00:00:00+01:00,10.914999961853027,10.960000038146973,10.850000381469727,10.854999542236328,184729,0.0,0.0,0.0
2023-10-23 00:00:00+01:00,10.854999542236328,10.880000114440918,10.75,10.880000114440918,52038,0.0,0.0,0.0
2023-10-24 00:00:00+01:00,10.880000114440918,10.914999961853027,10.854999542236328,10.885000228881836,43916,0.0,0.0,0.0
2023-10-25 00:00:00+01:00,10.845000267028809,10.859999656677246,10.779999732971191,10.8149995803833,72178,0.0,0.0,0.0
2023-10-26 00:00:00+01:00,10.625,10.725000381469727,10.585000038146973,10.600000381469727,271485,0.0,0.0,0.0
2023-10-27 00:00:00+01:00,10.550000190734863,10.595000267028809,10.545000076293945,10.585000038146973,107421,0.0,0.0,0.0
2023-10-30 00:00:00+00:00,10.579999923706055,10.635000228881836,10.5649995803833,10.582500457763672,19635,0.0,0.0,0.0
2023-10-31 00:00:00+00:00,10.609999656677246,10.688599586486816,10.609999656677246,10.654999732971191,97755,0.0,0.0,0.0
2023-11-01 00:00:00+00:00,10.670000076293945,10.760499954223633,10.654199600219727,10.727499961853027,766440,0.0,0.0,0.0
2023-11-02 00:00:00+00:00,10.869999885559082,10.994999885559082,10.84000015258789,10.982500076293945,81632,0.0,0.0,0.0
2023-11-03 00:00:00+00:00,11.005000114440918,11.145000457763672,11.005000114440918,11.145000457763672,54429,0.0,0.0,0.0
2023-11-06 00:00:00+00:00,11.140000343322754,11.149999618530273,11.109999656677246,11.145000457763672,46266,0.0,0.0,0.0
2023-11-07 00:00:00+00:00,11.135000228881836,11.210000038146973,11.104999542236328,11.204999923706055,217275,0.0,0.0,0.0
2023-11-08 00:00:00+00:00,11.199999809265137,11.255000114440918,11.194199562072754,11.210000038146973,253385,0.0,0.0,0.0
2023-11-09 00:00:00+00:00,11.234999656677246,11.28499984741211,11.220000267028809,11.260000228881836,240998,0.0,0.0,0.0
2023-11-10 00:00:00+00:00,11.170000076293945,11.234999656677246,11.149999618530273,11.239999771118164,160536,0.0,0.0,0.0
2023-11-13 00:00:00+00:00,11.3149995803833,11.333800315856934,11.289999961853027,11.335000038146973,15989,0.0,0.0,0.0
2023-11-14 00:00:00+00:00,11.329999923706055,11.539999961853027,11.3149995803833,11.545000076293945,511488,0.0,0.0,0.0
2023-11-15 00:00:00+00:00,11.5600004196167,11.579999923706055,11.509599685668945,11.555000305175781,971830,0.0,0.0,0.0
2023-11-16 00:00:00+00:00,11.515000343322754,11.515000343322754,11.470000267028809,11.457500457763672,53956,0.0,0.0,0.0
2023-11-17 00:00:00+00:00,11.505000114440918,11.545000076293945,11.489999771118164,11.489999771118164,217116,0.0,0.0,0.0
2023-11-20 00:00:00+00:00,11.505000114440918,11.555000305175781,11.505000114440918,11.555000305175781,70782,0.0,0.0,0.0
2023-11-21 00:00:00+00:00,11.614999771118164,11.614999771118164,11.5600004196167,11.5649995803833,45853,0.0,0.0,0.0
2023-11-22 00:00:00+00:00,11.569999694824219,11.65999984741211,11.569999694824219,11.609999656677246,37131,0.0,0.0,0.0
2023-11-23 00:00:00+00:00,11.630000114440918,11.65999984741211,11.625,11.640000343322754,33178,0.0,0.0,0.0
2023-11-24 00:00:00+00:00,11.625,11.640000343322754,11.609999656677246,11.614999771118164,230864,0.0,0.0,0.0
2023-11-27 00:00:00+00:00,11.585000038146973,11.609999656677246,11.579999923706055,11.600000381469727,178450,0.0,0.0,0.0
2023-11-28 00:00:00+00:00,11.550000190734863,11.614999771118164,11.550000190734863,11.614999771118164,152756,0.0,0.0,0.0
2023-11-29 00:00:00+00:00,11.585000038146973,11.645000457763672,11.574999809265137,11.574999809265137,227107,0.0,0.0,0.0
2023-11-30 00:00:00+00:00,11.600000381469727,11.614999771118164,11.545000076293945,11.550000190734863,14682,0.0,0.0,0.0
2023-12-01 00:00:00+00:00,11.614999771118164,11.649999618530273,11.585000038146973,11.649999618530273,19316,0.0,0.0,0.0
2023-12-04 00:00:00+00:00,11.635000228881836,11.649999618530273,11.5600004196167,11.569999694824219,78537,0.0,0.0,0.0
2023-12-05 00:00:00+00:00,11.5649995803833,11.635000228881836,11.5649995803833,11.595000267028809,17723,0.0,0.0,0.0
2023-12-06 00:00:00+00:00,11.640000343322754,11.680000305175781,11.600000381469727,11.600000381469727,115634,0.0,0.0,0.0
2023-12-07 00:00:00+00:00,11.579999923706055,11.645000457763672,11.574999809265137,11.6274995803833,19277,0.0,0.0,0.0
2023-12-08 00:00:00+00:00,11.635000228881836,11.720000267028809,11.600000381469727,11.682499885559082,43876,0.0,0.0,0.0
2023-12-11 00:00:00+00:00,11.720000267028809,11.789999961853027,11.71500015258789,11.770000457763672,148598,0.0,0.0,0.0
2023-12-12 00:00:00+00:00,11.819999694824219,11.875,11.819999694824219,11.859999656677246,98030,0.0,0.0,0.0
2023-12-13 00:00:00+00:00,11.9399995803833,11.944999694824219,11.925000190734863,11.9399995803833,81834,0.0,0.0,0.0
2023-12-14 00:00:00+00:00,12.085000038146973,12.100000381469727,12.038000106811523,12.055000305175781,1232398,0.0,0.0,0.0
2023-12-15 00:00:00+00:00,12.0649995803833,12.085000038146973,12.020000457763672,12.0649995803833,2533085,0.0,0.0,0.0
2023-12-18 00:00:00+00:00,12.074999809265137,12.114999771118164,12.050000190734863,12.114999771118164,285297,0.0,0.0,0.0
2023-12-19 00:00:00+00:00,12.125,12.180000305175781,12.125,12.175000190734863,146620,0.0,0.0,0.0
2023-12-20 00:00:00+00:00,12.180000305175781,12.199999809265137,12.145000457763672,12.194999694824219,22670,0.0,0.0,0.0
2023-12-21 00:00:00+00:00,12.0600004196167,12.104999542236328,12.0600004196167,12.087499618530273,46795,0.0,0.0,0.0
2023-12-22 00:00:00+00:00,12.055000305175781,12.085000038146973,12.055000305175781,12.069999694824219,33515,0.0,0.0,0.0
2023-12-27 00:00:00+00:00,12.15999984741211,12.194999694824219,12.135000228881836,12.154999732971191,3073051,0.0,0.0,0.0
2023-12-28 00:00:00+00:00,12.199999809265137,12.199999809265137,12.180000305175781,12.180000305175781,403377,0.0,0.0,0.0
2023-12-29 00:00:00+00:00,12.210000038146973,12.210000038146973,12.1850004196167,12.1875,11256,0.0,0.0,0.0
2024-01-02 00:00:00+00:00,12.180000305175781,12.199999809265137,12.045000076293945,12.0600004196167,419764,0.0,0.0,0.0
2024-01-03 00:00:00+00:00,12.055000305175781,12.055000305175781,11.982799530029297,12.0,240811,0.0,0.0,0.0
2024-01-04 00:00:00+00:00,12.0,12.024999618530273,11.975000381469727,12.024999618530273,248344,0.0,0.0,0.0
2024-01-05 00:00:00+00:00,11.9350004196167,12.0,11.90999984741211,11.984999656677246,129276,0.0,0.0,0.0
2024-01-08 00:00:00+00:00,11.944999694824219,12.020000457763672,11.930000305175781,12.015000343322754,22587,0.0,0.0,0.0
2024-01-09 00:00:00+00:00,12.114999771118164,12.114999771118164,12.050000190734863,12.100000381469727,265063,0.0,0.0,0.0
2024-01-10 00:00:00+00:00,12.114999771118164,12.154999732971191,12.109999656677246,12.145000457763672,51478,0.0,0.0,0.0
2024-01-11 00:00:00+00:00,12.244999885559082,12.25,12.109999656677246,12.109999656677246,168212,0.0,0.0,0.0
2024-01-12 00:00:00+00:00,12.199999809265137,12.270000457763672,12.175000190734863,12.234999656677246,220170,0.0,0.0,0.0
2024-01-15 00:00:00+00:00,12.234999656677246,12.270000457763672,12.229999542236328,12.25,252240,0.0,0.0,0.0
2024-01-16 00:00:00+00:00,12.194999694824219,12.244999885559082,12.1850004196167,12.234999656677246,40813,0.0,0.0,0.0
2024-01-17 00:00:00+00:00,12.154999732971191,12.170000076293945,12.100000381469727,12.149999618530273,383781,0.0,0.0,0.0
2024-01-18 00:00:00+00:00,12.154999732971191,12.234999656677246,12.154999732971191,12.234999656677246,78980,0.0,0.0,0.0
2024-01-19 00:00:00+00:00,12.3100004196167,12.364999771118164,12.300000190734863,12.354999542236328,129498,0.0,0.0,0.0
2024-01-22 00:00:00+00:00,12.475000381469727,12.515000343322754,12.475000381469727,12.5,96532,0.0,0.0,0.0
2024-01-23 00:00:00+00:00,12.494999885559082,12.510000228881836,12.430000305175781,12.430000305175781,69895,0.0,0.0,0.0
2024-01-24 00:00:00+00:00,12.524999618530273,12.579999923706055,12.505000114440918,12.5649995803833,675787,0.0,0.0,0.0
2024-01-25 00:00:00+00:00,12.505000114440918,12.545000076293945,12.5,12.545000076293945,2471153,0.0,0.0,0.0
2024-01-26 00:00:00+00:00,12.454999923706055,12.53499984741211,12.4350004196167,12.529999732971191,120999,0.0,0.0,0.0
2024-01-29 00:00:00+00:00,12.505000114440918,12.539999961853027,12.489999771118164,12.524999618530273,321866,0.0,0.0,0.0
2024-01-30 00:00:00+00:00,12.585000038146973,12.625,12.579999923706055,12.625,94296,0.0,0.0,0.0
2024-01-31 00:00:00+00:00,12.59000015258789,12.593000411987305,12.489999771118164,12.510000228881836,71552,0.0,0.0,0.0
2024-02-01 00:00:00+00:00,12.46500015258789,12.5,12.4399995803833,12.457500457763672,123908,0.0,0.0,0.0
2024-02-02 00:00:00+00:00,12.649999618530273,12.76990032196045,12.595000267028809,12.710000038146973,347711,0.0,0.0,0.0
2024-02-05 00:00:00+00:00,12.710000038146973,12.75979995727539,12.664999961853027,12.6850004196167,65023,0.0,0.0,0.0
2024-02-06 00:00:00+00:00,12.765000343322754,12.78499984741211,12.710000038146973,12.725000381469727,30757,0.0,0.0,0.0
2024-02-07 00:00:00+00:00,12.739999771118164,12.90999984741211,12.739999771118164,12.885000228881836,163080,0.0,0.0,0.0
2024-02-08 00:00:00+00:00,12.914999961853027,12.948249816894531,12.895000457763672,12.9350004196167,256532,0.0,0.0,0.0
2024-02-09 00:00:00+00:00,12.954999923706055,12.984999656677246,12.9399995803833,12.970000267028809,2493381,0.0,0.0,0.0
2024-02-12 00:00:00+00:00,13.010000228881836,13.079999923706055,13.001250267028809,13.079999923706055,47811,0.0,0.0,0.0
2024-02-13 00:00:00+00:00,13.005000114440918,13.005000114440918,12.8100004196167,12.904999732971191,315538,0.0,0.0,0.0
2024-02-14 00:00:00+00:00,12.895000457763672,12.970000267028809,12.875,12.920000076293945,255512,0.0,0.0,0.0
2024-02-15 00:00:00+00:00,13.015000343322754,13.03499984741211,13.005000114440918,13.010000228881836,304613,0.0,0.0,0.0
2024-02-16 00:00:00+00:00,13.074999809265137,13.119999885559082,13.005000114440918,13.050000190734863,152078,0.0,0.0,0.0
2024-02-19 00:00:00+00:00,12.979999542236328,12.994999885559082,12.970000267028809,12.984999656677246,24842,0.0,0.0,0.0
2024-02-20 00:00:00+00:00,12.930000305175781,12.9350004196167,12.824999809265137,12.84000015258789,73809,0.0,0.0,0.0
2024-02-21 00:00:00+00:00,12.824999809265137,12.859999656677246,12.8100004196167,12.850000381469727,40199,0.0,0.0,0.0
2024-02-22 00:00:00+00:00,13.079999923706055,13.164999961853027,13.069999694824219,13.164999961853027,155322,0.0,0.0,0.0
2024-02-23 00:00:00+00:00,13.225000381469727,13.305000305175781,13.1850004196167,13.239999771118164,243775,0.0,0.0,0.0
2024-02-26 00:00:00+00:00,13.21500015258789,13.255000114440918,13.205809593200684,13.239999771118164,193776,0.0,0.0,0.0
2024-02-27 00:00:00+00:00,13.229999542236328,13.234999656677246,13.1850004196167,13.1850004196167,150261,0.0,0.0,0.0
2024-02-28 00:00:00+00:00,13.204999923706055,13.204999923706055,13.145000457763672,13.180000305175781,113076,0.0,0.0,0.0
2024-02-29 00:00:00+00:00,13.175000190734863,13.244999885559082,13.140000343322754,13.204999923706055,49764,0.0,0.0,0.0
2024-03-01 00:00:00+00:00,13.274999618530273,13.354999542236328,13.21500015258789,13.324999809265137,36607,0.0,0.0,0.0
2024-03-04 00:00:00+00:00,13.399999618530273,13.430000305175781,13.399999618530273,13.399999618530273,96272,0.0,0.0,0.0
2024-03-05 00:00:00+00:00,13.385000228881836,13.395000457763672,13.25,13.274999618530273,114689,0.0,0.0,0.0
2024-03-06 00:00:00+00:00,13.274999618530273,13.380000114440918,13.270999908447266,13.380000114440918,55521,0.0,0.0,0.0
2024-03-07 00:00:00+00:00,13.3100004196167,13.492500305175781,13.289999961853027,13.492500305175781,41993,0.0,0.0,0.0
2024-03-08 00:00:00+00:00,13.494999885559082,13.553000450134277,13.4350004196167,13.4350004196167,257272,0.0,0.0,0.0
2024-03-11 00:00:00+00:00,13.305000305175781,13.34000015258789,13.220000267028809,13.28499984741211,279846,0.0,0.0,0.0
2024-03-12 00:00:00+00:00,13.369999885559082,13.470000267028809,13.335000038146973,13.4375,137446,0.0,0.0,0.0
2024-03-13 00:00:00+00:00,13.449999809265137,13.524999618530273,13.449999809265137,13.475000381469727,172740,0.0,0.0,0.0
2024-03-14 00:00:00+00:00,13.494999885559082,13.545000076293945,13.42175006866455,13.454999923706055,190252,0.0,0.0,0.0
2024-03-15 00:00:00+00:00,13.425000190734863,13.45580005645752,13.3100004196167,13.3149995803833,68249,0.0,0.0,0.0
2024-03-18 00:00:00+00:00,13.34000015258789,13.470000267028809,13.34000015258789,13.4399995803833,95866,0.0,0.0,0.0
2024-03-19 00:00:00+00:00,13.369999885559082,13.430000305175781,13.324999809265137,13.430000305175781,116761,0.0,0.0,0.0
2024-03-20 00:00:00+00:00,13.489999771118164,13.510000228881836,13.475000381469727,13.489999771118164,67796,0.0,0.0,0.0
2024-03-21 00:00:00+00:00,13.720000267028809,13.75,13.662249565124512,13.744999885559082,809609,0.0,0.0,0.0
2024-03-22 00:00:00+00:00,13.65999984741211,13.680000305175781,13.602399826049805,13.614999771118164,129800,0.0,0.0,0.0
2024-03-25 00:00:00+00:00,13.609999656677246,13.625,13.550000190734863,13.579999923706055,232363,0.0,0.0,0.0
2024-03-26 00:00:00+00:00,13.585000038146973,13.614999771118164,13.569999694824219,13.569999694824219,98888,0.0,0.0,0.0
2024-03-27 00:00:00+00:00,13.479999542236328,13.579999923706055,13.479999542236328,13.505000114440918,221763,0.0,0.0,0.0
2024-03-28 00:00:00+00:00,13.555000305175781,13.600000381469727,13.539999961853027,13.569999694824219,34046,0.0,0.0,0.0
2024-04-02 00:00:00+01:00,13.520000457763672,13.574999809265137,13.390000343322754,13.425000190734863,160938,0.0,0.0,0.0
2024-04-03 00:00:00+01:00,13.454999923706055,13.524999618530273,13.425749778747559,13.520000457763672,167316,0.0,0.0,0.0
2024-04-04 00:00:00+01:00,13.510000228881836,13.595000267028809,13.496500015258789,13.550000190734863,263569,0.0,0.0,0.0
2024-04-05 00:00:00+01:00,13.319999694824219,13.425000190734863,13.3100004196167,13.425000190734863,47983,0.0,0.0,0.0
2024-04-08 00:00:00+01:00,13.444999694824219,13.470000267028809,13.40999984741211,13.444999694824219,172107,0.0,0.0,0.0
2024-04-09 00:00:00+01:00,13.444999694824219,13.484999656677246,13.289999961853027,13.329999923706055,145470,0.0,0.0,0.0
2024-04-10 00:00:00+01:00,13.449999809265137,13.465250015258789,13.25,13.3100004196167,61335,0.0,0.0,0.0
2024-04-11 00:00:00+01:00,13.324999809265137,13.350000381469727,13.265000343322754,13.3125,30946,0.0,0.0,0.0
2024-04-12 00:00:00+01:00,13.425000190734863,13.450750350952148,13.279999732971191,13.300000190734863,23161,0.0,0.0,0.0
2024-04-15 00:00:00+01:00,13.300000190734863,13.369999885559082,13.260000228881836,13.289999961853027,165716,0.0,0.0,0.0
2024-04-16 00:00:00+01:00,13.050000190734863,13.123000144958496,13.03499984741211,13.109999656677246,476108,0.0,0.0,0.0
2024-04-17 00:00:00+01:00,13.074999809265137,13.175000190734863,13.029999732971191,13.029999732971191,659214,0.0,0.0,0.0
2024-04-18 00:00:00+01:00,13.069999694824219,13.085000038146973,12.970000267028809,13.074999809265137,67695,0.0,0.0,0.0
2024-04-19 00:00:00+01:00,12.920000076293945,12.975000381469727,12.885000228881836,12.885000228881836,28636,0.0,0.0,0.0
2024-04-22 00:00:00+01:00,12.84000015258789,12.9350004196167,12.779999732971191,12.805000305175781,50463,0.0,0.0,0.0
2024-04-23 00:00:00+01:00,12.890000343322754,13.050000190734863,12.88700008392334,13.050000190734863,87213,0.0,0.0,0.0
2024-04-24 00:00:00+01:00,13.085000038146973,13.113750457763672,13.015000343322754,13.017499923706055,61275,0.0,0.0,0.0
2024-04-25 00:00:00+01:00,12.96500015258789,12.96500015258789,12.835000038146973,12.897500038146973,145170,0.0,0.0,0.0
2024-04-26 00:00:00+01:00,13.085000038146973,13.175000190734863,13.045000076293945,13.145000457763672,114808,0.0,0.0,0.0
2024-04-29 00:00:00+01:00,13.180000305175781,13.180000305175781,13.109999656677246,13.109999656677246,91048,0.0,0.0,0.0
2024-04-30 00:00:00+01:00,13.119999885559082,13.173500061035156,13.079999923706055,13.095000267028809,83551,0.0,0.0,0.0
2024-05-01 00:00:00+01:00,12.970000267028809,13.0,12.90999984741211,12.944999694824219,163468,0.0,0.0,0.0
2024-05-02 00:00:00+01:00,12.979999542236328,13.024999618530273,12.920000076293945,12.954999923706055,59795,0.0,0.0,0.0
2024-05-03 00:00:00+01:00,13.050000190734863,13.164999961853027,13.020000457763672,13.140000343322754,572032,0.0,0.0,0.0
2024-05-07 00:00:00+01:00,13.34000015258789,13.399999618530273,13.335000038146973,13.399999618530273,498174,0.0,0.0,0.0
2024-05-08 00:00:00+01:00,13.380000114440918,13.404999732971191,13.350000381469727,13.385000228881836,77503,0.0,0.0,0.0
2024-05-09 00:00:00+01:00,13.385000228881836,13.414999961853027,13.354999542236328,13.422499656677246,38876,0.0,0.0,0.0
2024-05-10 00:00:00+01:00,13.46500015258789,13.505000114440918,13.449999809265137,13.454999923706055,75931,0.0,0.0,0.0
2024-05-13 00:00:00+01:00,13.505000114440918,13.510000228881836,13.460000038146973,13.470000267028809,22398,0.0,0.0,0.0
2024-05-14 00:00:00+01:00,13.475000381469727,13.484999656677246,13.449999809265137,13.475000381469727,41070,0.0,0.0,0.0
2024-05-15 00:00:00+01:00,13.53499984741211,13.694999694824219,13.520000457763672,13.6899995803833,1030166,0.0,0.0,0.0
2024-05-16 00:00:00+01:00,13.770000457763672,13.789999961853027,13.744999885559082,13.774999618530273,4711732,0.0,0.0,0.0
2024-05-17 00:00:00+01:00,13.710000038146973,13.71500015258789,13.675000190734863,13.675000190734863,1857838,0.0,0.0,0.0
2024-05-20 00:00:00+01:00,13.710000038146973,13.760000228881836,13.694999694824219,13.760000228881836,102152,0.0,0.0,0.0
2024-05-21 00:00:00+01:00,13.755000114440918,13.770000457763672,13.720000267028809,13.729999542236328,126514,0.0,0.0,0.0
2024-05-22 00:00:00+01:00,13.739999771118164,13.75979995727539,13.720000267028809,13.734999656677246,176392,0.0,0.0,0.0
2024-05-23 00:00:00+01:00,13.8149995803833,13.850000381469727,13.75,13.779999732971191,160307,0.0,0.0,0.0
2024-05-24 00:00:00+01:00,13.6899995803833,13.779999732971191,13.6850004196167,13.779999732971191,69709,0.0,0.0,0.0
2024-05-28 00:00:00+01:00,13.800000190734863,13.835000038146973,13.777099609375,13.789999961853027,375306,0.0,0.0,0.0
2024-05-29 00:00:00+01:00,13.774999618530273,13.78499984741211,13.6850004196167,13.704999923706055,118764,0.0,0.0,0.0
2024-05-30 00:00:00+01:00,13.614999771118164,13.680000305175781,13.614999771118164,13.670000076293945,133186,0.0,0.0,0.0
2024-05-31 00:00:00+01:00,13.625,13.6899995803833,13.524999618530273,13.524999618530273,222330,0.0,0.0,0.0
2024-06-03 00:00:00+01:00,13.744999885559082,13.800000190734863,13.65999984741211,13.680000305175781,220221,0.0,0.0,0.0
2024-06-04 00:00:00+01:00,13.680000305175781,13.720000267028809,13.625,13.664999961853027,151976,0.0,0.0,0.0
2024-06-05 00:00:00+01:00,13.774999618530273,13.862500190734863,13.755000114440918,13.862500190734863,198298,0.0,0.0,0.0
2024-06-06 00:00:00+01:00,13.930000305175781,13.954999923706055,13.920000076293945,13.920000076293945,755475,0.0,0.0,0.0
2024-06-07 00:00:00+01:00,13.949999809265137,13.963749885559082,13.875,13.930000305175781,209924,0.0,0.0,0.0
2024-06-10 00:00:00+01:00,13.880000114440918,13.920000076293945,13.864999771118164,13.920000076293945,63030,0.0,0.0,0.0
2024-06-11 00:00:00+01:00,13.984999656677246,13.984999656677246,13.885000228881836,13.944999694824219,106468,0.0,0.0,0.0
2024-06-12 00:00:00+01:00,14.015000343322754,14.194999694824219,14.005000114440918,14.154999732971191,58143,0.0,0.0,0.0
2024-06-13 00:00:00+01:00,14.125,14.154999732971191,14.079999923706055,14.095000267028809,451400,0.0,0.0,0.0
2024-06-14 00:00:00+01:00,14.1850004196167,14.1850004196167,14.085000038146973,14.140000343322754,1343479,0.0,0.0,0.0
2024-06-17 00:00:00+01:00,14.180000305175781,14.204999923706055,14.149999618530273,14.199999809265137,2156563,0.0,0.0,0.0
2024-06-18 00:00:00+01:00,14.300000190734863,14.335000038146973,14.289999961853027,14.324999809265137,2707680,0.0,0.0,0.0
2024-06-19 00:00:00+01:00,14.359999656677246,14.390000343322754,14.34000015258789,14.362500190734863,38991,0.0,0.0,0.0
2024-06-20 00:00:00+01:00,14.414999961853027,14.4350004196167,14.350000381469727,14.362500190734863,124516,0.0,0.0,0.0
2024-06-21 00:00:00+01:00,14.300000190734863,14.3100004196167,14.239999771118164,14.255000114440918,984318,0.0,0.0,0.0
2024-06-24 00:00:00+01:00,14.274999618530273,14.301799774169922,14.234999656677246,14.292499542236328,151492,0.0,0.0,0.0
2024-06-25 00:00:00+01:00,14.225000381469727,14.25,14.199999809265137,14.239999771118164,70040,0.0,0.0,0.0
2024-06-26 00:00:00+01:00,14.279999732971191,14.305000305175781,14.1850004196167,14.199999809265137,191424,0.0,0.0,0.0
2024-06-27 00:00:00+01:00,14.225000381469727,14.270000457763672,14.1899995803833,14.21500015258789,135011,0.0,0.0,0.0
2024-06-28 00:00:00+01:00,14.239999771118164,14.289999961853027,14.204999923706055,14.239999771118164,121733,0.0,0.0,0.0
2024-07-01 00:00:00+01:00,14.1899995803833,14.199999809265137,14.079999923706055,14.100000381469727,29262,0.0,0.0,0.0
2024-07-02 00:00:00+01:00,14.095000267028809,14.145000457763672,14.0600004196167,14.135000228881836,163581,0.0,0.0,0.0
2024-07-03 00:00:00+01:00,14.199999809265137,14.262399673461914,14.1899995803833,14.239999771118164,235242,0.0,0.0,0.0
2024-07-04 00:00:00+01:00,14.270000457763672,14.288249969482422,14.260000228881836,14.260000228881836,48019,0.0,0.0,0.0
2024-07-05 00:00:00+01:00,14.279999732971191,14.324999809265137,14.260000228881836,14.324999809265137,2481551,0.0,0.0,0.0
2024-07-08 00:00:00+01:00,14.34000015258789,14.395000457763672,14.34000015258789,14.34000015258789,39398,0.0,0.0,0.0
2024-07-09 00:00:00+01:00,14.385000228881836,14.395000457763672,14.354999542236328,14.354999542236328,108985,0.0,0.0,0.0
2024-07-10 00:00:00+01:00,14.354999542236328,14.385000228881836,14.350000381469727,14.369999885559082,64734,0.0,0.0,0.0
2024-07-11 00:00:00+01:00,14.46500015258789,14.505000114440918,14.364999771118164,14.364999771118164,244340,0.0,0.0,0.0
2024-07-12 00:00:00+01:00,14.369999885559082,14.5,14.350000381469727,14.494999885559082,4766289,0.0,0.0,0.0
2024-07-15 00:00:00+01:00,14.479999542236328,14.574999809265137,14.473999977111816,14.529999732971191,846412,0.0,0.0,0.0
2024-07-16 00:00:00+01:00,14.5,14.574999809265137,14.460000038146973,14.539999961853027,1092596,0.0,0.0,0.0
2024-07-17 00:00:00+01:00,14.520000457763672,14.520000457763672,14.390000343322754,14.414999961853027,1406392,0.0,0.0,0.0
2024-07-18 00:00:00+01:00,14.425000190734863,14.430000305175781,14.270000457763672,14.274999618530273,2345115,0.0,0.0,0.0
2024-07-19 00:00:00+01:00,14.260000228881836,14.3149995803833,14.180000305175781,14.180000305175781,235054,0.0,0.0,0.0
2024-07-22 00:00:00+01:00,14.1850004196167,14.3149995803833,14.1850004196167,14.234999656677246,75824,0.0,0.0,0.0
2024-07-23 00:00:00+01:00,14.295000076293945,14.350000381469727,14.287249565124512,14.350000381469727,69292,0.0,0.0,0.0
2024-07-24 00:00:00+01:00,14.204999923706055,14.204999923706055,14.045000076293945,14.050000190734863,72862,0.0,0.0,0.0
2024-07-25 00:00:00+01:00,13.994999885559082,14.010000228881836,13.864999771118164,13.970000267028809,604591,0.0,0.0,0.0
2024-07-26 00:00:00+01:00,13.914999961853027,14.039999961853027,13.914999961853027,14.0,405798,0.0,0.0,0.0
2024-07-29 00:00:00+01:00,14.09000015258789,14.129249572753906,13.994999885559082,13.994999885559082,78644,0.0,0.0,0.0
2024-07-30 00:00:00+01:00,14.039999961853027,14.114999771118164,13.960000038146973,13.975000381469727,62230,0.0,0.0,0.0
2024-07-31 00:00:00+01:00,14.0600004196167,14.243599891662598,14.0600004196167,14.234999656677246,348379,0.0,0.0,0.0
2024-08-01 00:00:00+01:00,14.279999732971191,14.385000228881836,14.130000114440918,14.130000114440918,174213,0.0,0.0,0.0
2024-08-02 00:00:00+01:00,13.994999885559082,13.994999885559082,13.760000228881836,13.800000190734863,131146,0.0,0.0,0.0
2024-08-05 00:00:00+01:00,13.645000457763672,13.654999732971191,13.295000076293945,13.574999809265137,456801,0.0,0.0,0.0
2024-08-06 00:00:00+01:00,13.619999885559082,13.77079963684082,13.510000228881836,13.645000457763672,124309,0.0,0.0,0.0
2024-08-07 00:00:00+01:00,13.710000038146973,13.793499946594238,13.654999732971191,13.797499656677246,60137,0.0,0.0,0.0
2024-08-08 00:00:00+01:00,13.489999771118164,13.805000305175781,13.460000038146973,13.789999961853027,354946,0.0,0.0,0.0
2024-08-09 00:00:00+01:00,13.864999771118164,13.925000190734863,13.835000038146973,13.899999618530273,74648,0.0,0.0,0.0
2024-08-12 00:00:00+01:00,13.944999694824219,14.024999618530273,13.894000053405762,13.9399995803833,339783,0.0,0.0,0.0
2024-08-13 00:00:00+01:00,14.020000457763672,14.079999923706055,13.979999542236328,14.079999923706055,50077,0.0,0.0,0.0
2024-08-14 00:00:00+01:00,14.149999618530273,14.194999694824219,14.135000228881836,14.194999694824219,96095,0.0,0.0,0.0
2024-08-15 00:00:00+01:00,14.25,14.414999961853027,14.204999923706055,14.40999984741211,47698,0.0,0.0,0.0
2024-08-16 00:00:00+01:00,14.5,14.515000343322754,14.390000343322754,14.420000076293945,211478,0.0,0.0,0.0
2024-08-19 00:00:00+01:00,14.454999923706055,14.498499870300293,14.454999923706055,14.494999885559082,63890,0.0,0.0,0.0
2024-08-20 00:00:00+01:00,14.59000015258789,14.609999656677246,14.545000076293945,14.545000076293945,150913,0.0,0.0,0.0
2024-08-21 00:00:00+01:00,14.585000038146973,14.694999694824219,14.5649995803833,14.635000228881836,89348,0.0,0.0,0.0
2024-08-22 00:00:00+01:00,14.6899995803833,14.719300270080566,14.625,14.635000228881836,853465,0.0,0.0,0.0
2024-08-23 00:00:00+01:00,14.614999771118164,14.71500015258789,14.600000381469727,14.680000305175781,66690,0.0,0.0,0.0
2024-08-27 00:00:00+01:00,14.670000076293945,14.734999656677246,14.619999885559082,14.6850004196167,401140,0.0,0.0,0.0
2024-08-28 00:00:00+01:00,14.71500015258789,14.739999771118164,14.645000457763672,14.614999771118164,272507,0.0,0.0,0.0
2024-08-29 00:00:00+01:00,14.59000015258789,14.739250183105469,14.59000015258789,14.729999542236328,1594374,0.0,0.0,0.0
2024-08-30 00:00:00+01:00,14.65999984741211,14.688249588012695,14.595000267028809,14.595000267028809,77105,0.0,0.0,0.0
2024-09-02 00:00:00+01:00,14.699999809265137,14.746999740600586,14.640000343322754,14.720000267028809,87134,0.0,0.0,0.0
2024-09-03 00:00:00+01:00,14.739999771118164,14.770000457763672,14.505000114440918,14.53499984741211,1171469,0.0,0.0,0.0
2024-09-04 00:00:00+01:00,14.34000015258789,14.489999771118164,14.33899974822998,14.399999618530273,292205,0.0,0.0,0.0
2024-09-05 00:00:00+01:00,14.364999771118164,14.414999961853027,14.244999885559082,14.2475004196167,503758,0.0,0.0,0.0
2024-09-06 00:00:00+01:00,14.25,14.345000267028809,14.119999885559082,14.149999618530273,217511,0.0,0.0,0.0
2024-09-09 00:00:00+01:00,14.199999809265137,14.28499984741211,14.194999694824219,14.25,538178,0.0,0.0,0.0
2024-09-10 00:00:00+01:00,14.25,14.350000381469727,14.234999656677246,14.305000305175781,425107,0.0,0.0,0.0
2024-09-11 00:00:00+01:00,14.305000305175781,14.350000381469727,14.123749732971191,14.170000076293945,88114,0.0,0.0,0.0
2024-09-12 00:00:00+01:00,14.529999732971191,14.5600004196167,14.4350004196167,14.470000267028809,81947,0.0,0.0,0.0
2024-09-13 00:00:00+01:00,14.579999923706055,14.645000457763672,14.5649995803833,14.645000457763672,728264,0.0,0.0,0.0
2024-09-16 00:00:00+01:00,14.635000228881836,14.67300033569336,14.604619979858398,14.625,81628,0.0,0.0,0.0
2024-09-17 00:00:00+01:00,14.675000190734863,14.742500305175781,14.675000190734863,14.71500015258789,359201,0.0,0.0,0.0
2024-09-18 00:00:00+01:00,14.694999694824219,14.699999809265137,14.630000114440918,14.630000114440918,100024,0.0,0.0,0.0
2024-09-19 00:00:00+01:00,14.765000343322754,14.895000457763672,14.75,14.829999923706055,256061,0.0,0.0,0.0
2024-09-20 00:00:00+01:00,14.829999923706055,14.845000267028809,14.734999656677246,14.770000457763672,338429,0.0,0.0,0.0
2024-09-23 00:00:00+01:00,14.805000305175781,14.837249755859375,14.739999771118164,14.835000038146973,81491,0.0,0.0,0.0
2024-09-24 00:00:00+01:00,14.859999656677246,14.899999618530273,14.765000343322754,14.8149995803833,141697,0.0,0.0,0.0
2024-09-25 00:00:00+01:00,14.805000305175781,14.854999542236328,14.75,14.829999923706055,76529,0.0,0.0,0.0
2024-09-26 00:00:00+01:00,14.914999961853027,14.960000038146973,14.850000381469727,14.852499961853027,209078,0.0,0.0,0.0
2024-09-27 00:00:00+01:00,14.845000267028809,14.904999732971191,14.845000267028809,14.882499694824219,121092,0.0,0.0,0.0
2024-09-30 00:00:00+01:00,14.829999923706055,14.854999542236328,14.8149995803833,14.84000015258789,56329,0.0,0.0,0.0
2024-10-01 00:00:00+01:00,14.890000343322754,14.895000457763672,14.729999542236328,14.779999732971191,173813,0.0,0.0,0.0
2024-10-02 00:00:00+01:00,14.770000457763672,14.833250045776367,14.744999885559082,14.829999923706055,72553,0.0,0.0,0.0
2024-10-03 00:00:00+01:00,14.8100004196167,14.819999694824219,14.755000114440918,14.802499771118164,151559,0.0,0.0,0.0
2024-10-04 00:00:00+01:00,14.8149995803833,14.9350004196167,14.774999618530273,14.779999732971191,1440395,0.0,0.0,0.0
2024-10-07 00:00:00+01:00,14.875,14.880000114440918,14.8149995803833,14.845000267028809,111190,0.0,0.0,0.0
2024-10-08 00:00:00+01:00,14.755000114440918,14.885000228881836,14.729999542236328,14.864999771118164,91101,0.0,0.0,0.0
2024-10-09 00:00:00+01:00,14.864999771118164,14.991100311279297,14.850000381469727,14.962499618530273,46110,0.0,0.0,0.0
2024-10-10 00:00:00+01:00,15.005000114440918,15.010000228881836,14.944999694824219,14.975000381469727,47219,0.0,0.0,0.0
2024-10-11 00:00:00+01:00,14.979999542236328,15.0600004196167,14.960000038146973,15.047499656677246,51505,0.0,0.0,0.0
2024-10-14 00:00:00+01:00,15.0600004196167,15.1899995803833,15.050000190734863,15.164999961853027,69360,0.0,0.0,0.0
2024-10-15 00:00:00+01:00,15.220000267028809,15.220000267028809,15.109999656677246,15.114999771118164,70585,0.0,0.0,0.0
2024-10-16 00:00:00+01:00,15.029999732971191,15.069999694824219,15.0,15.069999694824219,167730,0.0,0.0,0.0
2024-10-17 00:00:00+01:00,15.100000381469727,15.220000267028809,15.09000015258789,15.140000343322754,287284,0.0,0.0,0.0
2024-10-18 00:00:00+01:00,15.100000381469727,15.145000457763672,15.095000267028809,15.137499809265137,1456945,0.0,0.0,0.0
2024-10-21 00:00:00+01:00,15.194999694824219,15.210000038146973,15.0600004196167,15.0600004196167,715590,0.0,0.0,0.0
2024-10-22 00:00:00+01:00,15.045000076293945,15.104999542236328,15.020000457763672,15.039999961853027,65951,0.0,0.0,0.0
2024-10-23 00:00:00+01:00,15.050000190734863,15.0649995803833,14.944999694824219,14.944999694824219,690627,0.0,0.0,0.0
2024-10-24 00:00:00+01:00,14.979999542236328,15.005000114440918,14.900500297546387,14.9375,330380,0.0,0.0,0.0
2024-10-25 00:00:00+01:00,14.949999809265137,15.0600004196167,14.9350004196167,15.010000228881836,136695,0.0,0.0,0.0
2024-10-28 00:00:00+00:00,15.005000114440918,15.03499984741211,14.949999809265137,14.949999809265137,416510,0.0,0.0,0.0
2024-10-29 00:00:00+00:00,14.979999542236328,15.005000114440918,14.899999618530273,14.994999885559082,419210,0.0,0.0,0.0
2024-10-30 00:00:00+00:00,15.015000343322754,15.03499984741211,14.880000114440918,14.984999656677246,438662,0.0,0.0,0.0
2024-10-31 00:00:00+00:00,14.819999694824219,14.864999771118164,14.694999694824219,14.71500015258789,630403,0.0,0.0,0.0
2024-11-01 00:00:00+00:00,14.65999984741211,14.774999618530273,14.65999984741211,14.770000457763672,539939,0.0,0.0,0.0
2024-11-04 00:00:00+00:00,14.739999771118164,14.770000457763672,14.6850004196167,14.725000381469727,441987,0.0,0.0,0.0
2024-11-05 00:00:00+00:00,14.720000267028809,14.8100004196167,14.6850004196167,14.795000076293945,57099,0.0,0.0,0.0
2024-11-06 00:00:00+00:00,15.09000015258789,15.170000076293945,15.0,15.039999961853027,282479,0.0,0.0,0.0
2024-11-07 00:00:00+00:00,15.149999618530273,15.255000114440918,15.145000457763672,15.244999885559082,360792,0.0,0.0,0.0
2024-11-08 00:00:00+00:00,15.289999961853027,15.329999923706055,15.265000343322754,15.329999923706055,182556,0.0,0.0,0.0
2024-11-11 00:00:00+00:00,15.350000381469727,15.364999771118164,15.3149995803833,15.319999694824219,122371,0.0,0.0,0.0
2024-11-12 00:00:00+00:00,15.300000190734863,15.345000267028809,15.274999618530273,15.28499984741211,67529,0.0,0.0,0.0
2024-11-13 00:00:00+00:00,15.260000228881836,15.320199966430664,15.225000381469727,15.274999618530273,104486,0.0,0.0,0.0
2024-11-14 00:00:00+00:00,15.265000343322754,15.274999618530273,15.204999923706055,15.239999771118164,3397312,0.0,0.0,0.0
2024-11-15 00:00:00+00:00,15.085000038146973,15.100000381469727,14.925000190734863,14.9399995803833,266608,0.0,0.0,0.0
2024-11-18 00:00:00+00:00,14.925000190734863,14.975000381469727,14.864999771118164,14.975000381469727,96112,0.0,0.0,0.0
2024-11-19 00:00:00+00:00,14.970000267028809,14.979999542236328,14.800000190734863,14.9350004196167,63499,0.0,0.0,0.0
2024-11-20 00:00:00+00:00,15.020000457763672,15.03499984741211,14.895000457763672,14.904999732971191,83099,0.0,0.0,0.0
2024-11-21 00:00:00+00:00,14.979999542236328,15.100000381469727,14.949999809265137,15.095000267028809,139418,0.0,0.0,0.0
2024-11-22 00:00:00+00:00,15.164999961853027,15.194999694824219,15.055000305175781,15.135000228881836,291407,0.0,0.0,0.0
2024-11-25 00:00:00+00:00,15.239999771118164,15.300000190734863,15.225000381469727,15.239999771118164,6612643,0.0,0.0,0.0
2024-11-26 00:00:00+00:00,15.255000114440918,15.324999809265137,15.234999656677246,15.3100004196167,66040,0.0,0.0,0.0
2024-11-27 00:00:00+00:00,15.319999694824219,15.34000015258789,15.289999961853027,15.305000305175781,345872,0.0,0.0,0.0
2024-11-28 00:00:00+00:00,15.324999809265137,15.345000267028809,15.300000190734863,15.335000038146973,53946,0.0,0.0,0.0
2024-11-29 00:00:00+00:00,15.329999923706055,15.399999618530273,15.329999923706055,15.399999618530273,37235,0.0,0.0,0.0
2024-12-02 00:00:00+00:00,15.335000038146973,15.414999961853027,15.335000038146973,15.414999961853027,89530,0.0,0.0,0.0
2024-12-03 00:00:00+00:00,15.4350004196167,15.454999923706055,15.390000343322754,15.425000190734863,1155120,0.0,0.0,0.0
2024-12-04 00:00:00+00:00,15.454999923706055,15.505000114440918,15.444999694824219,15.494999885559082,167167,0.0,0.0,0.0
2024-12-05 00:00:00+00:00,15.475000381469727,15.515000343322754,15.454999923706055,15.470000267028809,80232,0.0,0.0,0.0
2024-12-06 00:00:00+00:00,15.470000267028809,15.545000076293945,15.458000183105469,15.524999618530273,1328283,0.0,0.0,0.0
2024-12-09 00:00:00+00:00,15.494999885559082,15.494999885559082,15.404999732971191,15.420000076293945,65874,0.0,0.0,0.0
2024-12-10 00:00:00+00:00,15.40999984741211,15.4350004196167,15.385000228881836,15.404999732971191,98501,0.0,0.0,0.0
2024-12-11 00:00:00+00:00,15.385000228881836,15.479999542236328,15.364999771118164,15.479999542236328,668728,0.0,0.0,0.0
2024-12-12 00:00:00+00:00,15.40999984741211,15.420000076293945,15.359999656677246,15.399999618530273,284137,0.0,0.0,0.0
2024-12-13 00:00:00+00:00,15.335000038146973,15.364999771118164,15.260000228881836,15.295000076293945,52508,0.0,0.0,0.0
2024-12-16 00:00:00+00:00,15.270000457763672,15.335000038146973,15.266599655151367,15.3149995803833,76371,0.0,0.0,0.0
2024-12-17 00:00:00+00:00,15.244999885559082,15.244999885559082,15.1850004196167,15.244999885559082,853416,0.0,0.0,0.0
2024-12-18 00:00:00+00:00,15.244999885559082,15.279999732971191,15.199999809265137,15.270000457763672,843467,0.0,0.0,0.0
2024-12-19 00:00:00+00:00,14.854999542236328,14.9399995803833,14.835000038146973,14.904999732971191,2404308,0.0,0.0,0.0
2024-12-20 00:00:00+00:00,14.789999961853027,15.0,14.654999732971191,15.0,1017267,0.0,0.0,0.0
2024-12-23 00:00:00+00:00,15.0,15.104999542236328,14.880000114440918,14.925000190734863,462156,0.0,0.0,0.0
2024-12-24 00:00:00+00:00,15.074999809265137,15.151800155639648,15.024999618530273,15.057499885559082,21849,0.0,0.0,0.0
2024-12-27 00:00:00+00:00,15.239999771118164,15.239999771118164,14.979999542236328,15.015000343322754,290279,0.0,0.0,0.0
2024-12-30 00:00:00+00:00,15.0,15.029999732971191,14.805000305175781,14.880000114440918,748609,0.0,0.0,0.0
2024-12-31 00:00:00+00:00,14.859999656677246,14.9399995803833,14.859999656677246,14.925000190734863,20462,0.0,0.0,0.0
2025-01-02 00:00:00+00:00,14.890000343322754,14.97249984741211,14.835000038146973,14.875,110380,0.0,0.0,0.0
2025-01-03 00:00:00+00:00,14.829999923706055,14.899999618530273,14.8149995803833,14.899999618530273,80917,0.0,0.0,0.0
2025-01-06 00:00:00+00:00,14.9399995803833,15.100000381469727,14.9399995803833,15.095000267028809,106643,0.0,0.0,0.0
2025-01-07 00:00:00+00:00,14.989999771118164,15.039999961853027,14.9399995803833,14.949999809265137,3107715,0.0,0.0,0.0
2025-01-08 00:00:00+00:00,14.90999984741211,14.920000076293945,14.84000015258789,14.895000457763672,89079,0.0,0.0,0.0
2025-01-09 00:00:00+00:00,14.885000228881836,14.914999961853027,14.854999542236328,14.885000228881836,50069,0.0,0.0,0.0
2025-01-10 00:00:00+00:00,14.885000228881836,14.920000076293945,14.680000305175781,14.6899995803833,186382,0.0,0.0,0.0
2025-01-13 00:00:00+00:00,14.670000076293945,14.670000076293945,14.560400009155273,14.619999885559082,158229,0.0,0.0,0.0
2025-01-14 00:00:00+00:00,14.760000228881836,14.78499984741211,14.603799819946289,14.65999984741211,238231,0.0,0.0,0.0
2025-01-15 00:00:00+00:00,14.720000267028809,14.954999923706055,14.71500015258789,14.895000457763672,349442,0.0,0.0,0.0
2025-01-16 00:00:00+00:00,15.0,15.024999618530273,14.9399995803833,14.994999885559082,169452,0.0,0.0,0.0
2025-01-17 00:00:00+00:00,14.970000267028809,15.09000015258789,14.960000038146973,15.074999809265137,828229,0.0,0.0,0.0
2025-01-20 00:00:00+00:00,15.045000076293945,15.145000457763672,15.0,15.100000381469727,140551,0.0,0.0,0.0
2025-01-21 00:00:00+00:00,15.0600004196167,15.135000228881836,15.0600004196167,15.135000228881836,96865,0.0,0.0,0.0
2025-01-22 00:00:00+00:00,15.210000038146973,15.329999923706055,15.210000038146973,15.329999923706055,151369,0.0,0.0,0.0
2025-01-23 00:00:00+00:00,15.270000457763672,15.324999809265137,15.260000228881836,15.319999694824219,642545,0.0,0.0,0.0
2025-01-24 00:00:00+00:00,15.34000015258789,15.375,15.335000038146973,15.369999885559082,54205,0.0,0.0,0.0
2025-01-27 00:00:00+00:00,15.104999542236328,15.170000076293945,14.949999809265137,15.130000114440918,292375,0.0,0.0,0.0
2025-01-28 00:00:00+00:00,15.204999923706055,15.270000457763672,15.154999732971191,15.244999885559082,141421,0.0,0.0,0.0
2025-01-29 00:00:00+00:00,15.210000038146973,15.319999694824219,15.210000038146973,15.270000457763672,86823,0.0,0.0,0.0
2025-01-30 00:00:00+00:00,15.324999809265137,15.414999961853027,15.295000076293945,15.350000381469727,1563447,0.0,0.0,0.0
2025-01-31 00:00:00+00:00,15.449999809265137,15.475000381469727,15.414999961853027,15.4399995803833,157243,0.0,0.0,0.0
2025-02-03 00:00:00+00:00,15.069999694824219,15.210000038146973,15.015000343322754,15.204999923706055,498138,0.0,0.0,0.0
2025-02-04 00:00:00+00:00,15.175000190734863,15.260000228881836,15.135000228881836,15.260000228881836,267011,0.0,0.0,0.0
2025-02-05 00:00:00+00:00,15.175000190734863,15.244999885559082,15.175000190734863,15.244999885559082,233286,0.0,0.0,0.0
2025-02-06 00:00:00+00:00,15.354999542236328,15.380000114440918,15.335000038146973,15.364999771118164,199911,0.0,0.0,0.0
2025-02-07 00:00:00+00:00,15.364999771118164,15.399999618530273,15.244999885559082,15.274999618530273,270025,0.0,0.0,0.0
2025-02-10 00:00:00+00:00,15.279999732971191,15.335000038146973,15.265000343322754,15.3100004196167,207337,0.0,0.0,0.0
2025-02-11 00:00:00+00:00,15.300000190734863,15.345000267028809,15.270000457763672,15.34000015258789,388041,0.0,0.0,0.0
2025-02-12 00:00:00+00:00,15.350000381469727,15.359999656677246,15.18280029296875,15.229999542236328,209634,0.0,0.0,0.0
2025-02-13 00:00:00+00:00,15.324999809265137,15.430000305175781,15.289999961853027,15.414999961853027,321312,0.0,0.0,0.0
2025-02-14 00:00:00+00:00,15.475000381469727,15.479999542236328,15.425000190734863,15.4399995803833,765149,0.0,0.0,0.0
2025-02-17 00:00:00+00:00,15.430000305175781,15.46500015258789,15.425000190734863,15.46500015258789,351313,0.0,0.0,0.0
2025-02-18 00:00:00+00:00,15.470000267028809,15.479999542236328,15.390000343322754,15.399999618530273,447813,0.0,0.0,0.0
2025-02-19 00:00:00+00:00,15.454999923706055,15.46500015258789,15.404999732971191,15.449999809265137,264403,0.0,0.0,0.0
2025-02-20 00:00:00+00:00,15.444999694824219,15.484999656677246,15.40999984741211,15.40999984741211,303052,0.0,0.0,0.0
2025-02-21 00:00:00+00:00,15.475000381469727,15.484999656677246,15.345000267028809,15.369999885559082,132194,0.0,0.0,0.0
2025-02-24 00:00:00+00:00,15.279999732971191,15.305000305175781,15.170000076293945,15.234999656677246,159359,0.0,0.0,0.0
2025-02-25 00:00:00+00:00,15.114999771118164,15.175000190734863,15.042499542236328,15.042499542236328,113955,0.0,0.0,0.0
2025-02-26 00:00:00+00:00,15.1899995803833,15.229999542236328,15.073399543762207,15.220000267028809,700409,0.0,0.0,0.0
2025-02-27 00:00:00+00:00,15.180000305175781,15.220000267028809,15.045000076293945,15.140000343322754,859669,0.0,0.0,0.0
2025-02-28 00:00:00+00:00,14.925000190734863,14.975000381469727,14.880000114440918,14.925000190734863,724508,0.0,0.0,0.0
2025-03-03 00:00:00+00:00,15.125,15.1899995803833,15.069999694824219,15.095000267028809,825336,0.0,0.0,0.0
2025-03-04 00:00:00+00:00,14.9399995803833,14.9399995803833,14.670000076293945,14.680000305175781,149954,0.0,0.0,0.0
2025-03-05 00:00:00+00:00,14.819999694824219,14.880000114440918,14.680000305175781,14.680000305175781,626381,0.0,0.0,0.0
2025-03-06 00:00:00+00:00,14.890000343322754,14.890000343322754,14.720000267028809,14.845000267028809,646367,0.0,0.0,0.0
2025-03-07 00:00:00+00:00,14.6850004196167,14.755000114440918,14.520000457763672,14.520000457763672,233076,0.0,0.0,0.0
2025-03-10 00:00:00+00:00,14.654999732971191,14.670000076293945,14.469799995422363,14.510000228881836,224158,0.0,0.0,0.0
2025-03-11 00:00:00+00:00,14.425000190734863,14.449999809265137,14.220000267028809,14.225000381469727,464222,0.0,0.0,0.0
2025-03-12 00:00:00+00:00,14.239999771118164,14.385000228881836,14.145000457763672,14.28499984741211,237895,0.0,0.0,0.0
2025-03-13 00:00:00+00:00,14.15999984741211,14.251299858093262,14.018500328063965,14.069999694824219,885767,0.0,0.0,0.0
2025-03-14 00:00:00+00:00,14.095000267028809,14.260000228881836,14.085000038146973,14.220000267028809,291627,0.0,0.0,0.0
2025-03-17 00:00:00+00:00,14.1899995803833,14.359999656677246,14.1850004196167,14.3149995803833,246706,0.0,0.0,0.0
2025-03-18 00:00:00+00:00,14.395000457763672,14.413999557495117,14.199999809265137,14.25,242810,0.0,0.0,0.0
2025-03-19 00:00:00+00:00,14.25,14.359999656677246,14.244999885559082,14.357500076293945,124250,0.0,0.0,0.0
2025-03-20 00:00:00+00:00,14.449999809265137,14.479999542236328,14.300000190734863,14.375,201331,0.0,0.0,0.0
2025-03-21 00:00:00+00:00,14.3149995803833,14.335000038146973,14.1850004196167,14.274999618530273,160059,0.0,0.0,0.0
2025-03-24 00:00:00+00:00,14.460000038146973,14.5600004196167,14.420000076293945,14.539999961853027,168639,0.0,0.0,0.0
2025-03-25 00:00:00+00:00,14.520000457763672,14.617799758911133,14.519980430603027,14.5600004196167,899697,0.0,0.0,0.0
2025-03-26 00:00:00+00:00,14.585000038146973,14.609999656677246,14.5,14.510000228881836,147928,0.0,0.0,0.0
2025-03-27 00:00:00+00:00,14.484999656677246,14.53499984741211,14.430000305175781,14.5,52959,0.0,0.0,0.0
2025-03-28 00:00:00+00:00,14.390000343322754,14.420000076293945,14.1899995803833,14.1899995803833,190557,0.0,0.0,0.0
2025-03-31 00:00:00+01:00,14.074999809265137,14.119999885559082,13.96500015258789,14.085000038146973,132404,0.0,0.0,0.0
2025-04-01 00:00:00+01:00,14.25,14.305000305175781,14.15999984741211,14.28499984741211,1466717,0.0,0.0,0.0
2025-04-02 00:00:00+01:00,14.260000228881836,14.350000381469727,14.135000228881836,14.350000381469727,1513015,0.0,0.0,0.0
2025-04-03 00:00:00+01:00,13.960000038146973,13.979999542236328,13.789999961853027,13.859999656677246,382636,0.0,0.0,0.0
2025-04-04 00:00:00+01:00,13.680000305175781,13.694999694824219,13.130000114440918,13.274999618530273,420047,0.0,0.0,0.0
2025-04-07 00:00:00+01:00,12.375,13.104999542236328,12.375,12.75,250422,0.0,0.0,0.0
2025-04-08 00:00:00+01:00,13.095000267028809,13.390000343322754,13.055000305175781,13.149999618530273,331817,0.0,0.0,0.0
2025-04-09 00:00:00+01:00,12.720000267028809,12.854999542236328,12.4350004196167,12.725000381469727,231144,0.0,0.0,0.0
2025-04-10 00:00:00+01:00,13.84000015258789,13.850000381469727,13.354999542236328,13.354999542236328,1100457,0.0,0.0,0.0
2025-04-11 00:00:00+01:00,13.515000343322754,13.545000076293945,13.295000076293945,13.390000343322754,971657,0.0,0.0,0.0
2025-04-14 00:00:00+01:00,13.8149995803833,13.875,13.739999771118164,13.779999732971191,853030,0.0,0.0,0.0
2025-04-15 00:00:00+01:00,13.75,13.84000015258789,13.725000381469727,13.78499984741211,407744,0.0,0.0,0.0
2025-04-16 00:00:00+01:00,13.550000190734863,13.6899995803833,13.53499984741211,13.635000228881836,316860,0.0,0.0,0.0
2025-04-17 00:00:00+01:00,13.550000190734863,13.585000038146973,13.390000343322754,13.475000381469727,53708,0.0,0.0,0.0
2025-04-22 00:00:00+01:00,13.324999809265137,13.460000038146973,13.255000114440918,13.444999694824219,223952,0.0,0.0,0.0
2025-04-23 00:00:00+01:00,13.694999694824219,13.949999809265137,13.683699607849121,13.720000267028809,221200,0.0,0.0,0.0
2025-04-24 00:00:00+01:00,13.640000343322754,13.829999923706055,13.585000038146973,13.829999923706055,82552,0.0,0.0,0.0
2025-04-25 00:00:00+01:00,14.020000457763672,14.02003002166748,13.829999923706055,13.897500038146973,232866,0.0,0.0,0.0
2025-04-28 00:00:00+01:00,13.970000267028809,14.029999732971191,13.920000076293945,13.920000076293945,66558,0.0,0.0,0.0
2025-04-29 00:00:00+01:00,14.020000457763672,14.199999809265137,13.944999694824219,14.052499771118164,133694,0.0,0.0,0.0
2025-04-30 00:00:00+01:00,14.050000190734863,14.09000015258789,13.8100004196167,13.979999542236328,167798,0.0,0.0,0.0
2025-05-01 00:00:00+01:00,14.3100004196167,14.3100004196167,14.145000457763672,14.239999771118164,80490,0.0,0.0,0.0
2025-05-02 00:00:00+01:00,14.260000228881836,14.359999656677246,14.194999694824219,14.350000381469727,69601,0.0,0.0,0.0
2025-05-06 00:00:00+01:00,14.289999961853027,14.350000381469727,14.210000038146973,14.234999656677246,62265,0.0,0.0,0.0
