date,open,high,low,close,volume,Dividends,Stock Splits
2020-05-06 00:00:00+01:00,111.84471779862949,114.58043597693027,111.82475244451679,112.40384674072266,50660317,0.0,0.0
2020-05-07 00:00:00+01:00,112.2041530603324,113.27947132121615,111.00603378160638,112.7433090209961,48201273,0.0,0.0
2020-05-11 00:00:00+01:00,113.78167806042819,115.03970858492616,112.14424489026857,112.82318115234375,197558863,0.0,0.0
2020-05-12 00:00:00+01:00,117.81536728227711,123.5264185083128,116.27777598161697,122.68772888183594,128847693,0.0,0.0
2020-05-13 00:00:00+01:00,121.50956634756521,125.78287559757341,120.87056839975128,121.2899169921875,104527841,0.0,0.0
2020-05-14 00:00:00+01:00,120.59101554806576,121.36979387123448,115.97824929007963,119.3329849243164,90430733,0.0,0.0
2020-05-15 00:00:00+01:00,120.63095713888326,122.12861014472148,119.81224046705665,120.79071044921875,71501697,0.0,0.0
2020-05-18 00:00:00+01:00,122.18851766864665,126.08241712973113,120.7308029445657,125.8028564453125,153045507,0.0,0.0
2020-05-19 00:00:00+01:00,129.05774547844234,130.11609972726944,125.42344909826083,126.86119079589844,100486481,0.0,0.0
2020-05-20 00:00:00+01:00,126.44184268074433,127.08084064767195,125.37750878792517,126.48178100585938,70041168,0.0,0.0
2020-05-21 00:00:00+01:00,125.64310479107777,130.19596769456265,125.34357874700808,128.59848022460938,81414227,0.0,0.0
2020-05-22 00:00:00+01:00,127.26055858344502,130.37567936772157,126.01251449610841,129.7965850830078,89783535,0.0,0.0
2020-05-26 00:00:00+01:00,131.6336890367358,131.97315333784837,127.00395173913715,128.67832946777344,90312499,0.0,0.0
2020-05-27 00:00:00+01:00,129.7965777480453,131.97315920060078,129.07770317557086,131.17442321777344,95168695,0.0,0.0
2020-05-28 00:00:00+01:00,130.81498648338237,134.70887773828525,130.81498648338237,133.9300994873047,99343439,0.0,0.0
2020-05-29 00:00:00+01:00,132.59220216052285,135.78719186326418,131.43401363236893,132.81185913085938,118088573,0.0,0.0
2020-06-01 00:00:00+01:00,134.26957911021853,135.24805670419664,133.5507044527675,135.1082763671875,38032479,0.0,0.0
2020-06-02 00:00:00+01:00,135.30796244688037,137.0252724619508,134.64899146169685,134.768798828125,60357198,0.0,0.0
2020-06-03 00:00:00+01:00,134.88862243195254,136.44617914675158,133.17131240411913,136.36630249023438,78305400,0.0,0.0
2020-06-04 00:00:00+01:00,135.5875161826015,137.2249494579061,134.64898456719882,136.9453887939453,50506289,0.0,0.0
2020-06-05 00:00:00+01:00,137.28484680213856,138.88234929525586,133.9800285639786,138.74256896972656,62994813,0.0,0.0
2020-06-08 00:00:00+01:00,137.12510095153297,142.21712709428505,136.82556731344513,140.89918518066406,82537911,0.0,0.0
2020-06-09 00:00:00+01:00,140.3001401605886,141.43835585435232,138.05465088431697,138.7226104736328,104258268,0.0,0.0
2020-06-10 00:00:00+01:00,137.80403926043127,138.4430372193334,135.068321155334,136.04678344726562,116318289,0.0,0.0
2020-06-11 00:00:00+01:00,131.3135828762116,132.2124528993386,125.78060150146484,125.78060150146484,85671044,4.0797,0.0
2020-06-12 00:00:00+01:00,124.50221935467833,127.73811629751096,122.0852765992364,125.94039154052734,73152176,0.0,0.0
2020-06-15 00:00:00+01:00,123.60335639937023,124.92168534176004,122.44482097922332,124.3024673461914,131777780,0.0,0.0
2020-06-16 00:00:00+01:00,126.77932493245684,130.3947379495447,126.04025611990538,128.95655822753906,74342166,0.0,0.0
2020-06-17 00:00:00+01:00,129.33608734172995,130.89411035710577,128.37729574178113,128.9365997314453,139392330,0.0,0.0
2020-06-18 00:00:00+01:00,128.37729513533793,129.11636397429626,126.39980556666208,126.85922241210938,118676481,0.0,0.0
2020-06-19 00:00:00+01:00,127.49841758902531,130.05517482221774,126.94811251982904,127.5982894897461,101827508,0.0,0.0
2020-06-22 00:00:00+01:00,126.69943029457976,128.17755274937588,125.60082411985555,126.6195297241211,60492141,0.0,0.0
2020-06-23 00:00:00+01:00,127.41852416731376,130.55454926821545,127.05897920876241,128.97654724121094,65733820,0.0,0.0
2020-06-24 00:00:00+01:00,128.31737753758532,128.31737753758532,124.78186485014322,124.8817367553711,111304628,0.0,0.0
2020-06-25 00:00:00+01:00,124.92169541745173,127.23875882489291,123.82308914680728,126.89918518066406,48838031,0.0,0.0
2020-06-26 00:00:00+01:00,127.87793340924325,128.9965261910839,124.90170945432259,125.08148193359375,113802362,0.0,0.0
2020-06-29 00:00:00+01:00,124.8617569169398,127.81801710493663,123.60335720446506,127.63824462890625,49759227,0.0,0.0
2020-06-30 00:00:00+01:00,127.61826456725277,129.55581150099567,126.39980753138302,128.6968994140625,67497007,0.0,0.0
2020-07-01 00:00:00+01:00,128.21751720696136,129.27617315055937,125.68072349355069,127.67819213867188,65583228,0.0,0.0
2020-07-02 00:00:00+01:00,128.8167339698734,131.23667110266805,128.07768040870604,129.31610107421875,62098917,0.0,0.0
2020-07-03 00:00:00+01:00,129.5757858919437,129.99525244435674,128.85070690566724,129.4759063720703,25072023,0.0,0.0
2020-07-06 00:00:00+01:00,131.3535435198297,131.7929890639186,129.71561982607426,130.07516479492188,32558078,0.0,0.0
2020-07-07 00:00:00+01:00,129.91535443056668,130.27189719725882,126.81927974705978,126.85922241210938,40619634,0.0,0.0
2020-07-08 00:00:00+01:00,126.10018470187009,127.91788067677635,124.941649349645,125.12142181396484,35949844,0.0,0.0
2020-07-09 00:00:00+01:00,124.06278145041638,125.1014660827089,122.16518467256925,122.48477935791016,42171000,0.0,0.0
2020-07-10 00:00:00+01:00,121.92548600228676,123.56340965585173,121.84558542900602,123.26378631591797,78882424,0.0,0.0
2020-07-13 00:00:00+01:00,125.14141679817827,125.76062721703794,123.86303043271087,124.56214904785156,74624027,0.0,0.0
2020-07-14 00:00:00+01:00,123.98287117505056,127.99778719153346,122.7843931037129,126.7393798828125,55810573,0.0,0.0
2020-07-15 00:00:00+01:00,127.33861541748047,127.75808196894222,124.56213545341812,127.33861541748047,47683748,0.0,0.0
2020-07-16 00:00:00+01:00,126.85923760096658,128.79679235631397,126.67946510776846,127.2986831665039,43301221,0.0,0.0
2020-07-17 00:00:00+01:00,127.53834858912757,130.33480727197662,126.04024735611634,129.6356964111328,59884332,0.0,0.0
2020-07-20 00:00:00+01:00,129.67563694610777,130.2748835252779,127.77804817785834,129.11634826660156,37480179,0.0,0.0
2020-07-21 00:00:00+01:00,129.73557280282827,132.03266462260032,129.05644082869972,130.17501831054688,102280016,0.0,0.0
2020-07-22 00:00:00+01:00,130.6743875411227,131.45339904846196,128.71687691633835,129.8154754638672,88512299,0.0,0.0
2020-07-23 00:00:00+01:00,130.59450429262216,131.5133381093156,128.4172706216593,128.63699340820312,126128840,0.0,0.0
2020-07-24 00:00:00+01:00,128.23747866228356,128.5371020016696,121.525990533469,122.00538635253906,88109202,0.0,0.0
2020-07-27 00:00:00+01:00,120.8468603730659,122.20414155810086,117.66689198649793,120.82688903808594,63900472,0.0,0.0
2020-07-28 00:00:00+01:00,121.36619057227881,122.02535887746934,118.36998762811415,120.50728607177734,72737534,0.0,0.0
2020-07-29 00:00:00+01:00,121.84558477140604,123.10399212470294,120.00791731429516,122.9441909790039,61784864,0.0,0.0
2020-07-30 00:00:00+01:00,122.84432020603096,123.00711591027257,117.13155873013712,118.42991638183594,65510887,0.0,0.0
2020-07-31 00:00:00+01:00,118.70956070723742,120.06783997854299,115.41373443603516,115.41373443603516,92244325,0.0,0.0
2020-08-03 00:00:00+01:00,115.71335935379972,117.3313117013042,113.79579128102728,116.87188720703125,58845249,0.0,0.0
2020-08-04 00:00:00+01:00,117.07163166055913,119.28882294608734,116.9467898775428,117.63092041015625,61347412,0.0,0.0
2020-08-05 00:00:00+01:00,118.38996657428062,119.94798966683555,116.87888106853534,117.0516586303711,50736619,0.0,0.0
2020-08-06 00:00:00+01:00,115.8931302183994,116.57226985382269,114.27517789348975,115.85317993164062,44005177,0.0,0.0
2020-08-07 00:00:00+01:00,116.31259499664449,117.79072510485297,115.81322784950808,116.59223937988281,134415025,0.0,0.0
2020-08-10 00:00:00+01:00,117.31133000541047,117.95051934805907,114.9942667333748,116.47239685058594,100107832,0.0,0.0
2020-08-11 00:00:00+01:00,117.49109748627104,119.68830980569041,117.35127529974824,118.62965393066406,68313684,0.0,0.0
2020-08-12 00:00:00+01:00,118.3899690683341,121.22637092424982,117.51108559602324,119.64837646484375,70161033,0.0,0.0
2020-08-13 00:00:00+01:00,118.58970529403558,121.88553143870477,118.56973396128521,120.08780670166016,107438670,0.0,0.0
2020-08-14 00:00:00+01:00,120.16770877279495,120.60715429616874,117.07163401565451,118.52978515625,32315647,0.0,0.0
2020-08-17 00:00:00+01:00,118.29009671305583,119.17197473918789,116.81196654910273,117.57100677490234,36947959,0.0,0.0
2020-08-18 00:00:00+01:00,116.53232013943216,118.98920563912958,116.05292431571011,117.0516586303711,38752274,0.0,0.0
2020-08-19 00:00:00+01:00,116.77200487672629,118.60967983059133,116.25266642743644,118.23015594482422,37423734,0.0,0.0
2020-08-20 00:00:00+01:00,117.13154952537595,117.61094530948418,115.03420916184457,115.21398162841797,81931845,0.0,0.0
2020-08-21 00:00:00+01:00,115.21399320467289,115.43371597697698,113.39629702434564,114.11538696289062,54633883,0.0,0.0
2020-08-24 00:00:00+01:00,114.71461788774423,116.81195831298828,113.39628896732758,116.81195831298828,31906105,0.0,0.0
2020-08-25 00:00:00+01:00,116.91183415699874,118.92928170034224,115.17403861688922,115.27391052246094,46509344,0.0,0.0
2020-08-26 00:00:00+01:00,115.21398304607668,115.39375551486211,113.63598111115323,114.09539794921875,90767299,0.0,0.0
2020-08-27 00:00:00+01:00,114.35507938952765,114.45495129736126,112.88494235179188,113.53611755371094,36763655,0.0,0.0
2020-08-28 00:00:00+01:00,114.4549465463305,114.85444178082005,111.2989501953125,111.2989501953125,53187807,0.0,0.0
2020-09-01 00:00:00+01:00,111.09919832645839,111.41879298883173,106.21638652973141,107.02436828613281,103105885,0.0,0.0
2020-09-02 00:00:00+01:00,108.2428248859302,109.48126095213813,106.88454557570998,108.40262603759766,58794875,0.0,0.0
2020-09-03 00:00:00+01:00,108.72221801771852,110.34017034929738,107.38391007486581,107.56368255615234,60581907,0.0,0.0
2020-09-04 00:00:00+01:00,106.86458100411267,107.68354290888735,87.00274891709185,105.12678527832031,76239426,0.0,0.0
2020-09-07 00:00:00+01:00,105.98568199316149,107.64357689591007,104.94699745252028,107.32398223876953,46571547,0.0,0.0
2020-09-08 00:00:00+01:00,107.10425845072854,108.54243820386486,105.81688854412549,107.0643081665039,72500980,0.0,0.0
2020-09-09 00:00:00+01:00,107.38391466957536,111.07923636086004,107.20414218059678,109.36141204833984,77800040,0.0,0.0
2020-09-10 00:00:00+01:00,109.86077714400143,110.30022269089369,107.86330846865596,109.28150939941406,44363373,0.0,0.0
2020-09-11 00:00:00+01:00,109.86077497259592,110.71968709559708,109.1217137108524,110.08049774169922,38920964,0.0,0.0
2020-09-14 00:00:00+01:00,110.61981875662819,110.61981875662819,108.70224301333057,109.48126220703125,49830091,0.0,0.0
2020-09-15 00:00:00+01:00,109.60110307607196,110.08149709214416,108.34270330837339,109.02184295654297,60268537,0.0,0.0
2020-09-16 00:00:00+01:00,108.76217125230188,109.42133195505828,107.66356500121566,109.22158813476562,60554440,0.0,0.0
2020-09-17 00:00:00+01:00,107.90326599397336,109.02185127029996,106.96445321527534,107.20414733886719,77136222,0.0,0.0
2020-09-18 00:00:00+01:00,107.00438895950973,109.56114624955715,106.46507153993952,107.52373504638672,144652732,0.0,0.0
2020-09-21 00:00:00+01:00,107.02436816017631,107.02436816017631,102.47013470204388,103.12930297851562,74358268,0.0,0.0
2020-09-22 00:00:00+01:00,104.14801202068055,105.42639071087224,102.62993923101246,103.84839630126953,34939714,0.0,0.0
2020-09-23 00:00:00+01:00,104.7672376504247,106.46508304309181,104.287841796875,104.287841796875,56491656,0.0,0.0
2020-09-24 00:00:00+01:00,104.8671001892948,105.58619009546517,102.92156774786442,103.70856475830078,70511252,0.0,0.0
2020-09-25 00:00:00+01:00,105.08682577557644,105.9057876085579,102.84966304494823,103.66862487792969,48733198,0.0,0.0
2020-09-28 00:00:00+01:00,104.50755697976423,105.6660924300867,103.2491496229714,103.84839630126953,57864145,0.0,0.0
2020-09-29 00:00:00+01:00,104.28782937109003,104.407680225132,102.41021170952527,102.92955017089844,44267880,0.0,0.0
2020-09-30 00:00:00+01:00,102.88960721309036,103.90832049564649,99.87343289242398,102.55004119873047,85700267,0.0,0.0
2020-10-01 00:00:00+01:00,103.46887047041221,104.38770418448217,101.01198504205755,101.57127380371094,56207053,0.0,0.0
2020-10-02 00:00:00+01:00,101.57126480952225,102.819682556049,100.41273710300877,102.68984985351562,45801105,0.0,0.0
2020-10-05 00:00:00+01:00,104.36774085395511,107.74346025521642,103.7485228062612,107.54371643066406,120264741,0.0,0.0
2020-10-06 00:00:00+01:00,108.84207101814128,111.09920512565272,107.46381276127086,110.22032165527344,161889925,0.0,0.0
2020-10-07 00:00:00+01:00,110.55988711706345,110.83953912962357,108.64231903508048,109.02184295654297,55967536,0.0,0.0
2020-10-08 00:00:00+01:00,109.221584834609,112.39756024762453,108.82208958635623,111.07923126220703,54693068,0.0,0.0
2020-10-09 00:00:00+01:00,111.71842096943718,111.77834258995874,110.40009197979604,111.0193099975586,107618162,0.0,0.0
2020-10-12 00:00:00+01:00,111.53865464436255,113.27645031304615,111.33891081844068,111.69844818115234,38013403,0.0,0.0
2020-10-13 00:00:00+01:00,112.59730712616043,113.40628712131625,111.3389073465639,111.85824584960938,94788996,0.0,0.0
2020-10-14 00:00:00+01:00,112.8969336211778,112.8969336211778,109.58113583160598,109.62108612060547,142752544,0.0,0.0
2020-10-15 00:00:00+01:00,108.62234668916909,109.3214576647103,106.54497747650645,108.76216888427734,69532415,0.0,0.0
2020-10-16 00:00:00+01:00,109.90072779139429,110.06052132368075,106.96444639071474,109.22158813476562,89972724,0.0,0.0
2020-10-19 00:00:00+01:00,109.74092527248291,112.15786813845415,108.35468153686156,109.02184295654297,142268195,0.0,0.0
2020-10-20 00:00:00+01:00,108.98188806621134,111.2789723529018,108.02310406571387,110.24028778076172,46260734,0.0,0.0
2020-10-21 00:00:00+01:00,110.16039690966915,110.91942949539744,105.96570825605433,106.42512512207031,70547632,0.0,0.0
2020-10-22 00:00:00+01:00,107.80338314670922,108.86203906999113,106.20540216548774,108.62234497070312,67036113,0.0,0.0
2020-10-23 00:00:00+01:00,108.84206807149785,112.95684853751102,108.8190945612592,112.45748138427734,64940376,0.0,0.0
2020-10-26 00:00:00+00:00,110.69969557863419,112.95683701452081,108.81908346037089,109.60108947753906,143932972,0.0,0.0
2020-10-27 00:00:00+00:00,110.04054141468438,110.17537267373133,105.88580322265625,105.88580322265625,57131118,0.0,0.0
2020-10-28 00:00:00+00:00,104.20792880172871,104.72827306847626,100.83220975345891,102.92955017089844,78552617,0.0,0.0
2020-10-29 00:00:00+00:00,101.57127095484356,104.34775859168292,100.81223840524268,103.3689956665039,156118255,0.0,0.0
2020-10-30 00:00:00+00:00,102.55003424744727,104.1480075414609,101.73107245803169,102.86962890625,44888026,0.0,0.0
2020-11-02 00:00:00+00:00,103.32905102971633,106.0855598650183,102.2074712998314,105.86583709716797,41676490,0.0,0.0
2020-11-03 00:00:00+00:00,106.20539962098061,106.70476676071381,105.0069215335161,106.025634765625,34029734,0.0,0.0
2020-11-04 00:00:00+00:00,104.34776459580421,106.36520455964988,102.98948531767,106.24535369873047,39666800,0.0,0.0
2020-11-05 00:00:00+00:00,106.90452623263337,107.0643197671082,105.02690838905818,105.96571350097656,54865577,0.0,0.0
2020-11-06 00:00:00+00:00,106.76469748161055,107.52373767807285,104.70729965591572,104.90705108642578,52580522,0.0,0.0
2020-11-09 00:00:00+00:00,106.02564522933127,113.82575828344335,105.20667572439613,111.95812225341797,79693928,0.0,0.0
2020-11-10 00:00:00+00:00,111.85824862240324,116.65217661125877,111.29895981760754,116.5323257446289,113281443,0.0,0.0
2020-11-11 00:00:00+00:00,115.25394452344385,118.03042477342436,115.15407261324982,116.95178985595703,101054322,0.0,0.0
2020-11-12 00:00:00+00:00,116.8519136870729,118.66960981741562,115.36380170612316,118.11032104492188,65986709,0.0,0.0
2020-11-13 00:00:00+00:00,116.95178581433389,119.84811682829871,116.53231923417198,119.36872100830078,88827281,0.0,0.0
2020-11-16 00:00:00+00:00,123.8230776070304,127.79803571723406,122.10525345096742,127.6182632446289,196594643,0.0,0.0
2020-11-17 00:00:00+00:00,126.33988202144461,126.47970420619764,122.0053790546256,122.38489532470703,115635635,0.0,0.0
2020-11-18 00:00:00+00:00,122.44482694989557,123.10399526310187,121.30627042684672,122.84432220458984,63810869,0.0,0.0
2020-11-19 00:00:00+00:00,121.94545750646837,122.50475390047858,120.30753385061021,121.50601959228516,75598331,0.0,0.0
2020-11-20 00:00:00+00:00,121.42611271236747,124.10272082409998,121.2862905260614,123.02408599853516,68888094,0.0,0.0
2020-11-23 00:00:00+00:00,123.84305489004583,124.42232262068804,120.96670280989888,121.82561492919922,43875674,0.0,0.0
2020-11-24 00:00:00+00:00,123.54343224224303,125.16138458251953,122.98414346178416,125.16138458251953,64193901,0.0,0.0
2020-11-25 00:00:00+00:00,125.82055088627867,126.83925652299119,123.7831319931156,124.20259857177734,78156097,0.0,0.0
2020-11-26 00:00:00+00:00,124.26252007466083,125.52092742919922,123.31172916392278,125.52092742919922,54271762,0.0,0.0
2020-11-27 00:00:00+00:00,124.86176371524479,125.86049805429398,124.35740561713074,124.7419204711914,127670786,0.0,0.0
2020-11-30 00:00:00+00:00,124.781867758653,125.20133434223008,123.42358848062783,123.5234603881836,68214551,0.0,0.0
2020-12-01 00:00:00+00:00,123.52345269333004,125.540892531338,123.44355212436756,125.2812271118164,37442190,0.0,0.0
2020-12-02 00:00:00+00:00,124.42232823809167,126.93913546938148,122.96417698872888,126.89918518066406,89380460,0.0,0.0
2020-12-03 00:00:00+00:00,126.37983596201566,128.0377308947978,125.98034072841851,126.99905395507812,38889529,0.0,0.0
2020-12-04 00:00:00+00:00,126.7993003231455,130.31484155423573,126.7993003231455,129.99525451660156,76554342,0.0,0.0
2020-12-07 00:00:00+00:00,131.79297740530916,133.770466939301,130.59349355630243,132.05264282226562,58565848,0.0,0.0
2020-12-08 00:00:00+00:00,133.67060129705786,133.67060129705786,130.25493166028028,130.59449768066406,72095415,0.0,0.0
2020-12-09 00:00:00+00:00,130.93406293316892,133.95022931886209,130.87412607853756,132.47210693359375,104907974,0.0,0.0
2020-12-10 00:00:00+00:00,133.2311584792672,136.26133037497192,132.7517702500987,133.57073974609375,82290222,0.0,0.0
2020-12-11 00:00:00+00:00,132.55202754284187,133.73052679104794,130.37477867960345,130.81422424316406,69205730,0.0,0.0
2020-12-14 00:00:00+00:00,130.67440098335646,133.0713726089901,129.8354677721494,130.99400329589844,74922888,0.0,0.0
2020-12-15 00:00:00+00:00,130.834198819674,132.11257755844855,129.21625406204794,129.83546447753906,85134718,0.0,0.0
2020-12-16 00:00:00+00:00,130.21496859646277,132.51204504237074,129.73556521273952,130.6144561767578,101747957,0.0,0.0
2020-12-17 00:00:00+00:00,126.93913465447848,130.8501863636049,124.92169461549996,125.3211898803711,76854673,0.0,0.0
2020-12-18 00:00:00+00:00,125.72066948659544,127.53836558677935,125.57984911012458,125.82054901123047,79024831,0.0,0.0
2020-12-21 00:00:00+00:00,124.3424195652809,127.53836625721624,119.74824333822214,121.80563354492188,121867125,0.0,0.0
2020-12-22 00:00:00+00:00,121.14647392350513,121.82561355389575,120.20766124097565,121.62586212158203,101943691,0.0,0.0
2020-12-23 00:00:00+00:00,121.00665470062968,123.21884757716482,120.16771390379787,122.84432220458984,39000946,0.0,0.0
2020-12-24 00:00:00+00:00,122.84432079041619,124.36239359709265,122.74444888282689,123.08401489257812,16668500,0.0,0.0
2020-12-29 00:00:00+00:00,125.02156611248985,126.10020103814603,123.18389094806766,123.24382019042969,42488842,0.0,0.0
2020-12-30 00:00:00+00:00,123.00411644439893,126.80129847274735,122.02535350636853,122.28502655029297,24375751,0.0,0.0
2020-12-31 00:00:00+00:00,120.647104079901,122.0453259762035,119.6283908471802,120.78692626953125,18463627,0.0,0.0
2021-01-04 00:00:00+00:00,122.24507688057116,126.9191535960551,120.78692575228716,123.48350524902344,65629549,0.0,0.0
2021-01-05 00:00:00+00:00,123.3436785357449,125.04152369441479,122.94418331613505,124.26251220703125,61428496,0.0,0.0
2021-01-06 00:00:00+00:00,126.43974895467133,130.43469339837762,126.08020403093514,129.3760223388672,111263821,0.0,0.0
2021-01-07 00:00:00+00:00,131.4334488559051,131.55329210336984,129.21625734094565,130.99400329589844,132830640,0.0,0.0
2021-01-08 00:00:00+00:00,131.233664671726,133.27109092550984,127.17880635421147,128.2774200439453,144800592,0.0,0.0
2021-01-11 00:00:00+00:00,128.81673571593285,130.1150932527244,119.84810666737708,128.13760375976562,45473203,0.0,0.0
2021-01-12 00:00:00+00:00,128.31737358099627,128.8427087775873,125.17535949732407,125.5408935546875,57980802,0.0,0.0
2021-01-13 00:00:00+00:00,125.80056616887354,128.33735209746433,125.54089312837937,127.35858917236328,79862942,0.0,0.0
2021-01-14 00:00:00+00:00,126.8592339469237,128.89665293790387,126.20007323734274,128.7768096923828,194642208,0.0,0.0
2021-01-15 00:00:00+00:00,127.8379944083891,129.03647255807243,125.94039765494192,127.0589828491211,75182881,0.0,0.0
2021-01-18 00:00:00+00:00,126.61953461566449,126.89917900333516,125.50095706498182,126.22003936767578,78457359,0.0,0.0
2021-01-19 00:00:00+00:00,126.8392562866211,127.73811868189121,125.8005716987243,126.8392562866211,43730562,0.0,0.0
2021-01-20 00:00:00+00:00,127.67819117280378,128.01775718243127,125.84052369066832,126.97908020019531,86598519,0.0,0.0
2021-01-21 00:00:00+00:00,127.71813687266919,128.2374753451347,126.7593528790682,127.75808715820312,60742008,0.0,0.0
2021-01-22 00:00:00+00:00,127.8379860219231,128.117630397188,126.24001272059661,127.17881774902344,56728926,0.0,0.0
2021-01-25 00:00:00+00:00,128.19754512329547,129.12936295510477,126.00033254381341,128.23748779296875,54170495,0.0,0.0
2021-01-26 00:00:00+00:00,128.17755158593286,129.57578869705438,127.93786511620807,128.99652099609375,73027114,0.0,0.0
2021-01-27 00:00:00+00:00,128.69689317093676,132.13254135200512,127.33861401189752,128.0177459716797,74096717,0.0,0.0
2021-01-28 00:00:00+00:00,126.35985530883586,128.59701791923757,124.18261431575901,126.41978454589844,68367815,0.0,0.0
2021-01-29 00:00:00+00:00,125.10145813665756,126.9990547939753,124.44228985390743,124.6819839477539,50026307,0.0,0.0
2021-02-01 00:00:00+00:00,125.50095948177156,126.63951600763495,124.42232457735206,126.24002075195312,66527643,0.0,0.0
2021-02-02 00:00:00+00:00,127.61827578704532,127.93787809840988,126.14015319567675,127.21878051757812,43870118,0.0,0.0
2021-02-03 00:00:00+00:00,131.0339295525201,135.32848984265434,127.23874400331404,134.68930053710938,115880353,0.0,0.0
2021-02-04 00:00:00+00:00,136.82660098190112,137.06630270340932,134.78918968724818,135.64810180664062,103651119,0.0,0.0
2021-02-05 00:00:00+00:00,135.84784051320904,136.2273491753144,132.25239102316675,133.91029357910156,91159080,0.0,0.0
2021-02-08 00:00:00+00:00,134.62937792385972,134.7292422036732,132.23240661621094,132.23240661621094,70035937,0.0,0.0
2021-02-09 00:00:00+00:00,131.83292525882518,132.95150277832843,130.07515840825212,132.0326690673828,32656794,0.0,0.0
2021-02-10 00:00:00+00:00,133.03141929128728,133.67060869895352,131.57327559855383,132.79173278808594,99152076,0.0,0.0
2021-02-11 00:00:00+00:00,132.5919653328409,133.85038035299362,131.87287538974698,133.35101318359375,76325608,0.0,0.0
2021-02-12 00:00:00+00:00,133.2111784942401,133.75048828125,132.21244424909383,133.75048828125,27523671,0.0,0.0
2021-02-15 00:00:00+00:00,134.22988190965424,135.9077634342497,133.76148138159394,135.42837524414062,43163841,0.0,0.0
2021-02-16 00:00:00+00:00,135.32850218268965,136.00763421448798,132.83166634906067,133.47085571289062,41265961,0.0,0.0
2021-02-17 00:00:00+00:00,132.81168785220154,133.28508695255954,131.83293246910554,132.53204345703125,47638528,0.0,0.0
2021-02-18 00:00:00+00:00,132.33228830303946,132.85163438079127,129.69563048907114,130.11509704589844,53348578,0.0,0.0
2021-02-19 00:00:00+00:00,130.45467820335313,132.0127013783026,130.32285672693277,130.99400329589844,78337747,0.0,0.0
2021-02-22 00:00:00+00:00,130.55455193368994,131.07389804875095,129.39601646142935,130.2549285888672,65574957,0.0,0.0
2021-02-23 00:00:00+00:00,130.05518761030075,130.83419918015423,126.8792120887716,129.77554321289062,70890192,0.0,0.0
2021-02-24 00:00:00+00:00,127.5583473950016,129.57579496987833,125.14141219159389,125.34115600585938,100284878,0.0,0.0
2021-02-25 00:00:00+00:00,125.8405253379724,126.71940880357629,123.6832555318471,124.54216766357422,62773095,0.0,0.0
2021-02-26 00:00:00+00:00,123.20387043467261,125.25926439272351,121.12650115103757,121.86556243896484,117341835,0.0,0.0
2021-03-01 00:00:00+00:00,123.5833771526548,124.28549027451409,122.62459316226551,123.48350524902344,67165401,0.0,0.0
2021-03-02 00:00:00+00:00,123.28376348391677,125.10145959117354,122.70449576562645,124.00285339355469,72446804,0.0,0.0
2021-03-03 00:00:00+00:00,125.3611263191849,125.70069994435846,123.08401332824211,125.08148193359375,57082549,0.0,0.0
2021-03-04 00:00:00+00:00,124.2425459937532,125.98034150795539,123.84305075768407,125.56087493896484,78968047,0.0,0.0
2021-03-05 00:00:00+00:00,124.28250050891725,125.96037446171874,123.0220967679953,124.40234375,59621212,0.0,0.0
2021-03-08 00:00:00+00:00,125.10145357774927,126.0802088701353,124.08274038148413,125.90043640136719,70133883,0.0,0.0
2021-03-09 00:00:00+00:00,124.84178626784278,129.13634676335172,124.84178626784278,127.51839447021484,93896343,0.0,0.0
2021-03-10 00:00:00+00:00,127.55834532677855,129.1563262939453,126.08021521807068,129.1563262939453,113199404,0.0,0.0
2021-03-11 00:00:00+00:00,130.175025124414,132.1724937262536,129.09639025068347,131.6132049560547,78585236,0.0,0.0
2021-03-12 00:00:00+00:00,130.39473690316427,132.83165083039884,129.67564704793196,132.65188598632812,83521592,0.0,0.0
2021-03-15 00:00:00+00:00,132.87160735023912,134.3297661641564,132.87160735023912,132.89158630371094,59867555,0.0,0.0
2021-03-16 00:00:00+00:00,133.65065089848264,134.409683591343,132.39223574307,134.34976196289062,122349728,0.0,0.0
2021-03-17 00:00:00+00:00,135.86781300510333,137.40587242390689,134.9489792403854,136.7467041015625,138637233,0.0,0.0
2021-03-18 00:00:00+00:00,137.44580958088025,137.96515568427932,135.4882988856835,135.9477081298828,53616380,0.0,0.0
2021-03-19 00:00:00+00:00,134.68932640442827,157.320652340646,132.9115803307285,133.77049255371094,160360484,0.0,0.0
2021-03-22 00:00:00+00:00,132.5120596608507,133.75049567954616,124.84178754880087,132.49209594726562,95358636,0.0,0.0
2021-03-23 00:00:00+00:00,132.13255771270383,136.46706113947178,131.43344671475364,133.93028259277344,191609846,0.0,0.0
2021-03-24 00:00:00+00:00,133.13127792589137,134.0501116026889,132.31230852992334,133.75048828125,86461663,0.0,0.0
2021-03-25 00:00:00+00:00,133.8303843391126,136.44706309657383,127.83797907019712,134.5294952392578,52964840,0.0,0.0
2021-03-26 00:00:00+00:00,135.52823571957174,136.2473256042609,134.26983604110336,135.20864868164062,56424459,0.0,0.0
2021-03-29 00:00:00+01:00,133.63065349641587,136.24733250748997,131.61320592662705,132.31231689453125,70820803,0.0,0.0
2021-03-30 00:00:00+01:00,133.33102587017942,135.4483376590512,132.5320354013394,133.91029357910156,56953929,0.0,0.0
2021-03-31 00:00:00+01:00,133.85036435039547,134.13000871266811,131.71307373046875,131.71307373046875,68822745,0.0,0.0
2021-04-01 00:00:00+01:00,132.37222156410024,133.97320452493597,131.83291181205593,133.49081420898438,42321606,0.0,0.0
2021-04-06 00:00:00+01:00,133.3310378651931,134.64937454330354,132.9714928838427,134.44961547851562,75226088,0.0,0.0
2021-04-07 00:00:00+01:00,136.1674329318379,137.6855133586078,135.4283792915565,136.46705627441406,58750877,0.0,0.0
2021-04-08 00:00:00+01:00,136.30725619451434,136.80662335622876,135.248600249996,136.28729248046875,178741824,0.0,0.0
2021-04-09 00:00:00+01:00,136.50696957598856,136.58687013278558,133.91027005771426,134.4695587158203,89180987,0.0,0.0
2021-04-12 00:00:00+01:00,134.26984436804474,135.20865706680388,133.07136623239586,134.6493682861328,35355266,0.0,0.0
2021-04-13 00:00:00+01:00,134.22988062295218,134.72924776104273,132.83165873208887,133.91029357910156,44505787,0.0,0.0
2021-04-14 00:00:00+01:00,133.8703252654589,134.1899275239359,132.2523807404737,133.95022583007812,63425563,0.0,0.0
2021-04-15 00:00:00+01:00,133.97020930577327,134.85908216290565,133.1112972564507,133.1712188720703,59736846,0.0,0.0
2021-04-16 00:00:00+01:00,133.79045404369379,135.80788636496627,133.55075232456812,135.00889587402344,107480216,0.0,0.0
2021-04-19 00:00:00+01:00,135.1287435999771,135.82785450911433,133.5707206483356,135.1087646484375,41549840,0.0,0.0
2021-04-20 00:00:00+01:00,134.5694513547032,134.75121256658977,131.03392375889004,131.31356811523438,54392750,0.0,0.0
2021-04-21 00:00:00+01:00,131.83294175539484,133.25114278493527,131.71309850315916,132.671875,34556656,0.0,0.0
2021-04-22 00:00:00+01:00,133.03141253300024,134.13002641511966,131.89285598220226,133.93028259277344,84488852,0.0,0.0
2021-04-23 00:00:00+01:00,133.1113263240294,134.16998240308814,132.3522936279725,133.41094970703125,47240614,0.0,0.0
2021-04-26 00:00:00+01:00,133.23115493293844,134.90903654958223,132.77174567039455,134.1699676513672,84627219,0.0,0.0
2021-04-27 00:00:00+01:00,133.95026097365516,135.16871823469646,132.81170429819605,134.8690948486328,49371737,0.0,0.0
2021-04-28 00:00:00+01:00,135.04886420225483,136.5070078642378,134.84912037397356,134.96896362304688,41635491,0.0,0.0
2021-04-29 00:00:00+01:00,135.62810444924142,136.33320443943867,134.58941236979422,135.30850219726562,62133020,0.0,0.0
2021-04-30 00:00:00+01:00,135.14872391362124,137.66552321188098,135.14872391362124,136.62684631347656,61380402,0.0,0.0
2021-05-04 00:00:00+01:00,136.4470603674756,140.04250955270163,136.4470603674756,137.6455535888672,90884655,0.0,0.0
2021-05-05 00:00:00+01:00,138.50445998836634,140.72165126674963,113.7758051743895,140.3621063232422,110585721,0.0,0.0
2021-05-06 00:00:00+01:00,140.80154833886164,142.0679487145365,139.36336860055616,141.84024047851562,128672339,0.0,0.0
2021-05-07 00:00:00+01:00,142.29965597260295,142.3196349252597,140.49495154051323,141.6405029296875,41851334,0.0,0.0
2021-05-10 00:00:00+01:00,142.040002269124,142.55934840473319,141.63751244290918,142.23974609375,47542991,0.0,0.0
2021-05-11 00:00:00+01:00,141.40081341399258,141.40081341399258,138.04506533353867,138.7241973876953,72537977,0.0,0.0
2021-05-12 00:00:00+01:00,138.72419514514277,140.32217620123222,138.4645297003059,139.96263122558594,57872212,0.0,0.0
2021-05-13 00:00:00+01:00,138.8240685557906,139.563137428558,136.06057243747614,139.2834930419922,39554562,0.0,0.0
2021-05-14 00:00:00+01:00,140.42205738796255,141.16111106255082,139.6829884738973,140.54190063476562,41757987,0.0,0.0
2021-05-17 00:00:00+01:00,140.5219108565663,142.11989180841303,139.66299876185693,141.52064514160156,70683171,0.0,0.0
2021-05-18 00:00:00+01:00,134.82913123610493,135.08879666931122,128.69690321020482,128.9166259765625,213383524,0.0,0.0
2021-05-19 00:00:00+01:00,128.55708409122192,129.91536338869724,125.30120804406153,126.24002075195312,140647445,0.0,0.0
2021-05-20 00:00:00+01:00,126.81928487347105,127.93787003351862,124.7219367459146,127.7181396484375,87819785,0.0,0.0
2021-05-21 00:00:00+01:00,128.03773924507283,128.15759772862796,125.48098177488676,127.31865692138672,112945805,0.0,0.0
2021-05-24 00:00:00+01:00,127.7381174539435,129.89537956211598,127.7381174539435,129.21624755859375,78984822,0.0,0.0
2021-05-25 00:00:00+01:00,129.4359739483021,130.01522644307573,126.9990597695528,127.73812103271484,78846223,0.0,0.0
2021-05-26 00:00:00+01:00,127.41852924267474,128.17756185674995,126.33989432405627,126.81929016113281,54630622,0.0,0.0
2021-05-27 00:00:00+01:00,127.43849488516193,128.33735727719886,126.89917744993977,128.21751403808594,157817241,0.0,0.0
2021-05-28 00:00:00+01:00,129.17628064551397,129.61572614161034,127.63823664865156,128.13760375976562,89858538,0.0,0.0
2021-06-01 00:00:00+01:00,127.93787034348011,128.83672512062427,127.9178913903616,128.09765625,87975569,0.0,0.0
2021-06-02 00:00:00+01:00,128.13761734843416,128.33736116616714,127.17782750234181,127.558349609375,93013712,0.0,0.0
2021-06-03 00:00:00+01:00,127.6981700847535,128.23747990931196,126.35986214081649,127.41852569580078,74494048,0.0,0.0
2021-06-04 00:00:00+01:00,127.11889265819634,128.19752746452247,127.01902075829301,127.77806091308594,40414364,0.0,0.0
2021-06-07 00:00:00+01:00,128.27743627721554,129.83545935111272,127.99779189161738,128.97654724121094,44116037,0.0,0.0
2021-06-08 00:00:00+01:00,128.95659202183813,129.91538383426067,127.95785753532581,128.4172821044922,86001126,0.0,0.0
2021-06-09 00:00:00+01:00,128.19752572548046,128.55707065604517,127.27869206725398,128.0776824951172,45755126,0.0,0.0
2021-06-10 00:00:00+01:00,128.5370827444684,129.9353197056298,128.05668881168629,129.6356964111328,77438431,0.0,0.0
2021-06-11 00:00:00+01:00,129.57581013939074,130.33484281825048,127.9578500036295,129.67567443847656,56986223,0.0,0.0
2021-06-14 00:00:00+01:00,130.05518725196688,130.7942561513583,129.27617568425978,129.83546447753906,36691104,0.0,0.0
2021-06-15 00:00:00+01:00,130.51459488842045,132.1525338190029,130.0551856308717,131.8329315185547,177670407,0.0,0.0
2021-06-16 00:00:00+01:00,131.67312075300046,132.17248788137758,129.99525451660156,129.99525451660156,65317372,0.0,0.0
2021-06-17 00:00:00+01:00,129.8354627131063,132.03267518804822,129.51287347563365,130.1350860595703,62568546,0.0,0.0
2021-06-18 00:00:00+01:00,129.73557819375188,129.915358290505,126.77933322903583,127.51839447021484,200031593,0.0,0.0
2021-06-21 00:00:00+01:00,126.87919990459646,129.5358290446157,126.21603890028511,129.296142578125,216279766,0.0,0.0
2021-06-22 00:00:00+01:00,129.67566191871538,130.37477290273114,129.01649360258202,130.07516479492188,47460507,0.0,0.0
2021-06-23 00:00:00+01:00,130.4347072858265,131.8728718944188,130.23494823177995,130.49462890625,72461141,0.0,0.0
2021-06-24 00:00:00+01:00,127.1362393095551,127.1362393095551,125.17814636230469,125.17814636230469,154716266,3.8343,0.0
2021-06-25 00:00:00+01:00,125.77755990849167,125.83749911761738,122.06117650320256,122.88037872314453,169756121,0.0,0.0
2021-06-28 00:00:00+01:00,122.48076597144737,122.8204392737697,120.21697088899586,120.4427490234375,178013654,0.0,0.0
2021-06-29 00:00:00+01:00,120.82237546174433,122.05717338162596,120.50268700056353,120.98221588134766,59795433,0.0,0.0
2021-06-30 00:00:00+01:00,120.90229639012342,122.28095912347075,120.28290426074075,121.22198486328125,52526532,0.0,0.0
2021-07-01 00:00:00+01:00,121.78144457958317,122.80044919897674,120.74245514339255,121.58163452148438,96937183,0.0,0.0
2021-07-02 00:00:00+01:00,121.36185790883553,122.40083974889151,121.36185790883553,121.74148559570312,89285266,0.0,0.0
2021-07-05 00:00:00+01:00,121.88135067758964,122.34090239665507,121.50172298496378,122.04119873046875,31862622,0.0,0.0
2021-07-06 00:00:00+01:00,121.9412889460205,121.9412889460205,118.9042445625112,119.16399383544922,101062991,0.0,0.0
2021-07-07 00:00:00+01:00,119.50366334631515,120.16301748352036,118.46467390947039,118.96418762207031,92050869,0.0,0.0
2021-07-08 00:00:00+01:00,118.22490549754122,118.98416849833791,116.54654668837159,117.74537658691406,59267202,0.0,0.0
2021-07-09 00:00:00+01:00,117.40569897312945,119.18196960285456,117.06603330908428,118.52461242675781,58134623,0.0,0.0
2021-07-12 00:00:00+01:00,118.64449867446542,119.72344249664819,117.66544844803227,119.54362487792969,45153635,0.0,0.0
2021-07-13 00:00:00+01:00,120.02315881894795,120.16302205403781,118.62451884607468,119.2039566040039,98406915,0.0,0.0
2021-07-14 00:00:00+01:00,118.90424880495674,119.14402089098122,117.24586713081588,117.36575317382812,82225236,0.0,0.0
2021-07-15 00:00:00+01:00,117.5255867483952,117.57354421159043,114.48854243381959,115.1878662109375,78660389,0.0,0.0
2021-07-16 00:00:00+01:00,115.76729419494187,117.00609367831201,115.56749176057859,116.4865951538086,62406757,0.0,0.0
2021-07-19 00:00:00+01:00,115.50755315867977,115.74731760556435,111.91104834553924,112.89009857177734,177547177,0.0,0.0
2021-07-20 00:00:00+01:00,113.60940980746541,114.98806502918376,112.8101847496149,113.22977447509766,114035350,0.0,0.0
2021-07-21 00:00:00+01:00,113.34964803974826,115.22781681032939,112.86412066172831,114.98805236816406,263352287,0.0,0.0
2021-07-22 00:00:00+01:00,115.42763318360926,117.22587803126706,115.16788391089023,115.9271469116211,73613705,0.0,0.0
2021-07-23 00:00:00+01:00,119.98319536278122,121.02118634798032,117.92520125237442,118.72441864013672,102059181,0.0,0.0
2021-07-26 00:00:00+01:00,118.08504116439545,118.22490439719118,116.48659877389107,117.48562622070312,87654362,0.0,0.0
2021-07-27 00:00:00+01:00,117.28582663323343,117.52559109214798,115.80726262231514,116.62646484375,54203438,0.0,0.0
2021-07-28 00:00:00+01:00,116.64644610857142,116.98611177985669,115.1079429352791,115.22782135009766,92656286,0.0,0.0
2021-07-29 00:00:00+01:00,115.80726004071035,117.04605956509845,114.52850612570609,116.28679656982422,92081469,0.0,0.0
2021-07-30 00:00:00+01:00,115.38767000406162,117.06603641809059,115.12792073396886,116.06700897216797,52510015,0.0,0.0
2021-08-02 00:00:00+01:00,116.22684966308017,117.40570235681528,116.06700923479764,116.68640899658203,47149688,0.0,0.0
2021-08-03 00:00:00+01:00,117.02607259068692,117.66544953640349,116.38669564497036,117.58552551269531,46258137,0.0,0.0
2021-08-04 00:00:00+01:00,117.76534743499377,118.2848459524767,99.90274022642049,116.80628204345703,48358180,0.0,0.0
2021-08-05 00:00:00+01:00,116.30677469045557,117.96516392727817,116.02704822206974,117.34576416015625,123936018,0.0,0.0
2021-08-06 00:00:00+01:00,117.30580190870495,119.1240315714901,116.82627299872568,118.54460144042969,100410683,0.0,0.0
2021-08-09 00:00:00+01:00,118.46467574806218,119.82335367717882,117.30580025829671,119.2638931274414,77133155,0.0,0.0
2021-08-10 00:00:00+01:00,118.88426736704271,119.36380390000717,117.94517911855688,119.16399383544922,38324507,0.0,0.0
2021-08-11 00:00:00+01:00,118.76438308062613,120.32287111927451,118.76438308062613,119.86331939697266,52765758,0.0,0.0
2021-08-12 00:00:00+01:00,120.12306129173753,122.08115422536025,120.12306129173753,120.48271179199219,47721118,0.0,0.0
2021-08-13 00:00:00+01:00,120.64255034425118,121.002200816179,119.72343934822779,120.18299865722656,47549888,0.0,0.0
2021-08-16 00:00:00+01:00,119.6435307067781,120.14304443662373,118.90424489878482,119.38378143310547,32384638,0.0,0.0
2021-08-17 00:00:00+01:00,119.18398447615718,120.82238897571085,118.70444791976281,120.28291320800781,44109783,0.0,0.0
2021-08-18 00:00:00+01:00,120.80239018654731,122.0771501119796,120.30287649147692,121.56165313720703,50925435,0.0,0.0
2021-08-19 00:00:00+01:00,120.7224764975998,121.70152677739436,119.4237453524547,121.10211181640625,176219310,0.0,0.0
2021-08-20 00:00:00+01:00,121.38183909950259,122.74051708518915,120.42077667373093,122.5606918334961,43743164,0.0,0.0
2021-08-23 00:00:00+01:00,123.10016075444717,123.51975044444511,121.54168040761229,122.20103454589844,39855090,0.0,0.0
2021-08-24 00:00:00+01:00,122.78047380260999,122.78047380260999,120.8623429486115,122.28096008300781,45429935,0.0,0.0
2021-08-25 00:00:00+01:00,122.42082282833198,123.40985785506176,121.72149905048282,122.86039733886719,41340346,0.0,0.0
2021-08-26 00:00:00+01:00,122.44080621450759,123.27899478726108,121.88135326151945,122.38086700439453,37322556,0.0,0.0
2021-08-27 00:00:00+01:00,122.20103865283406,122.96030165690081,121.50172247933484,122.6206283569336,35621168,0.0,0.0
2021-08-31 00:00:00+01:00,122.8803743332803,123.02023756422689,121.52169641382103,121.84138488769531,171101415,0.0,0.0
2021-09-01 00:00:00+01:00,122.48076369649965,123.85942645388502,121.84138673903598,122.14109802246094,54469205,0.0,0.0
2021-09-02 00:00:00+01:00,122.32091961480187,123.100159782064,120.90229488719781,121.1420669555664,59817986,0.0,0.0
2021-09-03 00:00:00+01:00,121.58164082493951,122.02121535357243,120.36283370623192,120.70249938964844,46120020,0.0,0.0
2021-09-06 00:00:00+01:00,120.82238108224814,121.86137053491176,110.30262335424408,121.48173522949219,27347892,0.0,0.0
2021-09-07 00:00:00+01:00,121.98125415491191,122.48076789643241,121.2419759516145,122.16107940673828,50833034,0.0,0.0
2021-09-08 00:00:00+01:00,121.56166377843772,122.79945723780513,120.40278824588154,121.72150421142578,47669506,0.0,0.0
2021-09-09 00:00:00+01:00,121.10210184319706,121.2419650685102,118.7044345747267,118.76437377929688,63451926,0.0,0.0
2021-09-10 00:00:00+01:00,118.96418958791187,119.18397684460365,116.36671976386491,116.64644622802734,53933069,0.0,0.0
2021-09-13 00:00:00+01:00,117.12897342503199,118.16496746833968,116.66642626922078,117.60551452636719,1395120,0.0,0.0
2021-09-14 00:00:00+01:00,117.44566180607227,117.88523631271079,115.52753097669861,115.9471206665039,63028129,0.0,0.0
2021-09-15 00:00:00+01:00,115.38767184102754,116.24683606795679,114.54849243164062,114.54849243164062,90736056,0.0,0.0
2021-09-16 00:00:00+01:00,115.26778840572604,115.92615172527324,114.82822149553458,114.8881607055664,51039143,0.0,0.0
2021-09-17 00:00:00+01:00,116.30678039549136,116.58650687759823,114.04898372021448,114.20882415771484,153645949,0.0,0.0
2021-09-20 00:00:00+01:00,112.87012382912164,114.44858139587592,112.71027577974299,114.02899169921875,68209310,0.0,0.0
2021-09-21 00:00:00+01:00,114.34867445349109,115.52752708175281,113.70929753192277,113.92908477783203,57952751,0.0,0.0
2021-09-22 00:00:00+01:00,114.22879881676084,115.56749960821743,114.21081857816051,115.28777313232422,53151064,0.0,0.0
2021-09-23 00:00:00+01:00,115.98708840397654,116.16691365448092,114.20882071675261,114.22879791259766,72717501,0.0,0.0
2021-09-24 00:00:00+01:00,114.14887512377723,114.78825206270965,113.44955135671256,113.68932342529297,73449412,0.0,0.0
2021-09-27 00:00:00+01:00,113.98902071942548,116.18688549363003,113.54545232586187,115.76728820800781,65682640,0.0,0.0
2021-09-28 00:00:00+01:00,115.88718396454993,116.20687244302142,114.7682704789124,114.86817932128906,90957669,0.0,0.0
2021-09-29 00:00:00+01:00,114.32870574845848,115.74732292215018,113.71829990522072,115.3876724243164,59718332,0.0,0.0
2021-09-30 00:00:00+01:00,115.94712194595347,116.3537314178707,113.18981170654297,113.18981170654297,82732809,0.0,0.0
2021-10-01 00:00:00+01:00,112.23073694760704,113.22976436977328,111.59136000717861,112.09087371826172,75762260,0.0,0.0
2021-10-04 00:00:00+01:00,111.99097562014356,114.86817955419542,111.5314239077824,113.66934204101562,54911532,0.0,0.0
2021-10-05 00:00:00+01:00,114.24878114430264,115.08796055368956,113.68932820471136,114.54849243164062,55619606,0.0,0.0
2021-10-06 00:00:00+01:00,113.34965089804142,114.88815404951534,111.33161885014475,111.51144409179688,146985773,0.0,0.0
2021-10-07 00:00:00+01:00,112.21076429017144,113.44755925223559,111.7861745697924,112.33065032958984,46330538,0.0,0.0
2021-10-08 00:00:00+01:00,112.73026027699048,117.60551939118908,111.26069776483948,111.99098205566406,48408512,0.0,0.0
2021-10-11 00:00:00+01:00,111.95100980397537,112.43054631734995,110.99194439920048,111.65130615234375,46364628,0.0,0.0
2021-10-12 00:00:00+01:00,110.61232178631496,111.03191149098302,109.99292201610879,110.91202545166016,98065068,0.0,0.0
2021-10-13 00:00:00+01:00,110.07284470305109,110.76217608231474,109.3255710731775,110.03288269042969,127282552,0.0,0.0
2021-10-14 00:00:00+01:00,110.3126085887355,111.52143088190323,109.83307968369724,111.01193237304688,71181133,0.0,0.0
2021-10-15 00:00:00+01:00,110.89204876733193,111.17177523840024,109.52538297383398,110.33259582519531,62877767,0.0,0.0
2021-10-18 00:00:00+01:00,109.83307847503721,110.94199953595003,108.84604040735455,109.33356475830078,48588937,0.0,0.0
2021-10-19 00:00:00+01:00,109.87303972642309,109.87303972642309,108.85402748302916,109.2936019897461,69315627,0.0,0.0
2021-10-20 00:00:00+01:00,109.4934077141479,112.5804065183329,109.26862806081772,111.89107513427734,57778136,0.0,0.0
2021-10-21 00:00:00+01:00,111.3715859721077,111.76919390609065,110.77216339111328,110.77216339111328,48771724,0.0,0.0
2021-10-22 00:00:00+01:00,110.57235600815432,111.2916569756496,109.95295625903907,110.71221923828125,34952040,0.0,0.0
2021-10-25 00:00:00+01:00,110.91201595658237,112.03092936188267,110.55237311335176,110.61231231689453,40880258,0.0,0.0
2021-10-26 00:00:00+01:00,110.41250653553428,113.19979393760221,110.37255214627767,112.45052337646484,61456501,0.0,0.0
2021-10-27 00:00:00+01:00,112.0708969358426,112.87012192530601,111.7512084644521,111.91104888916016,36220848,0.0,0.0
2021-10-28 00:00:00+01:00,110.79214669962911,111.71125013240405,108.87401580810547,108.87401580810547,80095763,0.0,0.0
2021-10-29 00:00:00+01:00,108.25460972792945,109.19269944481276,107.67517200636568,107.93492126464844,87022705,0.0,0.0
2021-11-01 00:00:00+00:00,108.0548169120954,109.553358146196,107.65520439194027,109.25364685058594,66568090,0.0,0.0
2021-11-02 00:00:00+00:00,109.21367928263568,110.05286629448459,108.11475062457296,108.3545150756836,106271384,0.0,0.0
2021-11-03 00:00:00+00:00,108.0148512375799,108.12274028812661,106.19662157336457,106.83599853515625,104225561,0.0,0.0
2021-11-04 00:00:00+00:00,107.43541694240422,113.22977179790676,106.63818886086152,110.05287170410156,165314194,0.0,0.0
2021-11-05 00:00:00+00:00,110.09281826374838,112.27069833687902,109.09379084711918,111.25169372558594,80613670,0.0,0.0
2021-11-08 00:00:00+00:00,110.99194452747939,111.45149622475842,110.11280314424658,110.85208129882812,48452394,0.0,0.0
2021-11-09 00:00:00+00:00,111.05189539349315,113.20979072970187,110.8001339507921,111.6712875366211,72087304,0.0,0.0
2021-11-10 00:00:00+00:00,111.83113701615271,112.71027844258188,104.89788396102988,112.15082550048828,109757124,0.0,0.0
2021-11-11 00:00:00+00:00,112.27069902992686,114.44658215922027,111.89107135317506,113.90910339355469,79393581,0.0,0.0
2021-11-12 00:00:00+00:00,113.80920493404074,114.84819439356748,113.44955444335938,113.44955444335938,103074308,0.0,0.0
2021-11-15 00:00:00+00:00,113.30969795913747,113.8891357421875,111.72424331850684,112.39059448242188,68597414,0.0,0.0
2021-11-16 00:00:00+00:00,115.88718977278094,119.82336055409532,115.22383405066239,117.8053207397461,146990771,0.0,0.0
2021-11-17 00:00:00+00:00,117.88523901928137,118.24488951079307,113.3646382867318,114.06895446777344,257977052,0.0,0.0
2021-11-18 00:00:00+00:00,113.88912640846853,117.00609471724265,113.24675403053219,114.92811584472656,75691970,0.0,0.0
2021-11-19 00:00:00+00:00,114.32870077854065,115.10794094931501,112.63034958549265,113.5094985961914,203925068,0.0,0.0
2021-11-22 00:00:00+00:00,115.56749617342902,117.42568784746346,114.82821799168696,117.1259765625,127903907,0.0,0.0
2021-11-23 00:00:00+00:00,116.38670132368479,117.62549326370669,115.68738513705341,115.8672103881836,85065852,0.0,0.0
2021-11-24 00:00:00+00:00,116.0470314697575,118.26486599137678,115.63143568749894,117.66545104980469,129631623,0.0,0.0
2021-11-25 00:00:00+00:00,113.74926448016122,113.98902893066406,112.51047259359301,113.98902893066406,60897094,0.0,0.0
2021-11-26 00:00:00+00:00,113.3496591555476,114.96808644831896,109.29360994743566,109.51339721679688,287208951,0.0,0.0
2021-11-29 00:00:00+00:00,110.89204268442444,111.79516279375123,109.79311405609076,110.01290130615234,69356032,0.0,0.0
2021-11-30 00:00:00+00:00,109.29360466691848,109.75315637975467,107.79506349037565,109.23365783691406,109805072,0.0,0.0
2021-12-01 00:00:00+00:00,107.33551366205972,112.51047625412491,107.33551366205972,110.95198822021484,75295543,0.0,0.0
2021-12-02 00:00:00+00:00,109.41347383134963,110.63228843806161,108.6941805298887,109.95294952392578,54126390,0.0,0.0
2021-12-03 00:00:00+00:00,110.55237812345153,110.76217296733286,108.75412571593392,110.27264404296875,272497787,0.0,0.0
2021-12-06 00:00:00+00:00,111.6912664658758,113.26972396654747,111.2916539811336,112.77021026611328,64683124,0.0,0.0
2021-12-07 00:00:00+00:00,113.2897128000852,113.76924170120041,111.37158195167542,111.77118682861328,83372834,0.0,0.0
2021-12-08 00:00:00+00:00,110.9719733545653,115.4675969759536,110.63230005085579,112.99000549316406,148296799,0.0,0.0
2021-12-09 00:00:00+00:00,112.89009472715816,114.3087117873761,112.89009472715816,113.08989715576172,135654830,0.0,0.0
2021-12-10 00:00:00+00:00,112.25071780925784,113.7092968795913,111.81114331996109,113.08989715576172,55890320,0.0,0.0
2021-12-13 00:00:00+00:00,113.14984907883674,113.7692412085932,112.09087481800816,112.35062408447266,83220782,0.0,0.0
2021-12-14 00:00:00+00:00,113.04994301347833,114.38863605637657,112.85013296246613,114.1089096069336,59200775,0.0,0.0
2021-12-15 00:00:00+00:00,113.90910895584649,114.20882024611029,110.73220129134411,111.1717758178711,110406631,0.0,0.0
2021-12-16 00:00:00+00:00,112.45052967502836,112.45052967502836,109.79312056610802,111.5713882446289,152149731,0.0,0.0
2021-12-17 00:00:00+00:00,111.01193438224018,114.40862165732352,111.01193438224018,114.14888000488281,299411321,0.0,0.0
2021-12-20 00:00:00+00:00,112.43055290372618,112.89010462739542,109.83308299421645,111.39156341552734,133117009,0.0,0.0
2021-12-21 00:00:00+00:00,112.25072272594153,113.509499422807,111.27167249016296,113.14984893798828,51850539,0.0,0.0
2021-12-22 00:00:00+00:00,112.91007852707524,113.14985060179637,111.67128662891416,112.43054962158203,36531127,0.0,0.0
2021-12-23 00:00:00+00:00,112.51047548782365,113.46954093648057,112.33065023982707,112.73025512695312,34692361,0.0,0.0
2021-12-24 00:00:00+00:00,112.89010133183575,113.34965304208946,112.37560280720525,112.43054962158203,11003299,0.0,0.0
2021-12-29 00:00:00+00:00,112.630350132009,113.50949914697365,112.27069964806427,112.53044891357422,47097000,0.0,0.0
2021-12-30 00:00:00+00:00,112.39058458149431,112.61037183308068,111.72323499764438,112.27069854736328,27121549,0.0,0.0
2021-12-31 00:00:00+00:00,111.47148651852834,112.1807951049612,111.39156249195078,112.15082550048828,17573916,0.0,0.0
2022-01-04 00:00:00+00:00,113.28971668109492,116.54654836913532,113.0759202901951,115.20784759521484,121997785,0.0,0.0
2022-01-05 00:00:00+00:00,115.18786254645113,115.18786254645113,113.58941260501871,114.18883514404297,74867062,0.0,0.0
2022-01-06 00:00:00+00:00,113.06992327262903,115.17787173061062,112.97002205540191,113.86914825439453,48172062,0.0,0.0
2022-01-07 00:00:00+00:00,113.32968035941076,114.4885482788086,112.48649939360907,114.4885482788086,69394464,0.0,0.0
2022-01-10 00:00:00+00:00,115.30774723366352,119.02413059244586,114.44758453238978,117.34576416015625,269571647,0.0,0.0
2022-01-11 00:00:00+00:00,117.68543464416979,117.8093145946313,115.68737977837387,115.9870834350586,73016676,0.0,0.0
2022-01-12 00:00:00+00:00,116.80628925356652,117.50561305150319,116.09997610485756,116.98611450195312,157396541,0.0,0.0
2022-01-13 00:00:00+00:00,116.68640842369767,117.66545104980469,115.89717582887084,117.66545104980469,89315798,0.0,0.0
2022-01-14 00:00:00+00:00,116.68640644586995,118.82432452849,116.18689273269752,118.16496276855469,100687264,0.0,0.0
2022-01-17 00:00:00+00:00,118.5046321448434,119.88328720377613,118.32480690915877,118.76437377929688,85511319,0.0,0.0
2022-01-18 00:00:00+00:00,118.6844648543454,123.4797920712841,118.2848523474402,121.3818359375,109121750,0.0,0.0
2022-01-19 00:00:00+00:00,120.94225696391601,121.98124639481814,120.20896967947336,120.7424545288086,92313595,0.0,0.0
2022-01-20 00:00:00+00:00,120.88231906876597,121.76945591469682,119.62354237240945,119.8033676147461,80256850,0.0,0.0
2022-01-21 00:00:00+00:00,117.9851349754942,118.88426116415576,117.06603159240647,117.4256820678711,107104891,0.0,0.0
2022-01-24 00:00:00+00:00,119.08406502930457,125.1181915411872,119.02412582333059,122.74050903320312,265476165,0.0,0.0
2022-01-25 00:00:00+00:00,123.73953714347812,125.8175160112643,122.84140941759793,125.39791870117188,104086326,0.0,0.0
2022-01-26 00:00:00+00:00,125.71760933228052,127.0762872598033,124.09918975830078,124.09918975830078,110465395,0.0,0.0
2022-01-27 00:00:00+00:00,122.94031504737315,128.33806021535366,122.64061138680262,125.95738220214844,157837645,0.0,0.0
2022-01-28 00:00:00+00:00,126.25708065735006,128.95445922312365,124.97832679889778,127.49588012695312,192991422,0.0,0.0
2022-01-31 00:00:00+00:00,131.41206545187478,133.2303027471502,129.81363066138303,129.8935546875,151737818,0.0,0.0
2022-02-01 00:00:00+00:00,129.55387690153484,129.6438009605615,126.79656653152652,127.83555603027344,81486084,0.0,0.0
2022-02-02 00:00:00+00:00,130.01342700855648,132.55094993200532,129.1143084338101,132.19131469726562,128938414,0.0,0.0
2022-02-03 00:00:00+00:00,129.91353764841188,134.12943518583987,129.7976531339828,133.45010375976562,169317332,0.0,0.0
2022-02-04 00:00:00+00:00,134.86870245270651,135.78780585496222,134.08946228027344,134.08946228027344,107823624,0.0,0.0
2022-02-07 00:00:00+00:00,134.38918384071783,138.0056585199846,134.16839047006152,137.26637268066406,430042188,0.0,0.0
2022-02-08 00:00:00+00:00,137.0465782169676,139.52417726758162,136.12747479262333,137.0865478515625,136489916,0.0,0.0
2022-02-09 00:00:00+00:00,138.04558858435547,139.8438408198768,137.24637891874355,139.40426635742188,266670674,0.0,0.0
2022-02-10 00:00:00+00:00,139.04462942365203,141.46228920211917,136.84677214172152,138.30535888671875,116623878,0.0,0.0
2022-02-11 00:00:00+00:00,138.28539413137602,139.3843305537412,136.84679199444372,138.76492309570312,82838820,0.0,0.0
2022-02-14 00:00:00+00:00,137.3662537011282,137.62599531121492,134.96859427955997,136.4071807861328,115123621,0.0,0.0
2022-02-15 00:00:00+00:00,136.08753653059654,139.18452808893414,135.90770364150455,138.76492309570312,102756634,0.0,0.0
2022-02-16 00:00:00+00:00,138.02562582336606,139.78390851598834,137.92571698826166,139.36431884765625,158181791,0.0,0.0
2022-02-17 00:00:00+00:00,138.8648026671247,139.72396680417563,136.30729507142368,137.82582092285156,75998226,0.0,0.0
2022-02-18 00:00:00+00:00,138.00565043910908,138.98469306546016,137.2863494602535,137.44619750976562,109354640,0.0,0.0
2022-02-21 00:00:00+00:00,137.2064215146372,137.86578326707087,135.08050044388312,135.82777404785156,47881642,0.0,0.0
2022-02-22 00:00:00+00:00,132.431065680657,136.60700801261174,129.97346688794954,136.3072967529297,121602804,0.0,0.0
2022-02-23 00:00:00+00:00,136.826813466448,137.14649434043307,135.36822660528188,135.44815063476562,86244586,0.0,0.0
2022-02-24 00:00:00+00:00,130.33313072434223,133.49004595094226,129.59384490712762,129.97348022460938,203421000,0.0,0.0
2022-02-25 00:00:00+00:00,130.892595636273,133.92364184924526,129.0144189388546,133.45010375976562,79309221,0.0,0.0
2022-02-28 00:00:00+00:00,131.41205790058473,133.03948658910585,129.77365356920694,131.31216430664062,133561769,0.0,0.0
2022-03-01 00:00:00+00:00,131.7517446510827,133.96758984666278,128.5748294412583,128.79461669921875,85877943,0.0,0.0
2022-03-02 00:00:00+00:00,128.41499103040297,130.41104911785388,126.61674606314979,129.71372985839844,86412947,0.0,0.0
2022-03-03 00:00:00+00:00,129.07434103785727,129.25417390229268,127.47589867263423,127.8755111694336,65348956,0.0,0.0
2022-03-04 00:00:00+00:00,126.79656172480041,127.41596148575763,121.86137132030908,123.33992767333984,116230227,0.0,0.0
2022-03-07 00:00:00+00:00,119.12403224329871,122.6206283546798,115.7672993666149,120.80239868164062,332004351,0.0,0.0
2022-03-08 00:00:00+00:00,118.88426366941385,119.4037545771577,115.58747011550591,116.34673309326172,144898070,0.0,0.0
2022-03-09 00:00:00+00:00,121.88135076792648,122.06117601656142,115.68738353178894,119.82335662841797,112243592,0.0,0.0
2022-03-10 00:00:00+00:00,120.0830974371204,120.82238324407336,117.32578714007431,118.36477661132812,76863471,0.0,0.0
2022-03-11 00:00:00+00:00,118.84430569023523,120.18300644964833,117.70541499594518,119.38378143310547,128046048,0.0,0.0
2022-03-14 00:00:00+00:00,120.88231987724807,121.82140810706181,119.08406744185459,121.66156005859375,70507559,0.0,0.0
2022-03-15 00:00:00+00:00,119.88329426351784,122.16107563500874,119.50566353293426,121.96127319335938,93734462,0.0,0.0
2022-03-16 00:00:00+00:00,123.71955670570946,124.77853099383722,122.74051406544797,124.21907043457031,836166872,0.0,0.0
2022-03-17 00:00:00+00:00,124.63867158857312,125.8375015258789,122.50075337312704,125.8375015258789,133713942,0.0,0.0
2022-03-18 00:00:00+00:00,127.05631740652197,127.99539807100427,126.17717595284334,127.515869140625,518119226,0.0,0.0
2022-03-21 00:00:00+00:00,127.29607685518911,128.91449645890867,126.976388373543,127.85553741455078,136485679,0.0,0.0
2022-03-22 00:00:00+00:00,127.91546958555031,128.37502892561784,126.63672327509701,126.8764877319336,195221303,0.0,0.0
2022-03-23 00:00:00+00:00,126.53681992073763,127.01634882632935,123.99928929422667,124.13915252685547,188296163,0.0,0.0
2022-03-24 00:00:00+00:00,124.49880251862245,125.81751843668216,123.83944074860534,124.71858215332031,99985046,0.0,0.0
2022-03-25 00:00:00+00:00,124.57872035235675,125.46585721851291,123.26000441914822,125.1981201171875,90350098,0.0,0.0
2022-03-28 00:00:00+01:00,125.49783249650781,127.21615332836264,125.17814401360752,125.45787048339844,54142860,0.0,0.0
2022-03-29 00:00:00+01:00,126.41693534114712,127.39597798083865,125.2860324791651,126.4369125366211,186340877,0.0,0.0
2022-03-30 00:00:00+01:00,126.95642286857661,129.2941436767578,126.49687111026685,129.2941436767578,242288918,0.0,0.0
2022-03-31 00:00:00+01:00,126.07726008368178,126.81654587830238,124.71858215332031,124.71858215332031,103090096,0.0,0.0
2022-04-01 00:00:00+01:00,125.23808721316306,126.8565144967798,124.39890015507385,126.2770767211914,109074831,0.0,0.0
2022-04-04 00:00:00+01:00,127.07629423892395,127.43594474666604,124.71858874238133,125.8774642944336,75101158,0.0,0.0
2022-04-05 00:00:00+01:00,124.2390576730431,125.35797119140625,123.12014415467995,125.35797119140625,179713189,0.0,0.0
2022-04-06 00:00:00+01:00,125.27804474391826,127.85553741455078,124.23905527307474,127.85553741455078,109026422,0.0,0.0
2022-04-07 00:00:00+01:00,127.65572488906209,128.8146003764246,126.6167354382464,126.71663665771484,396414388,0.0,0.0
2022-04-08 00:00:00+01:00,127.55580890621876,129.51390154467268,127.3540019113517,129.1542510986328,215216463,0.0,0.0
2022-04-11 00:00:00+01:00,129.69375208172866,131.65183736531952,129.0144054825599,130.69277954101562,108211841,0.0,0.0
2022-04-12 00:00:00+01:00,129.59384023777764,130.71274608820963,129.0743417026704,130.53292846679688,91761624,0.0,0.0
2022-04-13 00:00:00+01:00,129.893566764685,131.99151548050807,129.75370351696347,131.55194091796875,91680683,0.0,0.0
2022-04-14 00:00:00+01:00,131.71177857702986,132.1713379226289,130.57288786587947,132.01148986816406,162898598,0.0,0.0
2022-04-19 00:00:00+01:00,131.6118668751045,131.77169966363772,130.03340185324006,130.25318908691406,60447604,0.0,0.0
2022-04-20 00:00:00+01:00,129.9135330880354,130.35310763957102,127.33604785742013,128.3350830078125,175601257,0.0,0.0
2022-04-21 00:00:00+01:00,128.33507612592211,129.9534957571071,127.61576750254301,128.37503051757812,58685456,0.0,0.0
2022-04-22 00:00:00+01:00,127.83555763486949,129.19424326287725,127.16421408354853,127.515869140625,76415146,0.0,0.0
2022-04-25 00:00:00+01:00,126.317037135678,128.17522886008138,125.5377969200201,126.59676361083984,102424864,0.0,0.0
2022-04-26 00:00:00+01:00,128.05532692626886,128.87453672487112,127.47589681741565,127.57579803466797,72147342,0.0,0.0
2022-04-27 00:00:00+01:00,126.6566987843927,126.73662280959903,124.77852992389158,125.77755737304688,79654043,0.0,0.0
2022-04-28 00:00:00+01:00,126.33700514497842,126.91644287109375,125.6177041914524,126.91644287109375,205352016,0.0,0.0
2022-04-29 00:00:00+01:00,125.85747517045068,126.49685209651383,120.88231536617421,121.42179107666016,137404399,0.0,0.0
2022-05-03 00:00:00+01:00,119.44372276111783,123.75952115868652,119.40376074738411,123.53974151611328,324749835,0.0,0.0
2022-05-04 00:00:00+01:00,124.19909663058135,124.3589446867296,122.02121640839779,122.78047943115234,77377549,0.0,0.0
2022-05-05 00:00:00+01:00,123.77950218898525,124.61868158579063,122.42082425151266,123.33992767333984,72287473,0.0,0.0
2022-05-06 00:00:00+01:00,122.94031889267188,123.02024292011367,119.80337322434153,120.30288696289062,103197860,0.0,0.0
2022-05-09 00:00:00+01:00,119.52364137216748,120.34284356164807,118.56357747329443,118.60453796386719,66804509,0.0,0.0
2022-05-10 00:00:00+01:00,119.46370638421016,119.92325810458968,118.08504360109691,118.62451934814453,79417804,0.0,0.0
2022-05-11 00:00:00+01:00,118.86428605900092,119.74342744671472,116.92617042070584,118.74440002441406,128202633,0.0,0.0
2022-05-12 00:00:00+01:00,117.98513821202599,119.36380094645085,117.6654497386183,118.60453796386719,104073495,0.0,0.0
2022-05-13 00:00:00+01:00,117.98514028475846,118.32481358108203,116.16691063118985,117.70541381835938,181050021,0.0,0.0
2022-05-16 00:00:00+01:00,121.98124652790442,122.709541419955,119.40375395354515,119.94322967529297,185526296,0.0,0.0
2022-05-17 00:00:00+01:00,117.38571890267112,120.96223880574544,114.90812760960995,120.18299865722656,127775798,0.0,0.0
2022-05-18 00:00:00+01:00,120.20298705744165,120.44275152042097,117.70541833731365,117.94518280029297,93952195,0.0,0.0
2022-05-19 00:00:00+01:00,117.80531187467356,118.66447606809328,116.08698348783415,118.34478759765625,87488994,0.0,0.0
2022-05-20 00:00:00+01:00,117.94517168914298,121.82140285568109,117.94517168914298,120.98221588134766,106986730,0.0,0.0
2022-05-23 00:00:00+01:00,122.92033449524493,126.81654295205503,122.22101072906273,125.97735595703125,120286334,0.0,0.0
2022-05-24 00:00:00+01:00,126.43690982813959,129.11431128277445,125.81751769604485,128.71469116210938,190705822,0.0,0.0
2022-05-25 00:00:00+01:00,130.35309491569714,131.97152971964246,130.05338363763698,130.09335327148438,174178666,0.0,0.0
2022-05-26 00:00:00+01:00,130.3531022746634,131.91158271582023,129.69375571844682,131.2921905517578,60952639,0.0,0.0
2022-05-27 00:00:00+01:00,131.292181611528,131.55192325271736,129.59383804755436,130.013427734375,122526081,0.0,0.0
2022-05-30 00:00:00+01:00,129.7137123920646,130.11333249361098,128.2950953304583,129.19422912597656,265008929,0.0,0.0
2022-05-31 00:00:00+01:00,128.83459844943314,131.452045729901,128.83459844943314,130.45301818847656,128789151,0.0,0.0
2022-06-01 00:00:00+01:00,127.19307772563856,127.59080854933465,125.87397947460286,126.61347198486328,101778029,3.7850997,0.0
2022-06-06 00:00:00+01:00,124.7547441828471,126.19376325902587,124.13517245496918,125.91395568847656,99264938,0.0,0.0
2022-06-07 00:00:00+01:00,125.29437633641415,126.0938330729989,125.01456876586482,125.91395568847656,77396320,0.0,0.0
2022-06-08 00:00:00+01:00,125.81402510302405,125.93393827620193,123.63551350814049,124.3949966430664,99795449,0.0,0.0
2022-06-09 00:00:00+01:00,124.3949970379869,126.4335972303275,123.99526866969452,125.91395568847656,143804279,0.0,0.0
2022-06-10 00:00:00+01:00,124.63482847331238,125.97390971203306,124.42097010289791,125.37432098388672,106794714,0.0,0.0
2022-06-13 00:00:00+01:00,124.13517245496918,127.66176186042694,124.13517245496918,125.91395568847656,111490095,0.0,0.0
2022-06-14 00:00:00+01:00,126.11381311812922,126.73339245573602,125.35433762269619,125.47425079345703,70298038,0.0,0.0
2022-06-15 00:00:00+01:00,125.91395371585442,126.93325379605592,125.5541989524458,126.03387451171875,74995987,0.0,0.0
2022-06-16 00:00:00+01:00,125.45427223330466,125.97391378136832,124.69478908688741,125.51422882080078,217662017,0.0,0.0
2022-06-17 00:00:00+01:00,125.71409915505421,127.15311065098815,125.33435376269806,126.91327667236328,255019977,0.0,0.0
2022-06-20 00:00:00+01:00,126.45358432190086,127.83263914872653,125.83400498708595,127.6727523803711,144371714,0.0,0.0
2022-06-21 00:00:00+01:00,127.532848598991,128.1524279338059,126.85331267906584,127.6727523803711,49380147,0.0,0.0
2022-06-22 00:00:00+01:00,126.1737804707704,127.15310696923974,124.39499723445365,126.6734390258789,257050400,0.0,0.0
2022-06-23 00:00:00+01:00,126.65344633346307,127.29300866356044,126.09383120067397,126.41361236572266,87192520,0.0,0.0
2022-06-24 00:00:00+01:00,125.59417265377388,126.83832518026148,125.49424246923074,126.41361236572266,70630768,0.0,0.0
2022-06-27 00:00:00+01:00,126.77337053181773,127.4329158668511,126.33366855900576,127.13312530517578,55181254,0.0,0.0
2022-06-28 00:00:00+01:00,128.21239517277814,129.0518179308109,127.29301758764737,128.49220275878906,72922011,0.0,0.0
2022-06-29 00:00:00+01:00,124.39499519088741,126.55351614891993,124.01524981576534,126.41361236572266,80410816,0.0,0.0
2022-06-30 00:00:00+01:00,125.5142203263364,126.8333185312699,125.5142203263364,126.57350158691406,121438252,0.0,0.0
2022-07-01 00:00:00+01:00,126.77336696643762,127.67275387453834,126.23373482157719,127.27302551269531,85041071,0.0,0.0
2022-07-04 00:00:00+01:00,128.3922433075641,130.3908772984904,128.17239234869282,128.57212829589844,66160988,0.0,0.0
2022-07-05 00:00:00+01:00,128.57214678296504,128.8319637497317,126.61347848094366,126.91327667236328,128436065,0.0,0.0
2022-07-06 00:00:00+01:00,128.03250041985024,129.65140447110832,126.61347198486328,126.61347198486328,83587695,0.0,0.0
2022-07-07 00:00:00+01:00,127.41293052437838,128.53216079931056,126.85331538691229,127.35297393798828,65408620,0.0,0.0
2022-07-08 00:00:00+01:00,126.99322143056474,128.93189908296887,126.73339684461115,128.37228393554688,48763539,0.0,0.0
2022-07-11 00:00:00+01:00,127.69273643103335,128.99185169659512,127.29300807053863,128.6121063232422,49866749,0.0,0.0
2022-07-12 00:00:00+01:00,128.43223593120032,129.47151898948837,127.81265659428867,129.19171142578125,59805139,0.0,0.0
2022-07-13 00:00:00+01:00,128.61210484024272,129.1317539901492,127.7526915435533,129.0118408203125,130044830,0.0,0.0
2022-07-14 00:00:00+01:00,129.1917093670649,129.1917093670649,127.5598289860976,127.69273376464844,62716787,0.0,0.0
2022-07-15 00:00:00+01:00,127.63278311696611,129.53147953566173,127.35297554470294,128.95187377929688,72468141,0.0,0.0
2022-07-18 00:00:00+01:00,128.8319505353786,130.83058460868273,128.2323694624081,130.0311279296875,49359147,0.0,0.0
2022-07-19 00:00:00+01:00,129.69136966002452,131.23032650512906,129.1117639227589,130.91053771972656,48227489,0.0,0.0
2022-07-20 00:00:00+01:00,131.49014539534878,131.9538330416704,129.1707312681385,129.17172241210938,110657100,0.0,0.0
2022-07-21 00:00:00+01:00,128.3323029936918,129.53148049056986,128.19239920652882,129.51150512695312,81741678,0.0,0.0
2022-07-22 00:00:00+01:00,129.03182258811526,129.21170760016818,128.09246204878247,128.93190002441406,92589621,0.0,0.0
2022-07-25 00:00:00+01:00,127.9125922850988,129.2516735759748,127.69274129723924,128.93190002441406,110094300,0.0,0.0
2022-07-26 00:00:00+01:00,128.37228401619845,128.4322406036929,122.15652268227187,122.27644348144531,121209700,0.0,0.0
2022-07-27 00:00:00+01:00,121.29710981622641,122.49629494002964,119.69820394200671,120.9373550415039,285543620,0.0,0.0
2022-07-28 00:00:00+01:00,121.59690251398528,121.59690251398528,117.95938895527419,118.7188720703125,84371662,0.0,0.0
2022-07-29 00:00:00+01:00,118.41908155734127,121.93667454938219,117.87944938470945,120.71751403808594,78430049,0.0,0.0
2022-08-01 00:00:00+01:00,119.41839226053959,122.31641334651088,119.41839226053959,120.41770935058594,50269416,0.0,0.0
2022-08-02 00:00:00+01:00,120.87739194557226,121.89669962713329,120.13789944809555,120.63755798339844,65920062,0.0,0.0
2022-08-03 00:00:00+01:00,120.39772793362837,120.53763171812471,118.47903330133605,118.7788314819336,179862892,0.0,0.0
2022-08-04 00:00:00+01:00,118.93872061111088,119.05864141056351,117.33981473933207,118.5589828491211,120490747,0.0,0.0
2022-08-05 00:00:00+01:00,118.15925163205337,121.9566596573186,118.01934784815055,121.35707092285156,62419613,0.0,0.0
2022-08-08 00:00:00+01:00,121.73681179070606,122.09656656542856,120.03797572888224,120.9373550415039,60526239,0.0,0.0
2022-08-09 00:00:00+01:00,120.75747597724524,122.81607440938946,119.93803625157524,122.19649505615234,45982836,0.0,0.0
2022-08-10 00:00:00+01:00,122.35639039413238,123.53558489859489,120.83742410490038,121.13722229003906,51252253,0.0,0.0
2022-08-11 00:00:00+01:00,121.49697706253167,121.756794023855,120.19786175917676,121.13722229003906,44888915,0.0,0.0
2022-08-12 00:00:00+01:00,120.79745219273161,121.93667311347751,120.377740827022,121.49697875976562,28311510,0.0,0.0
2022-08-15 00:00:00+01:00,121.99663438609484,122.27644195649204,120.6815311810435,121.0572738647461,32702526,0.0,0.0
2022-08-16 00:00:00+01:00,121.95666212297917,123.59554158827586,121.65686393759228,123.13585662841797,47139686,0.0,0.0
2022-08-17 00:00:00+01:00,123.83537641851476,124.11518399391257,121.29711000368741,121.69683837890625,43785088,0.0,0.0
2022-08-18 00:00:00+01:00,121.53694632609835,121.97664065798105,120.58359545058713,121.47698211669922,91495607,0.0,0.0
2022-08-19 00:00:00+01:00,122.21648310617663,122.41933977886526,121.19717540525455,121.6568603515625,70549513,0.0,0.0
2022-08-22 00:00:00+01:00,121.91668889361112,122.33640025507991,119.67822067492634,119.79813385009766,70357583,0.0,0.0
2022-08-23 00:00:00+01:00,119.05863538714584,119.27848636292732,117.13994843808153,117.29983520507812,63387191,0.0,0.0
2022-08-24 00:00:00+01:00,116.92009390165457,117.2798486466713,115.6009957113212,116.2005844116211,49653623,0.0,0.0
2022-08-25 00:00:00+01:00,116.6402944829098,117.13995303869733,115.99573067640057,116.48040008544922,48811259,0.0,0.0
2022-08-26 00:00:00+01:00,116.80017760813128,117.02002858568065,114.92146424175502,115.00141143798828,60936672,0.0,0.0
2022-08-30 00:00:00+01:00,115.90080053274094,116.90011763205204,115.16130038983798,115.64097595214844,156582405,0.0,0.0
2022-08-31 00:00:00+01:00,116.68026218052022,116.72023577786348,114.741584642385,115.60099792480469,77444597,0.0,0.0
2022-09-01 00:00:00+01:00,114.92146749614739,115.2412486659519,111.76362177316643,112.1033935546875,78217092,0.0,0.0
2022-09-02 00:00:00+01:00,112.28326779771999,114.08204159265904,111.44383748535367,113.76225280761719,68129478,0.0,0.0
2022-09-05 00:00:00+01:00,113.34253940383512,113.42548290300662,111.14404491591394,112.26327514648438,56272178,0.0,0.0
2022-09-06 00:00:00+01:00,112.32324081016522,113.82221642340357,111.82358227241909,113.10270690917969,83684103,0.0,0.0
2022-09-07 00:00:00+01:00,112.60305198521723,112.92283315467016,110.09776021496016,110.1047592163086,81761190,0.0,0.0
2022-09-08 00:00:00+01:00,110.104758606247,110.34459257596173,107.48654505423119,107.8263168334961,78101176,0.0,0.0
2022-09-09 00:00:00+01:00,107.8063255790472,109.38524842063798,107.60646520950746,108.40592193603516,74969538,0.0,0.0
2022-09-12 00:00:00+01:00,108.4259062666479,110.4844970703125,108.4059232791201,110.4844970703125,71584566,0.0,0.0
2022-09-13 00:00:00+01:00,109.84492949200767,110.99414563675064,108.84561243121972,109.0254898071289,62892908,0.0,0.0
2022-09-14 00:00:00+01:00,107.94623141603859,108.72570517011411,106.56717654193797,107.0468521118164,102002146,0.0,0.0
2022-09-15 00:00:00+01:00,107.56649181217807,112.6430244995105,106.6471219118788,109.16539764404297,113754938,0.0,0.0
2022-09-16 00:00:00+01:00,109.54514481155135,111.44384122932657,107.9862049288366,108.28600311279297,395580087,0.0,0.0
2022-09-20 00:00:00+01:00,109.26532785437452,109.6450732311574,106.24739357254018,106.3073501586914,104172054,0.0,0.0
2022-09-21 00:00:00+01:00,107.90626984396677,109.30931045986026,106.82700548583799,108.70571899414062,249139048,0.0,0.0
2022-09-22 00:00:00+01:00,108.42590502518205,109.90489768339248,108.00619367424366,108.78565979003906,120555593,0.0,0.0
2022-09-23 00:00:00+01:00,108.98551833734152,109.84493163633081,107.4066031448539,108.0461654663086,105623844,0.0,0.0
2022-09-26 00:00:00+01:00,109.68504732602152,109.82495111046336,105.60783171724222,106.58716583251953,122626813,0.0,0.0
2022-09-27 00:00:00+01:00,107.10680380685665,107.6664189260005,105.4869086415398,105.48790740966797,95417607,0.0,0.0
2022-09-28 00:00:00+01:00,105.4679291315334,105.79770560897354,102.17017960550102,105.0482177734375,108745608,0.0,0.0
2022-09-29 00:00:00+01:00,104.70844140369542,105.3480037187376,101.13088446230157,101.77044677734375,99746684,0.0,0.0
2022-09-30 00:00:00+01:00,101.19085288240629,103.14951350676313,100.59126414012309,101.05094909667969,95922261,0.0,0.0
2022-10-03 00:00:00+01:00,100.43136766825639,104.70844359883603,99.52198545563185,103.649169921875,193644803,0.0,0.0
2022-10-04 00:00:00+01:00,104.5285645683704,107.0808212330061,104.44861737252931,104.90830993652344,113286707,0.0,0.0
2022-10-05 00:00:00+01:00,104.86834547331668,105.95659875262034,101.6505429901717,102.50995635986328,111620698,0.0,0.0
2022-10-06 00:00:00+01:00,102.48996027009278,102.70981125396546,101.39071297491392,101.5306167602539,237222884,0.0,0.0
2022-10-07 00:00:00+01:00,101.1308832557221,101.92734364772741,100.07160961360609,100.45134735107422,51141052,0.0,0.0
2022-10-10 00:00:00+01:00,100.57127521379435,102.52993587097595,100.05163366155622,101.41070556640625,58247254,0.0,0.0
2022-10-11 00:00:00+01:00,101.47066130563258,101.74347750218179,100.4913271731411,101.23082733154297,75854875,0.0,0.0
2022-10-12 00:00:00+01:00,101.55061367148028,101.55061367148028,97.33349398958565,98.88243103027344,78090771,0.0,0.0
2022-10-13 00:00:00+01:00,97.77317619436849,101.33075006524204,97.61328943146424,99.3221206665039,116438549,0.0,0.0
2022-10-14 00:00:00+01:00,100.4313624510283,101.45066247648735,99.19221145705082,99.52198028564453,64794015,0.0,0.0
2022-10-17 00:00:00+01:00,99.36209725808366,100.49932057950873,98.81246981613184,99.95169067382812,67468297,0.0,0.0
2022-10-18 00:00:00+01:00,100.41138555031057,100.73116671730392,99.41206845043328,99.54197692871094,57995391,0.0,0.0
2022-10-19 00:00:00+01:00,100.41138357511217,101.59057803473874,99.26216740802272,101.0909194946289,75464627,0.0,0.0
2022-10-20 00:00:00+01:00,100.85108251797367,101.85039964389298,98.30282842139016,98.652587890625,82235225,0.0,0.0
2022-10-21 00:00:00+01:00,98.82246510383271,99.24217644623785,97.55333577107885,98.52266693115234,72728877,0.0,0.0
2022-10-24 00:00:00+01:00,98.88242637000032,100.65122194902143,98.17291212686337,99.51200103759766,71063894,0.0,0.0
2022-10-25 00:00:00+01:00,99.80180043793372,100.2914636768447,98.51268047803046,98.60261535644531,62951718,0.0,0.0
2022-10-26 00:00:00+01:00,98.81247065533958,99.45203298003297,98.25285552727895,98.70254516601562,86516860,0.0,0.0
2022-10-27 00:00:00+01:00,99.20220408509735,99.50200226151553,98.32280779135333,98.60261535644531,67282096,0.0,0.0
2022-10-28 00:00:00+01:00,97.61329388584952,100.14156490962898,97.61329388584952,99.74183654785156,51196217,0.0,0.0
2022-10-31 00:00:00+00:00,99.66189550454652,101.69050795222249,99.34211434467913,101.57058715820312,57480023,0.0,0.0
2022-11-01 00:00:00+00:00,102.29009934572858,102.86970509568486,101.67051999672175,102.48995971679688,49241793,0.0,0.0
2022-11-02 00:00:00+00:00,102.469976931636,103.40933745071705,101.3707296402216,103.24944305419922,57111455,0.0,0.0
2022-11-03 00:00:00+00:00,102.90967301467563,103.30939373474979,102.05025974298495,102.37004089355469,54591395,0.0,0.0
2022-11-04 00:00:00+00:00,102.4100195405222,105.02023531211306,101.93034397892143,104.68846130371094,136603062,0.0,0.0
2022-11-07 00:00:00+00:00,104.58852669277348,105.32801917910402,103.80905298513507,104.64848327636719,48269271,0.0,0.0
2022-11-08 00:00:00+00:00,104.70844785359778,107.92625023796975,104.52857046490044,106.16744995117188,76362587,0.0,0.0
2022-11-09 00:00:00+00:00,106.04753257171846,106.72706849939944,103.4692926439714,104.0289077758789,71897022,0.0,0.0
2022-11-10 00:00:00+00:00,103.46928955972155,107.26668982247506,103.28941218351537,105.68777465820312,64671715,0.0,0.0
2022-11-11 00:00:00+00:00,104.92829457877534,104.92829457877534,102.72980002775093,103.649169921875,115300484,0.0,0.0
2022-11-14 00:00:00+00:00,103.90899743043414,105.40797310954252,103.60919924493864,104.08887481689453,131581286,0.0,0.0
2022-11-15 00:00:00+00:00,101.63054621899757,101.93034439925738,94.54539162575574,95.82451629638672,446755774,0.0,0.0
2022-11-16 00:00:00+00:00,94.93512973268223,97.63328300172664,94.91414035182333,97.09365844726562,131249420,0.0,0.0
2022-11-17 00:00:00+00:00,97.12362726864724,97.25353574142999,95.7945337522246,96.3541488647461,86932231,0.0,0.0
2022-11-18 00:00:00+00:00,96.52403482756287,97.94307090097587,96.27420555308525,97.35346984863281,187183743,0.0,0.0
2022-11-21 00:00:00+00:00,97.25354542792962,98.79249476482791,96.80385575689041,98.04300689697266,191854939,0.0,0.0
2022-11-22 00:00:00+00:00,96.02437926934002,96.9437568224323,94.5953630940376,94.93512725830078,202912017,0.0,0.0
2022-11-23 00:00:00+00:00,94.93512395468595,95.28488341284002,93.78990284406218,94.5953598022461,417216466,0.0,0.0
2022-11-24 00:00:00+00:00,90.90592486967118,92.9253866804629,89.84620796545741,92.64546203613281,95061524,3.9592001,0.0
2022-11-25 00:00:00+00:00,92.97538056791686,93.42525839068264,92.49550427990849,93.03536224365234,65971701,0.0,0.0
2022-11-28 00:00:00+00:00,92.55548844965878,93.37527102453413,92.46550831367124,92.7854232788086,140477510,0.0,0.0
2022-11-29 00:00:00+00:00,92.3155490812056,92.97537800561106,91.42578532123436,91.81568145751953,168846967,0.0,0.0
2022-11-30 00:00:00+00:00,92.69545335672679,93.04535916783212,91.6757191330774,91.81568145751953,106337509,0.0,0.0
2022-12-01 00:00:00+00:00,92.64546273596802,93.37627200230166,91.40579317569564,91.49576568603516,66236785,0.0,0.0
2022-12-02 00:00:00+00:00,91.52576271731904,92.13560181354379,90.85193757689102,91.1158676147461,72037740,0.0,0.0
2022-12-05 00:00:00+00:00,92.40552569186012,93.15532709876344,90.73596972305856,90.99589538574219,101505352,0.0,0.0
2022-12-06 00:00:00+00:00,90.47603846985808,91.08587757139183,88.53654967957863,89.2463607788086,102486122,0.0,0.0
2022-12-07 00:00:00+00:00,88.61653131054788,92.31554865791405,86.33713617737094,87.63679504394531,175372792,0.0,0.0
2022-12-08 00:00:00+00:00,87.29688082364699,87.5268232848179,84.92750555975368,85.9072494506836,113007384,0.0,0.0
2022-12-09 00:00:00+00:00,86.08720555358032,86.86699785144265,85.54734758720451,86.72703552246094,224198613,0.0,0.0
2022-12-12 00:00:00+00:00,86.42711003988565,87.61679743817123,85.91725054979874,87.03694915771484,128644080,0.0,0.0
2022-12-13 00:00:00+00:00,86.97696917818037,87.94671361813316,85.79728124515144,86.46710205078125,91862215,0.0,0.0
2022-12-14 00:00:00+00:00,85.85726136764193,86.78701546437121,85.3174034120532,86.317138671875,113438867,0.0,0.0
2022-12-15 00:00:00+00:00,86.20717104769865,86.38712369170698,85.33739866376271,85.95723724365234,91945925,0.0,0.0
2022-12-16 00:00:00+00:00,85.91724655341505,85.91724655341505,83.21495934667567,83.73782348632812,405388648,0.0,0.0
2022-12-19 00:00:00+00:00,84.09773177499926,84.85752507147485,83.74781833643526,84.26768493652344,158350402,0.0,0.0
2022-12-20 00:00:00+00:00,83.97776077096577,84.36765690721242,83.52788296064259,83.77781677246094,65793782,0.0,0.0
2022-12-21 00:00:00+00:00,83.41791366602807,84.81753694710251,83.26795184952014,84.47763061523438,57924891,0.0,0.0
2022-12-22 00:00:00+00:00,84.33766277172043,84.80753953994194,83.70783233642578,83.70783233642578,150579809,0.0,0.0
2022-12-23 00:00:00+00:00,84.00774755903069,84.5775963174162,83.64784227716886,83.8777847290039,105278913,0.0,0.0
2022-12-28 00:00:00+00:00,84.61759263063803,85.40738440911127,84.08773415799297,84.44763946533203,136610426,0.0,0.0
2022-12-29 00:00:00+00:00,84.21769363130304,85.33739983464841,83.66784383128147,85.09746551513672,50588117,0.0,0.0
2022-12-30 00:00:00+00:00,84.51762077598332,84.983493202236,84.20770528254859,84.21769714355469,33898199,0.0,0.0
2023-01-03 00:00:00+00:00,84.93750735707063,86.34713774448197,84.61559400457894,85.88726043701172,97346367,0.0,0.0
2023-01-04 00:00:00+00:00,86.19717539022605,87.87673093314685,85.64731794594032,87.78675079345703,81214280,0.0,0.0
2023-01-05 00:00:00+00:00,87.69677309339589,88.78648080185937,87.49682147667717,88.74649047851562,80181869,0.0,0.0
2023-01-06 00:00:00+00:00,88.91645062946442,89.50629073301262,88.44657386772305,88.68650817871094,48456656,0.0,0.0
2023-01-09 00:00:00+00:00,88.67651102553651,89.33633993234119,87.48683129951282,88.66651916503906,70150138,0.0,0.0
2023-01-10 00:00:00+00:00,88.75649426790999,89.07640924279082,87.56680687974004,87.69677734375,84351249,0.0,0.0
2023-01-11 00:00:00+00:00,88.13665923584931,89.58427385847038,87.79674530029297,87.79674530029297,150371030,0.0,0.0
2023-01-12 00:00:00+00:00,89.56627928636406,92.32555077056244,89.4863062614723,92.025634765625,117570270,0.0,0.0
2023-01-13 00:00:00+00:00,92.34554768999232,92.43552020125665,91.2258414653301,91.58574676513672,134126058,0.0,0.0
2023-01-16 00:00:00+00:00,91.72570643039367,93.27529907226562,91.43578230132331,93.27529907226562,143621923,0.0,0.0
2023-01-17 00:00:00+00:00,93.75516871573362,93.79515904024701,92.15559387207031,92.15559387207031,108416323,0.0,0.0
2023-01-18 00:00:00+00:00,92.95538738655908,93.37527436318227,90.6659927368164,90.6659927368164,295577263,0.0,0.0
2023-01-19 00:00:00+00:00,90.67598520116904,91.11587115715423,89.82920931232239,90.2361068725586,75515531,0.0,0.0
2023-01-20 00:00:00+00:00,90.78595075903148,91.93564776055258,90.09613866001821,91.85566711425781,79695640,0.0,0.0
2023-01-23 00:00:00+00:00,92.34554941327734,92.43352355402746,91.50576782226562,91.50576782226562,61438352,0.0,0.0
2023-01-24 00:00:00+00:00,91.97563826832781,92.36553438557969,91.34580783908422,92.1156005859375,92878520,0.0,0.0
2023-01-25 00:00:00+00:00,91.91566111456241,92.30555725097656,91.30582200327368,92.30555725097656,75050875,0.0,0.0
2023-01-26 00:00:00+00:00,92.76543720859878,94.36501212529755,92.21557975565162,92.3155517578125,97708675,0.0,0.0
2023-01-27 00:00:00+00:00,92.46550959973577,93.395263671875,91.90566030980231,93.395263671875,125268780,0.0,0.0
2023-01-30 00:00:00+00:00,93.6851917148914,93.83515353163226,92.99537193430837,93.52523803710938,171047410,0.0,0.0
2023-01-31 00:00:00+00:00,93.90512761446765,94.5049672088227,92.68544945043361,93.09534454345703,210118648,0.0,0.0
2023-02-01 00:00:00+00:00,92.07561550536185,92.12060176128908,89.99616434336804,91.1558609008789,191759782,0.0,0.0
2023-02-02 00:00:00+00:00,91.37580390709464,94.8548783260059,90.77596427907972,94.81488800048828,176465160,0.0,0.0
2023-02-03 00:00:00+00:00,94.08508244745934,94.10707979535327,91.1158676147461,91.1158676147461,173485203,0.0,0.0
2023-02-06 00:00:00+00:00,90.76596442378973,91.67571953666867,90.59601126155817,90.63600158691406,90805013,0.0,0.0
2023-02-07 00:00:00+00:00,90.72597259772259,91.56574653418157,90.1161334940383,91.46577453613281,89021688,0.0,0.0
2023-02-08 00:00:00+00:00,91.64572569690881,92.7854232364006,91.52576235214615,92.2955551147461,137249480,0.0,0.0
2023-02-09 00:00:00+00:00,92.69545506237417,93.2053221835807,91.24583435058594,91.24583435058594,170150371,0.0,0.0
2023-02-10 00:00:00+00:00,91.72571144434015,92.27556889631882,91.12587180505648,92.05562591552734,78985829,0.0,0.0
2023-02-13 00:00:00+00:00,91.8656709404796,93.97511291503906,91.14586034458021,93.97511291503906,107279664,0.0,0.0
2023-02-14 00:00:00+00:00,95.97458145057374,98.43392918495975,94.70492107284528,97.19425964355469,142385013,0.0,0.0
2023-02-15 00:00:00+00:00,98.64387577416623,99.5736298663536,97.904073821177,99.19373321533203,105776862,0.0,0.0
2023-02-16 00:00:00+00:00,101.07323131558259,103.03271147219154,100.35842427957742,101.49311828613281,166933806,0.0,0.0
2023-02-17 00:00:00+00:00,101.25318278805698,102.89274795367504,101.09322911762752,102.35289001464844,129690160,0.0,0.0
2023-02-20 00:00:00+00:00,102.95273868919121,102.99272138682507,101.7530518210615,102.73279571533203,104746673,0.0,0.0
2023-02-21 00:00:00+00:00,102.85275773199172,103.21266302503572,101.19320121617723,101.63308715820312,93005327,0.0,0.0
2023-02-22 00:00:00+00:00,101.59309485367504,101.79303884485839,99.98352055431377,100.473388671875,121884834,0.0,0.0
2023-02-23 00:00:00+00:00,99.70359545686244,100.49337955756405,98.8838128929845,98.97378540039062,121912363,0.0,0.0
2023-02-24 00:00:00+00:00,98.83382496226643,99.90354134801429,98.67386366511282,99.15373992919922,167371777,0.0,0.0
2023-02-27 00:00:00+00:00,98.4639235036453,101.25318579098506,98.43393266626123,100.6933364868164,102949719,0.0,0.0
2023-02-28 00:00:00+00:00,100.9132746925491,102.09296254724889,99.74958144187286,99.75357818603516,128414888,0.0,0.0
2023-03-01 00:00:00+00:00,100.09349760337143,100.79330923880049,99.5936299702436,100.03350830078125,200473821,0.0,0.0
2023-03-02 00:00:00+00:00,99.04377281432626,100.21346124871768,98.79383899702682,99.5736312866211,135929871,0.0,0.0
2023-03-03 00:00:00+00:00,99.76357990605305,101.18520047974543,99.37368377502246,100.45339965820312,85018437,0.0,0.0
2023-03-06 00:00:00+00:00,100.89327554382102,101.29317115322134,100.38641363664219,101.19319915771484,74607463,0.0,0.0
2023-03-07 00:00:00+00:00,99.47365752412149,99.99351649885597,98.58389376047761,98.67386627197266,121365615,0.0,0.0
2023-03-08 00:00:00+00:00,97.93406200619815,99.1837310410272,97.66413685071984,98.69386291503906,127641791,0.0,0.0
2023-03-09 00:00:00+00:00,98.42393245909798,99.30370436193662,97.19426237108438,98.67386627197266,85757772,0.0,0.0
2023-03-10 00:00:00+00:00,96.81435915745082,100.353422901916,96.55443348091576,98.53390502929688,120673115,0.0,0.0
2023-03-13 00:00:00+00:00,98.41394218975381,98.41394218975381,95.39473741007406,95.65467071533203,113057400,0.0,0.0
2023-03-14 00:00:00+00:00,95.41473146200717,96.57442034640793,95.03482719838284,96.15453338623047,81913489,0.0,0.0
2023-03-15 00:00:00+00:00,95.91459934588063,97.22425004193245,93.81514928420673,93.99510192871094,117863874,0.0,0.0
2023-03-16 00:00:00+00:00,94.76490347193487,94.79489430848817,92.17558525713252,92.64546203613281,91732121,0.0,0.0
2023-03-17 00:00:00+00:00,92.79542526812479,93.04535907973117,90.03615385232537,90.34607696533203,281245225,0.0,0.0
2023-03-20 00:00:00+00:00,90.61600118119549,92.87540495022897,89.13139374553987,92.44551849365234,89447100,0.0,0.0
2023-03-21 00:00:00+00:00,92.46550938943854,92.85540551938038,91.09587700434139,92.64546203613281,60642973,0.0,0.0
2023-03-22 00:00:00+00:00,92.29555801957407,92.31755536807258,90.72597398140942,91.35580444335938,88895603,0.0,0.0
2023-03-23 00:00:00+00:00,91.1658589629425,91.50576528335267,90.47603920668416,90.77596282958984,317016005,0.0,0.0
2023-03-24 00:00:00+00:00,90.67598289194704,90.79595386617174,88.13666210354096,88.55654907226562,71231928,0.0,0.0
2023-03-27 00:00:00+01:00,89.12639819919585,89.54628516955654,88.71650308952856,89.07640838623047,39828251,0.0,0.0
2023-03-28 00:00:00+01:00,89.21636913718925,89.37633043395937,88.03668126932008,88.92644500732422,282580401,0.0,0.0
2023-03-29 00:00:00+01:00,88.79648625135667,90.14612733848259,88.25662829103135,89.80622100830078,43675062,0.0,0.0
2023-03-30 00:00:00+01:00,89.67625006260394,89.98116962299028,89.0364201043137,89.51629638671875,61347963,0.0,0.0
2023-03-31 00:00:00+01:00,89.43631322950951,89.78621903636947,89.0464170979549,89.27635955810547,100212320,0.0,0.0
2023-04-03 00:00:00+01:00,89.60626296738494,90.33107708715892,88.97643253908657,89.43630981445312,135193291,0.0,0.0
2023-04-04 00:00:00+01:00,89.57627430276746,89.58627379064528,87.17690824617894,87.45684051513672,85538042,0.0,0.0
2023-04-05 00:00:00+01:00,87.97670224207826,90.75596502434578,87.23690029070751,89.42631530761719,105794192,0.0,0.0
2023-04-06 00:00:00+01:00,89.51629616409147,91.79569133825338,89.44631500093298,91.44578552246094,64176006,0.0,0.0
2023-04-11 00:00:00+01:00,91.96564079639552,92.46550840663609,91.32581086547755,92.06561279296875,57229765,0.0,0.0
2023-04-12 00:00:00+01:00,92.20558179766458,93.38526965085791,91.70571419253815,91.97563934326172,53358463,0.0,0.0
2023-04-13 00:00:00+01:00,91.3558038476175,92.22557625572142,90.96590771266132,91.78569030761719,39953102,0.0,0.0
2023-04-14 00:00:00+01:00,92.11560134795216,92.56948351159784,91.37380105848436,91.94564819335938,39113736,0.0,0.0
2023-04-17 00:00:00+01:00,91.98564368907913,93.32328690824478,91.79569154833932,92.68545532226562,70447442,0.0,0.0
2023-04-18 00:00:00+01:00,92.9753772304743,93.29529220187126,91.62573618324878,91.98564147949219,39878516,0.0,0.0
2023-04-19 00:00:00+01:00,90.99589552048725,91.4987683113232,90.60599939851012,90.76596069335938,101970362,0.0,0.0
2023-04-20 00:00:00+01:00,90.76596059731901,90.81594278137575,89.64625441668201,89.78621673583984,106663174,0.0,0.0
2023-04-21 00:00:00+01:00,89.896192008892,90.70598274944321,89.59627600978479,90.63600158691406,55648832,0.0,0.0
2023-04-24 00:00:00+01:00,90.50603106740816,90.97590785583473,89.65625762939453,89.65625762939453,64263404,0.0,0.0
2023-04-25 00:00:00+01:00,90.57600860871487,92.13560072479231,90.37606461742578,91.25582885742188,49909571,0.0,0.0
2023-04-26 00:00:00+01:00,91.22583890162612,95.3347512694674,91.03488758285687,94.25503540039062,313966513,0.0,0.0
2023-04-27 00:00:00+01:00,94.71491436303975,96.41446884497218,92.59548053886753,95.8746109008789,107226226,0.0,0.0
2023-04-28 00:00:00+01:00,96.47445051852435,96.7443756768837,95.3117564224825,95.8746109008789,61648879,0.0,0.0
2023-05-02 00:00:00+01:00,95.03483170928531,95.77464129599865,93.49523848818224,93.66519927978516,70635328,0.0,0.0
2023-05-03 00:00:00+01:00,93.87514059371769,97.02430812627422,93.80515943198863,96.1345443725586,78677945,0.0,0.0
2023-05-04 00:00:00+01:00,95.87461175194736,96.67439537344936,94.43499055491928,94.4949722290039,72583268,0.0,0.0
2023-05-05 00:00:00+01:00,95.41473714184417,96.32449227638446,94.2950308873428,94.99484252929688,51019812,0.0,0.0
2023-05-09 00:00:00+01:00,95.0348276522657,95.58468507467734,94.06508326767126,94.25503540039062,100337887,0.0,0.0
2023-05-10 00:00:00+01:00,94.2350432858633,94.53495927325217,92.27556318423342,92.7254409790039,61530317,0.0,0.0
2023-05-11 00:00:00+01:00,92.64545968660057,92.86540265224622,90.13612981186897,90.96590423583984,73357607,0.0,0.0
2023-05-12 00:00:00+01:00,90.42605230758322,90.76596626632117,89.0564198663702,89.83621215820312,98020713,0.0,0.0
2023-05-15 00:00:00+01:00,90.57601334587022,90.735974649167,88.88646593720279,90.00616455078125,80771268,0.0,0.0
2023-05-16 00:00:00+01:00,86.0772008223973,87.84673643119194,80.9985440797811,83.30793762207031,316558219,0.0,0.0
2023-05-17 00:00:00+01:00,82.83806577378371,84.60759386040786,81.98829231266618,82.31819915771484,151949787,0.0,0.0
2023-05-18 00:00:00+01:00,82.18823494687891,83.27795034833768,81.7783474558277,82.91804504394531,174278108,0.0,0.0
2023-05-19 00:00:00+01:00,83.36792442854923,83.5778679221638,81.80833983176952,83.06800079345703,90973049,0.0,0.0
2023-05-22 00:00:00+01:00,83.42789858807596,83.67783238567641,81.48841750531103,81.62837982177734,103968621,0.0,0.0
2023-05-23 00:00:00+01:00,81.92829835440862,84.5276160323171,81.73835384893027,84.0577392578125,92822314,0.0,0.0
2023-05-24 00:00:00+01:00,83.64784456489572,83.92776920791643,82.76808031149142,83.367919921875,88426241,0.0,0.0
2023-05-25 00:00:00+01:00,83.56786500729082,83.56786500729082,81.03853607177734,81.03853607177734,93563633,0.0,0.0
2023-05-26 00:00:00+01:00,80.30873225210567,80.37871341258405,78.41823410576356,79.44895935058594,112386537,0.0,0.0
2023-05-30 00:00:00+01:00,79.15903760993949,79.95882886300953,74.35730778802353,77.72941589355469,149419856,0.0,0.0
2023-05-31 00:00:00+01:00,77.46948346513962,78.87911384840022,76.22981387354946,76.34978485107422,443419046,0.0,0.0
2023-06-01 00:00:00+01:00,76.75966981871599,77.05959343897719,75.66996207802435,76.1098403930664,89250504,0.0,0.0
2023-06-02 00:00:00+01:00,76.24980000772857,77.61943997147198,74.08037646397837,75.60997009277344,139987110,0.0,0.0
2023-06-05 00:00:00+01:00,77.60944415044432,78.7091590193919,77.01960401834934,77.89936828613281,116916260,0.0,0.0
2023-06-06 00:00:00+01:00,76.67969233465487,77.44949276565772,76.10984353453742,76.8996353149414,87071220,0.0,0.0
2023-06-07 00:00:00+01:00,76.44975102330176,79.82885321185108,76.24979940933856,78.45922088623047,103678829,0.0,0.0
2023-06-08 00:00:00+01:00,75.00013588889098,75.65996482198044,73.94041895348946,74.13037109375,107228435,0.0,0.0
2023-06-09 00:00:00+01:00,74.46028048199213,75.41002586377137,74.38029983603462,74.86016845703125,93363211,0.0,0.0
2023-06-12 00:00:00+01:00,74.82018237460679,75.0821140471698,72.8307113647461,72.8307113647461,78914740,0.0,0.0
2023-06-13 00:00:00+01:00,73.48053635391204,73.66048899293497,71.69100945123256,72.41082000732422,93712598,0.0,0.0
2023-06-14 00:00:00+01:00,71.98093531102667,75.67995254689357,71.89096280302759,72.82070922851562,202407577,0.0,0.0
2023-06-15 00:00:00+01:00,73.01066438076076,74.08038079746805,72.35384063759098,73.84044647216797,80011992,0.0,0.0
2023-06-16 00:00:00+01:00,74.11037006046134,74.49027433043914,73.31058645065843,73.69048309326172,324314446,0.0,0.0
2023-06-19 00:00:00+01:00,74.42029257591352,74.890169351956,73.66049166939003,74.12036895751953,37256549,0.0,0.0
2023-06-20 00:00:00+01:00,74.00040136347764,74.08038201568446,72.98067474365234,72.98067474365234,65132002,0.0,0.0
2023-06-21 00:00:00+01:00,72.2808603103661,72.95068108510478,72.11089952415482,72.71074676513672,63341120,0.0,0.0
2023-06-22 00:00:00+01:00,72.22087251126338,72.59077730057567,71.45107972281578,71.88096618652344,57346348,0.0,0.0
2023-06-23 00:00:00+01:00,71.80098111692588,73.01065978282513,71.63102796501528,72.6707534790039,66312986,0.0,0.0
2023-06-26 00:00:00+01:00,72.67075913929452,72.83071281608845,70.04145050048828,70.04145050048828,130509926,0.0,0.0
2023-06-27 00:00:00+01:00,70.43134568420365,72.65075917132656,70.13142968404158,72.63076782226562,106320649,0.0,0.0
2023-06-28 00:00:00+01:00,73.39056911462998,74.40029623575256,73.27059813754747,73.6405029296875,104565880,0.0,0.0
2023-06-29 00:00:00+01:00,73.98040618676808,74.36030282403453,73.18061496082623,74.3203125,63365637,0.0,0.0
2023-06-30 00:00:00+01:00,74.4502841825199,74.75020017664227,73.79045526617651,73.9504165649414,75700295,0.0,0.0
2023-07-03 00:00:00+01:00,74.22034283574591,75.29005924831539,73.95041767424925,74.30032348632812,50009164,0.0,0.0
2023-07-04 00:00:00+01:00,74.39030437486007,74.84018219101371,73.6405029296875,73.6405029296875,45418677,0.0,0.0
2023-07-05 00:00:00+01:00,73.4305490896167,74.4182940801431,72.23086987278323,72.6507568359375,139320901,0.0,0.0
2023-07-06 00:00:00+01:00,71.97093673178742,72.58077582939431,70.60130435468213,70.72126770019531,144399760,0.0,0.0
2023-07-07 00:00:00+01:00,70.80124803477528,70.8412383588938,69.83150365018084,70.69127655029297,57910936,0.0,0.0
2023-07-10 00:00:00+01:00,70.96121370592786,71.2911205523388,70.25139494328263,70.62129974365234,73143632,0.0,0.0
2023-07-11 00:00:00+01:00,70.33137468131771,71.05118529571176,69.7115436957699,71.02119445800781,124890951,0.0,0.0
2023-07-12 00:00:00+01:00,71.45107991592889,72.68075000860529,71.2911186139427,72.63076782226562,412049065,0.0,0.0
2023-07-13 00:00:00+01:00,72.660758779127,72.87070226779836,71.8209771970668,71.91095733642578,124401420,0.0,0.0
2023-07-14 00:00:00+01:00,72.19087717311422,73.16062152804258,72.09990548111145,72.18087768554688,89572369,0.0,0.0
2023-07-17 00:00:00+01:00,72.66075578602276,73.21061320563666,71.87096405029297,71.87096405029297,108410283,0.0,0.0
2023-07-18 00:00:00+01:00,72.1808848345497,72.1808848345497,70.46134654399536,71.40109252929688,73208193,0.0,0.0
2023-07-19 00:00:00+01:00,72.39083169406052,73.87043556371579,72.00092793702183,73.43054962158203,66742762,0.0,0.0
2023-07-20 00:00:00+01:00,73.89043130175227,74.20034676883436,73.2705927402139,73.8504409790039,117582417,0.0,0.0
2023-07-21 00:00:00+01:00,73.79045554604112,74.06038833188701,73.04065411682961,73.49053955078125,55119386,0.0,0.0
2023-07-24 00:00:00+01:00,74.48027610609515,77.25953888000976,74.40229382770308,76.48974609375,150560525,0.0,0.0
2023-07-25 00:00:00+01:00,75.61997271657069,77.35950989328767,75.19008625956523,75.90989685058594,136890855,0.0,0.0
2023-07-26 00:00:00+01:00,75.67995084991169,78.0493259966256,75.2900547359096,77.50946807861328,80493470,0.0,0.0
2023-07-27 00:00:00+01:00,78.04932950532019,78.30926280213157,76.13983917236328,76.13983917236328,237215489,0.0,0.0
2023-07-28 00:00:00+01:00,75.97987612481951,76.22980992786168,75.4400181949635,75.72994232177734,812501184,0.0,0.0
2023-07-31 00:00:00+01:00,75.72994377947063,75.87990558965735,74.18035111983198,74.41029357910156,72603112,0.0,0.0
2023-08-01 00:00:00+01:00,74.08037845515008,74.54025574217403,73.53052865924892,73.86043548583984,43545620,0.0,0.0
2023-08-02 00:00:00+01:00,73.70047948945921,77.0125980884555,72.22086805096426,73.88043212890625,162238786,0.0,0.0
2023-08-03 00:00:00+01:00,73.18061982683814,73.59051495491653,72.35084533691406,72.35084533691406,437653108,0.0,0.0
2023-08-04 00:00:00+01:00,72.59077493567202,73.68048266435154,72.2308696462757,73.60050964355469,104344748,0.0,0.0
2023-08-07 00:00:00+01:00,73.49054106819843,73.8304473953195,72.42082464553106,72.66075897216797,74486698,0.0,0.0
2023-08-08 00:00:00+01:00,72.78073007203707,72.90069342187067,71.72100550846686,71.94094848632812,186422110,0.0,0.0
2023-08-09 00:00:00+01:00,72.46081139068625,72.56078338623047,71.77099165489469,72.56078338623047,260053185,0.0,0.0
2023-08-10 00:00:00+01:00,72.8007163638184,73.1606216430664,72.4608100597365,73.1606216430664,92313517,0.0,0.0
2023-08-11 00:00:00+01:00,73.06065225379665,73.48053921876256,72.58077598856812,72.68074798583984,76705224,0.0,0.0
2023-08-14 00:00:00+01:00,72.59077778643268,72.77073043819787,71.97093917982485,72.17089080810547,110340596,0.0,0.0
2023-08-15 00:00:00+01:00,71.92095914295125,72.11090366127674,70.72127221953393,70.91122436523438,34353257,0.0,0.0
2023-08-16 00:00:00+01:00,70.98120099443132,71.10117196731896,70.3513705483637,70.72126770019531,71544787,0.0,0.0
2023-08-17 00:00:00+01:00,70.57130683032763,70.8912294289533,69.8814947023211,70.81124877929688,33523874,0.0,0.0
2023-08-18 00:00:00+01:00,70.96121386868323,71.87096901158466,70.36136659592414,70.88123321533203,46217281,0.0,0.0
2023-08-21 00:00:00+01:00,70.63129375362021,71.18114353990589,70.33137014119217,70.34136962890625,33603267,0.0,0.0
2023-08-22 00:00:00+01:00,70.8112492328436,71.49106950452826,70.46134342257385,70.61129760742188,57804599,0.0,0.0
2023-08-23 00:00:00+01:00,70.43134179458599,71.52105712890625,70.43134179458599,71.52105712890625,125036364,0.0,0.0
2023-08-24 00:00:00+01:00,72.13090077396953,72.59077807981147,71.4110901639996,71.71101379394531,369863558,0.0,0.0
2023-08-25 00:00:00+01:00,71.64102791379506,72.06091486617409,71.0611796686768,71.26112365722656,32486657,0.0,0.0
2023-08-29 00:00:00+01:00,72.22086806660181,73.00066029524974,71.99093324398727,72.6707534790039,117317969,0.0,0.0
2023-08-30 00:00:00+01:00,73.0706450924828,73.53053001536279,72.86070160718955,73.2605972290039,39942113,0.0,0.0
2023-08-31 00:00:00+01:00,73.48053691512968,74.07037701970333,73.18061330534272,73.19061279296875,96389587,0.0,0.0
2023-09-01 00:00:00+01:00,73.58051300048828,74.15036178886882,73.23060718786421,73.58051300048828,27133996,0.0,0.0
2023-09-04 00:00:00+01:00,73.69048521564409,73.78046535542099,72.43081665039062,72.43081665039062,49685383,0.0,0.0
2023-09-05 00:00:00+01:00,72.23087039605753,74.03039686171878,71.9809365884587,73.43054962158203,47009762,0.0,0.0
2023-09-06 00:00:00+01:00,73.72047280870069,73.92042442864138,72.75072842726797,73.340576171875,43730457,0.0,0.0
2023-09-07 00:00:00+01:00,72.970674672771,73.9604180743363,72.68075053136675,73.90042877197266,36579675,0.0,0.0
2023-09-08 00:00:00+01:00,73.51053041045158,73.79045505511495,72.88069995995902,73.20061492919922,168278902,0.0,0.0
2023-09-11 00:00:00+01:00,73.2406073651058,75.110107421875,73.21061652765225,75.110107421875,44403130,0.0,0.0
2023-09-12 00:00:00+01:00,75.90989924075596,77.69942628661954,75.42003109486586,77.35951232910156,942323193,0.0,0.0
2023-09-13 00:00:00+01:00,77.59944912843011,79.52293562990715,77.36950667591553,78.80912780761719,97151571,0.0,0.0
2023-09-14 00:00:00+01:00,79.28900041057591,80.3817133599435,78.84912208622626,79.91883850097656,111778503,0.0,0.0
2023-09-15 00:00:00+01:00,80.36871238423421,80.63864516045864,79.33898634520054,79.78886413574219,183227964,0.0,0.0
2023-09-18 00:00:00+01:00,79.15903987353809,79.9688230105811,79.05906787088925,79.40897369384766,74089299,0.0,0.0
2023-09-19 00:00:00+01:00,79.58892032813007,80.24874159759247,79.54293488841319,80.04879760742188,29181169,0.0,0.0
2023-09-20 00:00:00+01:00,80.65863647778673,81.8183253469552,80.31872254255464,80.99854278564453,114769243,0.0,0.0
2023-09-21 00:00:00+01:00,80.92856458524419,81.19849737123451,79.8888466482709,81.03853607177734,96936922,0.0,0.0
2023-09-22 00:00:00+01:00,80.3287246565587,82.53813861199303,79.90883768816836,81.008544921875,100802152,0.0,0.0
2023-09-25 00:00:00+01:00,81.10851889873739,81.38744436507113,78.9890850290365,79.97882080078125,465617599,0.0,0.0
2023-09-26 00:00:00+01:00,79.97881805543359,80.85858230818855,79.67889443677592,80.68862915039062,52508392,0.0,0.0
2023-09-27 00:00:00+01:00,80.57865581073338,80.81859012371238,79.278005437639,79.29899597167969,107285725,0.0,0.0
2023-09-28 00:00:00+01:00,79.17902895894764,79.29899993512055,77.60944491738178,77.72941589355469,62977706,0.0,0.0
2023-09-29 00:00:00+01:00,77.49947133600608,77.49947133600608,76.28979262825978,76.7996597290039,72917137,0.0,0.0
2023-10-02 00:00:00+01:00,76.90963121401488,77.9993389488289,76.25980179187032,76.7996597290039,56203388,0.0,0.0
2023-10-03 00:00:00+01:00,76.62970775762365,77.38950867654272,75.58998219156983,75.93988800048828,59394065,0.0,0.0
2023-10-04 00:00:00+01:00,75.57997951928027,76.35977175412405,75.04012159653283,75.15009307861328,112324695,0.0,0.0
2023-10-05 00:00:00+01:00,75.43001982019094,76.07984924316406,74.8031869312538,76.07984924316406,71572881,0.0,0.0
2023-10-06 00:00:00+01:00,76.23980964237676,76.8296497581707,73.83044411274537,74.78019714355469,56888715,0.0,0.0
2023-10-09 00:00:00+01:00,75.23007582575666,76.54972602019654,74.56325261245776,76.07984924316406,89185962,0.0,0.0
2023-10-10 00:00:00+01:00,76.82964891043281,77.74940346764483,76.65969575630382,77.3695068359375,83901550,0.0,0.0
2023-10-11 00:00:00+01:00,77.3695080926447,78.1592998320056,76.87963997033836,77.4894790649414,65984170,0.0,0.0
2023-10-12 00:00:00+01:00,77.5194685109514,78.01933611216153,77.14956374020116,77.59944915771484,56345617,0.0,0.0
2023-10-13 00:00:00+01:00,77.66943419308247,79.24901009493482,77.07958642798201,77.23954772949219,35555356,0.0,0.0
2023-10-16 00:00:00+01:00,77.53946327113917,78.11931154462941,76.79966132445743,77.43949127197266,55323496,0.0,0.0
2023-10-17 00:00:00+01:00,78.00933599021266,78.46921326430201,76.97960996047195,77.53945922851562,54059882,0.0,0.0
2023-10-18 00:00:00+01:00,77.6194411338142,78.44922318910743,76.90963004963696,77.65943145751953,37482191,0.0,0.0
2023-10-19 00:00:00+01:00,77.41950207824185,77.59945473270082,76.43975815343747,76.6697006225586,115617062,0.0,0.0
2023-10-20 00:00:00+01:00,76.30979261079393,78.95909251917982,75.11010574776802,75.6799545288086,71037016,0.0,0.0
2023-10-23 00:00:00+01:00,75.67995809236609,75.84991888777557,74.33031698186385,74.8001937866211,43604815,0.0,0.0
2023-10-24 00:00:00+01:00,74.85017990678166,75.68995384434868,74.32031382441251,75.42002868652344,61933690,0.0,0.0
2023-10-25 00:00:00+01:00,75.50999774412858,75.50999774412858,73.6104993560486,73.88043212890625,62654015,0.0,0.0
2023-10-26 00:00:00+01:00,73.60051188889058,75.12010611363104,73.60051188889058,74.79019165039062,55353696,0.0,0.0
2023-10-27 00:00:00+01:00,75.48000963248674,76.74967001463082,75.25006717425029,76.07984924316406,46212299,0.0,0.0
2023-10-30 00:00:00+00:00,76.59971479563426,77.14057191219106,76.22981002082597,76.70968627929688,52784424,0.0,0.0
2023-10-31 00:00:00+00:00,76.99960473897492,77.72941481936878,75.2100853735511,75.6799545288086,71792267,0.0,0.0
2023-11-01 00:00:00+00:00,75.8299180302593,76.10984268299214,75.110107421875,75.110107421875,85824897,0.0,0.0
2023-11-02 00:00:00+00:00,75.38003665902386,77.42948927124347,75.17009317937449,77.19955444335938,67873811,0.0,0.0
2023-11-03 00:00:00+00:00,77.72941825163277,78.68916320800781,77.36951293957026,78.68916320800781,59947937,0.0,0.0
2023-11-06 00:00:00+00:00,78.45922232508383,78.97908127617343,77.56945097453497,78.83911895751953,118273992,0.0,0.0
2023-11-07 00:00:00+00:00,78.43922374808768,78.84911884578081,77.90936530658142,78.14929962158203,52256419,0.0,0.0
2023-11-08 00:00:00+00:00,77.60944236574072,77.95935579456358,76.74667190839267,76.99960327148438,48209587,0.0,0.0
2023-11-09 00:00:00+00:00,77.17955921967902,77.55946350097656,76.15983260789953,77.55946350097656,61713304,0.0,0.0
2023-11-10 00:00:00+00:00,77.68942137331578,77.94935466063461,76.07984709326807,76.35977172851562,68379282,0.0,0.0
2023-11-13 00:00:00+00:00,76.73967902982713,77.87937659133264,75.93988778821382,77.37950897216797,93647300,0.0,0.0
2023-11-14 00:00:00+00:00,78.57918923067518,78.84912201986963,73.09064483642578,73.09064483642578,151430464,0.0,0.0
2023-11-15 00:00:00+00:00,73.28059255574122,73.88043214490315,72.22786999611685,72.6707534790039,95027598,0.0,0.0
2023-11-16 00:00:00+00:00,72.95867460961551,74.49027429414787,72.71074680103833,73.20061492919922,58130131,0.0,0.0
2023-11-17 00:00:00+00:00,73.61050620844125,75.23008011423049,73.3585740152379,75.03013610839844,62468704,0.0,0.0
2023-11-20 00:00:00+00:00,74.61024101921237,75.4500226186063,74.42429324751524,74.7402114868164,62577723,0.0,0.0
2023-11-21 00:00:00+00:00,74.63023484097454,74.81018748360187,73.60050879658598,74.49027252197266,140918130,0.0,0.0
2023-11-22 00:00:00+00:00,74.57024728606812,75.48001000823429,74.41029361519932,74.90016174316406,71224872,0.0,0.0
2023-11-23 00:00:00+00:00,71.44108221970599,71.72100687782863,70.40135661283983,70.85124206542969,128204320,0.0,0.0
2023-11-24 00:00:00+00:00,71.12116108054944,72.1408952496096,70.98119876359989,71.72100067138672,67101941,0.0,0.0
2023-11-27 00:00:00+00:00,71.73100558404228,71.73100558404228,70.96121278259992,71.02119445800781,70708908,0.0,0.0
2023-11-28 00:00:00+00:00,70.97120276493442,71.02119257803427,70.04144868384905,70.84123992919922,102309526,0.0,0.0
2023-11-29 00:00:00+00:00,70.77126078684479,71.16115693255125,69.87149751699346,70.79125213623047,57811535,0.0,0.0
2023-11-30 00:00:00+00:00,70.86123362888961,71.68101625025187,70.28139296551741,71.31111907958984,158760917,0.0,0.0
2023-12-01 00:00:00+00:00,71.1111659119912,71.82097702745375,70.80125042383317,71.6510238647461,44745539,0.0,0.0
2023-12-04 00:00:00+00:00,71.93094975445216,72.15089273462627,70.77126080540886,71.2811279296875,79680062,0.0,0.0
2023-12-05 00:00:00+00:00,70.80125180482288,71.68101610015303,70.4033545419245,71.54105377197266,41409416,0.0,0.0
2023-12-06 00:00:00+00:00,71.70101401586442,72.75073146168246,71.111166246655,72.17089080810547,246059062,0.0,0.0
2023-12-07 00:00:00+00:00,71.00119527643537,71.71101402779667,69.69154451797608,69.78152465820312,99047605,0.0,0.0
2023-12-08 00:00:00+00:00,69.68154437975649,70.06544540337848,68.73179893631367,69.2316665649414,60701801,0.0,0.0
2023-12-11 00:00:00+00:00,69.23166432869233,69.32163683779928,68.31190975229619,68.53185272216797,121398813,0.0,0.0
2023-12-12 00:00:00+00:00,68.15194865123816,68.45187227053975,66.91227910438222,67.09223175048828,79483408,0.0,0.0
2023-12-13 00:00:00+00:00,66.30243715178912,66.5623704355056,64.95279617776465,65.12274932861328,107060174,0.0,0.0
2023-12-14 00:00:00+00:00,66.27244989248678,67.28218461929623,65.86255478345662,66.43240356445312,230273128,0.0,0.0
2023-12-15 00:00:00+00:00,66.17247761575732,66.46240174906234,64.63288443926228,64.70286560058594,165211418,0.0,0.0
2023-12-18 00:00:00+00:00,66.00251761911498,69.45160879602902,65.64261994755293,67.21220397949219,155872388,0.0,0.0
2023-12-19 00:00:00+00:00,67.23219389436147,67.70207067058303,66.1224871842051,66.8322982788086,195547478,0.0,0.0
2023-12-20 00:00:00+00:00,68.00198561615673,68.57183438066122,66.79230692755509,67.4621353149414,85862367,0.0,0.0
2023-12-21 00:00:00+00:00,67.68206881175486,69.22166190825932,67.64208611653969,68.98172760009766,93686699,0.0,0.0
2023-12-22 00:00:00+00:00,68.97173232700116,69.40662234462415,68.94174149007019,69.14169311523438,46800209,0.0,0.0
2023-12-27 00:00:00+00:00,68.10196889965177,68.90175253407597,68.00198927139583,68.5418472290039,56994764,0.0,0.0
2023-12-28 00:00:00+00:00,68.63182219437765,69.0317177951265,68.2019357583631,68.29190826416016,27587950,0.0,0.0
2023-12-29 00:00:00+00:00,68.15195108640498,68.81178002149532,68.13195973717863,68.5418472290039,14624574,0.0,0.0
2024-01-02 00:00:00+00:00,68.60183382673415,70.20140865989241,68.4518720176374,69.74153137207031,62468660,0.0,0.0
2024-01-03 00:00:00+00:00,69.9814681782036,70.99819722877498,69.36162957134175,69.4916000366211,90161664,0.0,0.0
2024-01-04 00:00:00+00:00,70.31137973393635,70.79124836739291,69.47159818432574,70.43134307861328,37454241,0.0,0.0
2024-01-05 00:00:00+00:00,70.18141128921212,70.68127891271754,69.86149631526364,70.38136291503906,78330404,0.0,0.0
2024-01-08 00:00:00+00:00,70.33136869431125,70.45233884830266,69.15168087167048,69.96147155761719,173500261,0.0,0.0
2024-01-09 00:00:00+00:00,69.98146321996619,70.34136849814452,69.72152993519869,69.99146270751953,61329132,0.0,0.0
2024-01-10 00:00:00+00:00,69.85150624907219,70.17142123123968,68.59783278642148,68.60183715820312,42843860,0.0,0.0
2024-01-11 00:00:00+00:00,68.56184375579203,70.33137175302289,67.09223175048828,67.09223175048828,111673362,0.0,0.0
2024-01-12 00:00:00+00:00,67.1622117010446,67.78205027698999,66.83229725123296,67.4621353149414,64351744,0.0,0.0
2024-01-15 00:00:00+00:00,67.3521630197041,67.61208867941515,66.69233412803543,67.14221954345703,45796802,0.0,0.0
2024-01-16 00:00:00+00:00,67.11222358726015,67.67208050553793,66.89228824252996,67.38215637207031,131360972,0.0,0.0
2024-01-17 00:00:00+00:00,66.76231976328474,67.61209321289387,66.31244194507248,66.84230041503906,65346869,0.0,0.0
2024-01-18 00:00:00+00:00,67.10223399694591,67.23519439434673,65.88955005114775,65.8925552368164,85599507,0.0,0.0
2024-01-19 00:00:00+00:00,66.0725004778405,67.69207436464184,66.0425096400548,67.6220932006836,150358122,0.0,0.0
2024-01-22 00:00:00+00:00,67.55211205294569,68.68181016493574,67.54211256455645,68.1119613647461,68748063,0.0,0.0
2024-01-23 00:00:00+00:00,69.02172446989871,69.60157276138519,67.91201770174781,69.12169647216797,66912678,0.0,0.0
2024-01-24 00:00:00+00:00,69.3016492781946,69.93147975850053,68.76179131191458,68.89176177978516,63097766,0.0,0.0
2024-01-25 00:00:00+00:00,68.481863500819,68.84176879510086,67.9819958840247,68.10196685791016,49468727,0.0,0.0
2024-01-26 00:00:00+00:00,68.80177562942767,71.1411599456591,68.33189886866381,70.74126434326172,85909747,0.0,0.0
2024-01-29 00:00:00+00:00,70.86123022149512,70.9712017067755,69.15168389673819,69.28165435791016,47500196,0.0,0.0
2024-01-30 00:00:00+00:00,70.34137057645415,70.82123920995403,68.71180491632528,68.73179626464844,50901740,0.0,0.0
2024-01-31 00:00:00+00:00,67.82203640859453,68.52185566734268,65.87255570164373,67.30217742919922,112544669,0.0,0.0
2024-02-01 00:00:00+00:00,67.62209443957232,68.53185721507191,67.0422461405094,67.25218963623047,53186968,0.0,0.0
2024-02-02 00:00:00+00:00,67.8320314891181,69.09169997111135,67.76205033052814,68.58183288574219,97733838,0.0,0.0
2024-02-05 00:00:00+00:00,68.60183353364123,68.8717586869626,66.31243896484375,66.31243896484375,163655182,0.0,0.0
2024-02-06 00:00:00+00:00,66.19247203135338,66.86229283896868,65.9525376996087,66.21247100830078,81281350,0.0,0.0
2024-02-07 00:00:00+00:00,65.6326207146742,65.93253671337142,63.583160400390625,63.583160400390625,116786286,0.0,0.0
2024-02-08 00:00:00+00:00,63.62314978444892,64.71286515750575,63.293239139812826,63.49318313598633,77253371,0.0,0.0
2024-02-09 00:00:00+00:00,63.51317645388217,63.89307690021637,62.94332769122443,62.95332717895508,172010728,0.0,0.0
2024-02-12 00:00:00+00:00,63.10328460899762,64.23298645019531,62.69339333050105,64.23298645019531,110166084,0.0,0.0
2024-02-13 00:00:00+00:00,64.32296300655356,64.91281077654875,63.093292907332234,64.13301849365234,152201740,0.0,0.0
2024-02-14 00:00:00+00:00,65.65260762882863,68.70180298754691,64.92280521665943,65.35269165039062,240413492,0.0,0.0
2024-02-15 00:00:00+00:00,64.97279225587626,67.58210188840694,64.74285741795768,66.55237579345703,114632050,0.0,0.0
2024-02-16 00:00:00+00:00,66.56237049553032,66.83229563962897,65.61261749267578,65.61261749267578,90637292,0.0,0.0
2024-02-19 00:00:00+00:00,66.56237067234923,67.46213386735849,66.46239867898692,67.08222961425781,71085904,0.0,0.0
2024-02-20 00:00:00+00:00,67.28218091264661,67.62208721395838,66.29243758909354,67.05223846435547,55627578,0.0,0.0
2024-02-21 00:00:00+00:00,66.89228845316302,67.2221952849844,65.87255423880735,65.94253540039062,90071279,0.0,0.0
2024-02-22 00:00:00+00:00,66.11249136411068,66.45240532576962,65.6826048883324,65.72259521484375,64148320,0.0,0.0
2024-02-23 00:00:00+00:00,65.70260156217681,67.35216624291596,63.793107395600266,66.23246002197266,179766802,0.0,0.0
2024-02-26 00:00:00+00:00,66.13248879230677,66.67234674650464,65.38268734937216,66.06250762939453,144670237,0.0,0.0
2024-02-27 00:00:00+00:00,66.04250500431333,68.61182416839544,65.8125701791796,68.38188934326172,116774382,0.0,0.0
2024-02-28 00:00:00+00:00,70.2114080226333,71.30111575386977,67.76205215141805,68.27191925048828,141140495,0.0,0.0
2024-02-29 00:00:00+00:00,68.05197481725183,71.23113306107257,67.32216476458143,69.10169982910156,297363295,0.0,0.0
2024-03-01 00:00:00+00:00,69.38162828435846,71.32110949417356,69.38162828435846,70.44134521484375,206153196,0.0,0.0
2024-03-04 00:00:00+00:00,70.68127442088257,70.91121686912693,69.20167062066595,69.47159576416016,126878764,0.0,0.0
2024-03-05 00:00:00+00:00,69.43160861525007,70.9412109469691,68.98173081307115,70.26139068603516,75620422,0.0,0.0
2024-03-06 00:00:00+00:00,70.42135272080202,71.37509489178218,69.48159915478323,69.60157012939453,139336377,0.0,0.0
2024-03-07 00:00:00+00:00,69.31164260088282,70.88122654516607,69.07170066340858,69.76152038574219,144116109,0.0,0.0
2024-03-08 00:00:00+00:00,69.98146532551078,71.33110634559932,69.13169191489018,70.92121887207031,79766151,0.0,0.0
2024-03-11 00:00:00+00:00,70.73127122350145,71.18114904959143,70.13143157958984,70.13143157958984,116012286,0.0,0.0
2024-03-12 00:00:00+00:00,70.55131474154561,71.78498917237535,69.28165435791016,69.28165435791016,132144328,0.0,0.0
2024-03-13 00:00:00+00:00,69.28165850807196,69.82150885149206,66.50238800048828,66.50238800048828,155344448,0.0,0.0
2024-03-14 00:00:00+00:00,66.33242778977976,67.22219149142973,65.80256936378306,66.07249450683594,124498677,0.0,0.0
2024-03-15 00:00:00+00:00,67.54211021235915,70.82124057134911,67.48212853886223,69.83150482177734,688428852,0.0,0.0
2024-03-18 00:00:00+00:00,69.081699860054,69.82250857577158,67.31217193603516,67.31217193603516,211404691,0.0,0.0
2024-03-19 00:00:00+00:00,67.44213624218395,67.44213624218395,66.21246620720336,66.48239135742188,145460343,0.0,0.0
2024-03-20 00:00:00+00:00,66.58236389077845,67.7520522634671,65.9025436384905,67.2621841430664,84805202,0.0,0.0
2024-03-21 00:00:00+00:00,67.12222664404177,68.74180055688893,67.12222664404177,67.48213195800781,159569417,0.0,0.0
2024-03-22 00:00:00+00:00,67.32216515172854,69.18567761772314,67.25218399236108,68.41188049316406,144481665,0.0,0.0
2024-03-25 00:00:00+00:00,68.40188302492516,68.85176845760496,67.25218597790948,68.36189270019531,73850007,0.0,0.0
2024-03-26 00:00:00+00:00,68.05198032592969,68.66181945800781,67.43214170536876,68.66181945800781,123886382,0.0,0.0
2024-03-27 00:00:00+00:00,68.47186487350027,69.89149471984527,68.05197790068502,69.40161895751953,95841752,0.0,0.0
2024-03-28 00:00:00+00:00,69.9414775868979,70.7012785170405,69.68154428470115,70.44134521484375,81354327,0.0,0.0
2024-04-02 00:00:00+01:00,70.26138835385218,71.40108586709172,70.08143571347887,70.28138732910156,84550584,0.0,0.0
2024-04-03 00:00:00+01:00,70.0214558237397,71.42108665920654,70.0214558237397,71.18114471435547,83882081,0.0,0.0
2024-04-04 00:00:00+01:00,71.16115200630307,71.7609916022208,69.88149216771208,70.08143615722656,177948161,0.0,0.0
2024-04-05 00:00:00+01:00,69.30164580626125,69.64155975053784,68.40188257420498,68.56184387207031,73872047,0.0,0.0
2024-04-08 00:00:00+01:00,68.40188427827403,68.68180892913752,67.7820533020405,68.48186492919922,54412098,0.0,0.0
2024-04-09 00:00:00+01:00,67.74205798727718,68.80177483817491,67.28218071938997,68.00198364257812,61377024,0.0,0.0
2024-04-10 00:00:00+01:00,68.5418427184374,68.70180401122043,66.93727199734411,67.14221954345703,61639860,0.0,0.0
2024-04-11 00:00:00+01:00,67.1822078359397,67.4221497951028,66.3224348840425,66.70233917236328,69904902,0.0,0.0
2024-04-12 00:00:00+01:00,67.18220286778961,67.92800752898799,66.80230623493722,67.20220184326172,57204193,0.0,0.0
2024-04-15 00:00:00+01:00,67.18220457358125,67.38215619650754,66.26244999024387,67.12222290039062,60995585,0.0,0.0
2024-04-16 00:00:00+01:00,66.54237863261247,66.80231194434532,65.92254763273986,66.04251098632812,60671927,0.0,0.0
2024-04-17 00:00:00+01:00,65.74259174805196,66.94227098929896,65.51965121588502,66.46240234375,43512470,0.0,0.0
2024-04-18 00:00:00+01:00,66.6423513884523,67.06223833744252,65.94253217942774,66.36241912841797,82198762,0.0,0.0
2024-04-19 00:00:00+01:00,66.48239403340354,67.08223365710218,65.76258343401533,66.98226165771484,69142766,0.0,0.0
2024-04-22 00:00:00+01:00,67.76205332222736,69.92348347312078,67.52711493072266,69.60157012939453,81105726,0.0,0.0
2024-04-23 00:00:00+01:00,69.92148510098345,70.62129671777963,69.60157012939453,69.60157012939453,150967378,0.0,0.0
2024-04-24 00:00:00+01:00,69.66155397294806,70.041450629989,68.62182837605333,69.32164001464844,89375938,0.0,0.0
2024-04-25 00:00:00+01:00,69.32163390104552,70.04144445290466,68.34189769341711,68.98172760009766,63535891,0.0,0.0
2024-04-26 00:00:00+01:00,69.28165715179355,69.98146878873094,69.06171417236328,69.06171417236328,55256533,0.0,0.0
2024-04-29 00:00:00+01:00,69.08170494119986,70.18141220173565,68.74179861393641,69.9814682006836,44071559,0.0,0.0
2024-04-30 00:00:00+01:00,69.8215053396509,69.82750808342583,67.51912131117128,67.64208984375,85178283,0.0,0.0
2024-05-01 00:00:00+01:00,69.30164443987715,67.50211801124493,67.48212666309317,67.4621353149414,5709970,0.0,0.0
2024-05-02 00:00:00+01:00,67.46213379754269,68.50185168028386,67.20220051317031,67.80204010009766,40057624,0.0,0.0
2024-05-03 00:00:00+01:00,67.94200635560358,68.74179760279696,67.38215705899297,68.42188262939453,88284265,0.0,0.0
2024-05-07 00:00:00+01:00,67.98199633582367,68.98173157605636,67.82203503624665,67.90201568603516,68169245,0.0,0.0
2024-05-08 00:00:00+01:00,68.0019862485947,68.10196587240638,67.00225102947329,67.5221176147461,69453545,0.0,0.0
2024-05-09 00:00:00+01:00,67.80204028668963,68.92174644544316,67.10222870457753,68.06197357177734,49816322,0.0,0.0
2024-05-10 00:00:00+01:00,68.46187531699827,69.93147977131474,67.64209269265429,69.38162994384766,62668607,0.0,0.0
2024-05-13 00:00:00+01:00,69.52158563573869,71.16115072790055,69.46160396543675,69.96147155761719,90443261,0.0,0.0
2024-05-14 00:00:00+01:00,70.70127745319141,73.74247187279579,69.54158091266726,73.2605972290039,187540061,0.0,0.0
2024-05-15 00:00:00+01:00,73.00066291367949,77.03959414572266,72.48080395172568,76.07984924316406,164000076,0.0,0.0
2024-05-16 00:00:00+01:00,76.25980399187853,77.96935036176612,75.6199740391969,77.49947357177734,96063526,0.0,0.0
2024-05-17 00:00:00+01:00,77.73941707636811,78.75914370025524,76.97961613212632,77.1595687866211,120483812,0.0,0.0
2024-05-20 00:00:00+01:00,77.01960117299944,77.86037427079809,76.77966685926327,77.13957214355469,44509089,0.0,0.0
2024-05-21 00:00:00+01:00,76.699689029684,77.61944362227051,74.9001625421238,75.22007751464844,89503994,0.0,0.0
2024-05-22 00:00:00+01:00,74.98014149224758,75.75893455733812,74.44028355821847,75.30005645751953,149589227,0.0,0.0
2024-05-23 00:00:00+01:00,75.16009750839429,75.87990811938845,74.16036224365234,74.16036224365234,68463336,0.0,0.0
2024-05-24 00:00:00+01:00,73.86043404580528,74.46028126945615,73.240603101515,73.48053741455078,100442854,0.0,0.0
2024-05-28 00:00:00+01:00,73.80045336579923,75.0201315501251,73.0206611174268,74.06038665771484,71226714,0.0,0.0
2024-05-29 00:00:00+01:00,74.0203991229867,74.52026674999712,73.38056917060335,73.84044647216797,86773955,0.0,0.0
2024-05-30 00:00:00+01:00,73.68048460387749,74.9001628247851,73.12063530669023,74.76020050048828,72121909,0.0,0.0
2024-05-31 00:00:00+01:00,74.88017260672113,75.89989921733675,74.24034264959472,75.59998321533203,337266732,0.0,0.0
2024-06-03 00:00:00+01:00,76.21981066592065,77.05959221286535,75.89989570217372,76.47974395751953,153683368,0.0,0.0
2024-06-04 00:00:00+01:00,75.8199135474153,76.97961003505709,75.5859819797377,76.81964874267578,69280619,0.0,0.0
2024-06-05 00:00:00+01:00,77.13957177608388,77.87937368921456,76.33978056427421,76.61970520019531,90001063,0.0,0.0
2024-06-06 00:00:00+01:00,72.96067754094102,72.96067754094102,71.49805989301976,72.18087768554688,119686391,0.0,0.0
2024-06-07 00:00:00+01:00,72.16088940055405,73.06065263544865,71.43808125445321,71.50106048583984,71954137,0.0,0.0
2024-06-10 00:00:00+01:00,70.94120959024536,71.94094480030076,70.40135166153054,70.8612289428711,110889294,0.0,0.0
2024-06-11 00:00:00+01:00,71.22113367768254,71.56104761270632,69.84150184433433,70.08143615722656,91297027,0.0,0.0
2024-06-12 00:00:00+01:00,70.10143375047566,70.52132069660212,68.98172760009766,68.98172760009766,152874144,0.0,0.0
2024-06-13 00:00:00+01:00,68.82177079617921,69.53458709242459,68.60183544866183,68.68180847167969,125883045,0.0,0.0
2024-06-14 00:00:00+01:00,68.74179794425517,70.08143951847762,68.58183664307207,68.94174194335938,71066044,0.0,0.0
2024-06-17 00:00:00+01:00,69.18167214457405,70.16141598749172,69.16168079680497,69.76152038574219,98602229,0.0,0.0
2024-06-18 00:00:00+01:00,70.08144177583232,70.98120505553236,70.00146112266457,70.62129974365234,67323052,0.0,0.0
2024-06-19 00:00:00+01:00,71.18114676399153,72.06091866569598,70.98120276489942,71.62103271484375,74385058,0.0,0.0
2024-06-20 00:00:00+01:00,71.6410332705377,72.30085458398746,71.1811483332131,72.2608642578125,80709044,0.0,0.0
2024-06-21 00:00:00+01:00,72.10091134258012,72.70075098679503,71.121167409375,71.60104370117188,107345940,0.0,0.0
2024-06-24 00:00:00+01:00,71.6010406326034,72.70074787109698,71.24113533602375,72.2808609008789,55421678,0.0,0.0
2024-06-25 00:00:00+01:00,72.56078623507767,72.88070120980416,70.58130708513747,70.64129638671875,55528501,0.0,0.0
2024-06-26 00:00:00+01:00,70.4413399847035,70.88122590539503,69.42161345545166,69.7015380859375,81910537,0.0,0.0
2024-06-27 00:00:00+01:00,69.98146723085942,70.44134452880583,69.40161895751953,69.40161895751953,88122141,0.0,0.0
2024-06-28 00:00:00+01:00,69.52158840237834,70.34137098108286,69.50158942656573,69.74153137207031,58666029,0.0,0.0
2024-07-01 00:00:00+01:00,69.92148142022391,71.06117892322513,69.3216342061187,70.22139739990234,55924542,0.0,0.0
2024-07-02 00:00:00+01:00,70.18141151802972,70.68127914316491,68.72179896791995,68.94174194335938,63417139,0.0,0.0
2024-07-03 00:00:00+01:00,69.32163813682024,69.72153375977402,68.68180819104404,69.14169311523438,92237703,0.0,0.0
2024-07-04 00:00:00+01:00,69.48159531307935,70.02145322791911,68.72179443730035,69.96147155761719,36817580,0.0,0.0
2024-07-05 00:00:00+01:00,70.0614496427228,70.82824488727191,69.541583030321,70.30138397216797,39779841,0.0,0.0
2024-07-08 00:00:00+01:00,70.12142728921297,71.08117217922356,69.54157903461042,70.40135192871094,55631588,0.0,0.0
2024-07-09 00:00:00+01:00,70.8012485257809,71.12116349357325,69.76152297361216,70.981201171875,65847854,0.0,0.0
2024-07-10 00:00:00+01:00,71.14116227586754,72.88069943179384,70.54131503893655,72.42082214355469,95958747,0.0,0.0
2024-07-11 00:00:00+01:00,72.34083886231518,72.86069780437867,70.47233049966623,71.20114135742188,47102749,0.0,0.0
2024-07-12 00:00:00+01:00,71.72100575803245,72.16089171528564,70.50132751464844,70.50132751464844,42445604,0.0,0.0
2024-07-15 00:00:00+01:00,70.36136169424725,70.94120994958634,69.50158879905463,69.6815414428711,66768675,0.0,0.0
2024-07-16 00:00:00+01:00,69.56157728850671,70.10143521366928,69.14169033361617,69.36162567138672,67131135,0.0,0.0
2024-07-17 00:00:00+01:00,69.70154511434781,70.78126104998786,69.08170649336003,70.62129974365234,209583045,0.0,0.0
2024-07-18 00:00:00+01:00,70.88122791840183,71.36109654789878,70.18140869493845,70.8612289428711,37516815,0.0,0.0
2024-07-19 00:00:00+01:00,70.38135887809008,71.06117911215918,69.91248130458506,70.48133087158203,33191240,0.0,0.0
2024-07-22 00:00:00+01:00,70.98120018331349,71.06118083099129,70.0214552933029,70.40135192871094,30217586,0.0,0.0
2024-07-23 00:00:00+01:00,70.18141315834582,70.86123344951376,69.82150784964662,70.56131744384766,76679000,0.0,0.0
2024-07-24 00:00:00+01:00,70.02146056007841,70.60130885829518,69.78152622637232,70.42135620117188,46478217,0.0,0.0
2024-07-25 00:00:00+01:00,69.48160246687283,72.32084702164536,68.56184783313313,72.12090301513672,153582039,0.0,0.0
2024-07-26 00:00:00+01:00,72.06091737457008,73.30058692695405,71.88096472766156,73.20061492919922,67952538,0.0,0.0
2024-07-29 00:00:00+01:00,74.14036848831867,74.7601994508234,73.20061492919922,73.20061492919922,49015474,0.0,0.0
2024-07-30 00:00:00+01:00,73.3405789629459,73.38056928845592,72.74073933504496,73.12063598632812,47946153,0.0,0.0
2024-07-31 00:00:00+01:00,73.50053038980667,74.34031194508539,72.2808598222373,72.42082214355469,52084419,0.0,0.0
2024-08-01 00:00:00+01:00,72.82070931908132,73.24060390572238,71.93194477494633,72.10090637207031,41617888,0.0,0.0
2024-08-02 00:00:00+01:00,71.62102904551702,72.46081057890397,71.38109473342399,72.2408676147461,53063972,0.0,0.0
2024-08-05 00:00:00+01:00,70.34137489717416,71.74100581437425,68.06197967960185,69.38162994384766,137638315,0.0,0.0
2024-08-06 00:00:00+01:00,69.76152724926143,70.72127221146076,63.04330870017868,70.42135620117188,84375027,0.0,0.0
2024-08-07 00:00:00+01:00,70.7612607774167,73.44055159048138,70.66228796256804,73.18061828613281,80241949,0.0,0.0
2024-08-08 00:00:00+01:00,73.0006600946174,73.68048032776564,63.04330234798553,73.62049865722656,54531772,0.0,0.0
2024-08-09 00:00:00+01:00,73.68048454590883,74.3003231440032,73.32057924732172,73.78046417236328,69985571,0.0,0.0
2024-08-12 00:00:00+01:00,74.12037208428578,74.80019237093248,73.00066583940452,74.42029571533203,72546895,0.0,0.0
2024-08-13 00:00:00+01:00,74.24034083775108,74.46028381027831,73.00066365212022,73.72047424316406,51983761,0.0,0.0
2024-08-14 00:00:00+01:00,73.4005574877672,74.58024534387876,73.4005574877672,74.520263671875,44587753,0.0,0.0
2024-08-15 00:00:00+01:00,74.70022099609831,75.71994762093175,74.35031517519343,74.48027801513672,61481651,0.0,0.0
2024-08-16 00:00:00+01:00,74.26033225522173,74.7002182006836,73.7004829627245,74.7002182006836,37765326,0.0,0.0
2024-08-19 00:00:00+01:00,74.6002467167132,75.48001098632812,74.50026709032831,75.48001098632812,89827480,0.0,0.0
2024-08-20 00:00:00+01:00,75.30005664687091,75.36003831945574,73.51052968347102,73.86043548583984,59174158,0.0,0.0
2024-08-21 00:00:00+01:00,73.58051300048828,74.0403903009906,73.16062602533938,73.58051300048828,64374038,0.0,0.0
2024-08-22 00:00:00+01:00,73.48054100079207,73.9804086266478,73.44055067543866,73.58051300048828,34236718,0.0,0.0
2024-08-23 00:00:00+01:00,73.78046138978453,74.10037635119942,73.48053777648182,74.00039672851562,44923195,0.0,0.0
2024-08-27 00:00:00+01:00,73.32057639947696,74.99013999149864,73.32057639947696,74.72020721435547,44765997,0.0,0.0
2024-08-28 00:00:00+01:00,74.78020010219487,74.94215214887879,74.080380847483,74.82018280029297,42441709,0.0,0.0
2024-08-29 00:00:00+01:00,74.88017158907313,75.18008758700189,74.02039866573638,74.04039001464844,39027575,0.0,0.0
2024-08-30 00:00:00+01:00,74.30031944876325,74.6202344063329,73.81544726859724,74.4002914428711,122344636,0.0,0.0
2024-09-02 00:00:00+01:00,74.48027697667345,75.63997354107427,74.32031567370447,75.59998321533203,42401533,0.0,0.0
2024-09-03 00:00:00+01:00,75.48000757897522,76.59971374851807,75.34004526120415,75.63996887207031,168966430,0.0,0.0
2024-09-04 00:00:00+01:00,75.22007333949807,76.7596664428711,75.08011102349818,76.7596664428711,74446425,0.0,0.0
2024-09-05 00:00:00+01:00,76.55972689131572,78.61917905521942,76.45975489229241,78.1593017578125,88263421,0.0,0.0
2024-09-06 00:00:00+01:00,77.71941823390068,77.87937953922804,76.35977764811757,76.43975830078125,56072662,0.0,0.0
2024-09-09 00:00:00+01:00,76.73967554020182,77.1395711428238,76.33977993757982,76.55972290039062,36650219,0.0,0.0
2024-09-10 00:00:00+01:00,76.31978729265059,76.77967223160374,75.46002197265625,75.46002197265625,52153911,0.0,0.0
2024-09-11 00:00:00+01:00,75.79992201814628,76.89962920482608,75.55998770752277,76.55972290039062,58439505,0.0,0.0
2024-09-12 00:00:00+01:00,76.85963843610328,77.2195437136385,76.07984621056839,76.7596664428711,70577338,0.0,0.0
2024-09-13 00:00:00+01:00,76.71967960452928,77.85937715936174,76.71967960452928,77.57945251464844,57687770,0.0,0.0
2024-09-16 00:00:00+01:00,77.51947428858071,78.4592278896566,77.14956949026097,78.39923858642578,30479224,0.0,0.0
2024-09-17 00:00:00+01:00,78.93909066781833,79.47894859241018,77.5194685109514,77.59944915771484,59955550,0.0,0.0
2024-09-18 00:00:00+01:00,77.6594305667828,78.059326171875,77.33251367861297,78.059326171875,34142673,0.0,0.0
2024-09-19 00:00:00+01:00,78.11931066668772,78.21928266473071,75.61997257874053,76.13983917236328,66327943,0.0,0.0
2024-09-20 00:00:00+01:00,75.61997393695354,76.15983188893149,75.42002993727638,75.53999328613281,153085696,0.0,0.0
2024-09-23 00:00:00+01:00,75.67995702985695,76.19982364256096,75.32505527967184,75.9198989868164,35303870,0.0,0.0
2024-09-24 00:00:00+01:00,76.11984408030521,76.3197880865932,75.30006145072453,75.77993774414062,40040784,0.0,0.0
2024-09-25 00:00:00+01:00,75.4600181078178,76.00886871886196,75.08011384095536,75.81991577148438,38955485,0.0,0.0
2024-09-26 00:00:00+01:00,76.37977059767069,76.47974259192384,74.96014844810283,75.38003540039062,70443404,0.0,0.0
2024-09-27 00:00:00+01:00,75.40003158662081,75.84891784459954,75.04012628231537,75.59998321533203,45775567,0.0,0.0
2024-09-30 00:00:00+01:00,75.73994457155851,75.97987889556381,75.01813560001267,75.02013397216797,38514953,0.0,0.0
2024-10-01 00:00:00+01:00,75.36003858206199,75.460018206551,74.9361548735365,75.10011291503906,70834081,0.0,0.0
2024-10-02 00:00:00+01:00,74.96014841599597,75.06012041020631,72.98066937018466,73.68048095703125,53967443,0.0,0.0
2024-10-03 00:00:00+01:00,74.14036883952267,74.24933351234567,73.14063360248946,73.72047424316406,48917417,0.0,0.0
2024-10-04 00:00:00+01:00,73.98040412251589,74.62023403446663,73.10063990042717,73.88043212890625,47234568,0.0,0.0
2024-10-07 00:00:00+01:00,73.8804383753891,74.68022201926097,72.94968507809473,74.48027801513672,80047053,0.0,0.0
2024-10-08 00:00:00+01:00,73.84044880614394,74.48927908115783,73.62250419515662,73.82044982910156,34479871,0.0,0.0
2024-10-09 00:00:00+01:00,73.9004291051685,74.52026771655586,73.76046677798018,74.42029571533203,22768940,0.0,0.0
2024-10-10 00:00:00+01:00,74.46028325446122,75.22007653722522,74.36030362960457,74.6402359008789,30666419,0.0,0.0
2024-10-11 00:00:00+01:00,74.52026611840361,75.03013322929779,73.70048352214957,73.78046417236328,33419206,0.0,0.0
2024-10-14 00:00:00+01:00,73.70048199366752,74.36030327581004,73.35357374861908,74.12036895751953,51001791,0.0,0.0
2024-10-15 00:00:00+01:00,74.66023113380328,74.88017411613178,73.66049585221909,74.28033447265625,49366934,0.0,0.0
2024-10-16 00:00:00+01:00,74.82018072157956,76.07984924316406,74.66022705150704,76.07984924316406,78287484,0.0,0.0
2024-10-17 00:00:00+01:00,76.03986293530299,76.07985326177707,74.02040102629867,75.00013732910156,96796288,0.0,0.0
2024-10-18 00:00:00+01:00,74.6402396455846,75.22008031102156,74.4402880132142,75.00013732910156,41496876,0.0,0.0
2024-10-21 00:00:00+01:00,74.9801456528222,75.38004128844555,74.38030601307459,74.48027801513672,34347385,0.0,0.0
2024-10-22 00:00:00+01:00,74.28033351591246,74.4202958433415,73.14063591977596,73.70048522949219,42968945,0.0,0.0
2024-10-23 00:00:00+01:00,73.4405533092886,73.76046829621461,72.8807039890118,73.10064697265625,43298549,0.0,0.0
2024-10-24 00:00:00+01:00,73.34057867574244,74.26033327674706,73.22060769968219,73.58051300048828,13744349,0.0,0.0
2024-10-25 00:00:00+01:00,73.4605479486027,74.00039825992063,73.24060497794567,73.66049194335938,44325477,0.0,0.0
2024-10-28 00:00:00+00:00,73.74046981237791,74.16035676196293,73.04065060236202,73.88043212890625,48704385,0.0,0.0
2024-10-29 00:00:00+00:00,73.82044370188456,73.86043402527511,71.57304549537959,71.78099060058594,155190301,0.0,0.0
2024-10-30 00:00:00+00:00,71.42108860251865,72.94068282438357,71.02119297759378,72.3408432006836,76107924,0.0,0.0
2024-10-31 00:00:00+00:00,71.92095776134124,72.36083609350669,71.54105347723838,72.00093078613281,67170529,0.0,0.0
2024-11-01 00:00:00+00:00,71.72100691456501,72.80072284848386,71.42109090672636,72.32084655761719,44445207,0.0,0.0
2024-11-04 00:00:00+00:00,72.40082298963253,72.74073693154894,72.14089732346788,72.160888671875,29152879,0.0,0.0
2024-11-05 00:00:00+00:00,71.92095221299925,73.62949929143294,71.86096291481495,72.44081115722656,55098289,0.0,0.0
2024-11-06 00:00:00+00:00,72.78072508902359,73.10064004563444,71.74099957319477,72.44081115722656,71781310,0.0,0.0
2024-11-07 00:00:00+00:00,72.66075846316181,73.36057008902327,71.48107056001346,71.88096618652344,56751466,0.0,0.0
2024-11-08 00:00:00+00:00,71.72100380698102,72.38083272491124,71.3211081864816,72.02092742919922,57565561,0.0,0.0
2024-11-11 00:00:00+00:00,72.58077910999299,72.98067474365234,72.12090180086591,72.98067474365234,54385108,0.0,0.0
2024-11-12 00:00:00+00:00,69.42161568553509,71.02119050210572,67.00225067138672,67.00225067138672,222964093,0.0,0.0
2024-11-13 00:00:00+00:00,66.40240960393317,69.10169919802041,66.40240960393317,69.04170989990234,211402633,0.0,0.0
2024-11-14 00:00:00+00:00,69.22166272545921,69.60156698085548,68.59283148485751,69.30164337158203,59618412,0.0,0.0
2024-11-15 00:00:00+00:00,68.98173322858001,70.2014114712624,68.9017525768755,69.52159118652344,63469850,0.0,0.0
2024-11-18 00:00:00+00:00,69.64155945370433,70.92121932167473,69.61956210576054,70.72126770019531,55072948,0.0,0.0
2024-11-19 00:00:00+00:00,70.80124538192287,71.40108496647643,70.10143380450607,70.6812744140625,71956467,0.0,0.0
2024-11-20 00:00:00+00:00,70.70127901977293,71.4110901412183,70.59330590283693,71.22113800048828,62756304,0.0,0.0
2024-11-21 00:00:00+00:00,69.4000015258789,70.05999755859375,68.81999969482422,68.87999725341797,56721836,1.8860999,0.0
2024-11-22 00:00:00+00:00,69.23999786376953,70.36000061035156,69.0999984741211,70.08000183105469,64901344,0.0,0.0
2024-11-25 00:00:00+00:00,69.9800033569336,71.5,69.91400146484375,71.08000183105469,252986180,0.0,0.0
2024-11-26 00:00:00+00:00,71.05999755859375,71.80000305175781,70.91999816894531,71.04000091552734,71146013,0.0,0.0
2024-11-27 00:00:00+00:00,70.94000244140625,71.5999984741211,70.46399688720703,71.36000061035156,58877638,0.0,0.0
2024-11-28 00:00:00+00:00,71.66000366210938,71.9000015258789,71.30000305175781,71.69999694824219,73080924,0.0,0.0
2024-11-29 00:00:00+00:00,71.54000091552734,72.0,70.5999984741211,70.87999725341797,57847149,0.0,0.0
2024-12-02 00:00:00+00:00,70.83999633789062,71.73200225830078,70.76000213623047,70.9000015258789,279099971,0.0,0.0
2024-12-03 00:00:00+00:00,70.31999969482422,71.19999694824219,70.19999694824219,70.33999633789062,61349530,0.0,0.0
2024-12-04 00:00:00+00:00,70.23999786376953,70.5,69.5199966430664,69.80000305175781,61422473,0.0,0.0
2024-12-05 00:00:00+00:00,69.95999908447266,71.69000244140625,69.95999908447266,71.58000183105469,121207615,0.0,0.0
2024-12-06 00:00:00+00:00,71.86000061035156,73.10399627685547,71.5999984741211,72.12000274658203,120047577,0.0,0.0
2024-12-09 00:00:00+00:00,71.73999786376953,72.33200073242188,70.66000366210938,70.81999969482422,109407274,0.0,0.0
2024-12-10 00:00:00+00:00,70.36000061035156,70.77999877929688,69.76000213623047,69.80000305175781,79347064,0.0,0.0
2024-12-11 00:00:00+00:00,69.5199966430664,70.81999969482422,69.05999755859375,69.05999755859375,182306526,0.0,0.0
2024-12-12 00:00:00+00:00,69.04000091552734,69.822998046875,68.73999786376953,68.95999908447266,55360450,0.0,0.0
2024-12-13 00:00:00+00:00,68.86000061035156,69.50399780273438,68.83999633789062,69.0999984741211,92901879,0.0,0.0
2024-12-16 00:00:00+00:00,69.08000183105469,69.41999816894531,68.29399871826172,68.4000015258789,129526981,0.0,0.0
2024-12-17 00:00:00+00:00,67.91999816894531,68.18000030517578,67.4000015258789,67.5999984741211,79063544,0.0,0.0
2024-12-18 00:00:00+00:00,68.18000030517578,68.23999786376953,66.77999877929688,67.23999786376953,122828797,0.0,0.0
2024-12-19 00:00:00+00:00,67.0,67.44000244140625,66.77999877929688,67.05999755859375,63503474,0.0,0.0
2024-12-20 00:00:00+00:00,66.83999633789062,66.94000244140625,66.12000274658203,66.5,153387989,0.0,0.0
2024-12-23 00:00:00+00:00,66.91999816894531,66.91999816894531,66.27999877929688,66.4800033569336,63293094,0.0,0.0
2024-12-24 00:00:00+00:00,66.80000305175781,67.94000244140625,66.62000274658203,67.76000213623047,27798312,0.0,0.0
2024-12-27 00:00:00+00:00,67.5199966430664,67.95999908447266,66.80000305175781,67.33999633789062,60270857,0.0,0.0
2024-12-30 00:00:00+00:00,67.30000305175781,67.5,66.91999816894531,67.22000122070312,40884277,0.0,0.0
2024-12-31 00:00:00+00:00,67.18000030517578,68.63999938964844,67.0199966430664,68.30000305175781,35862847,0.0,0.0
2025-01-02 00:00:00+00:00,68.30000305175781,69.23999786376953,68.08000183105469,68.87999725341797,38313245,0.0,0.0
2025-01-03 00:00:00+00:00,69.13999938964844,69.69999694824219,68.62000274658203,68.62000274658203,117786934,0.0,0.0
2025-01-06 00:00:00+00:00,68.31999969482422,68.72000122070312,67.86000061035156,68.0,61929699,0.0,0.0
2025-01-07 00:00:00+00:00,67.76000213623047,68.18000030517578,66.58000183105469,67.5999984741211,71762811,0.0,0.0
2025-01-08 00:00:00+00:00,67.54000091552734,67.69999694824219,66.04000091552734,66.66000366210938,95332409,0.0,0.0
2025-01-09 00:00:00+00:00,66.66000366210938,67.12000274658203,66.27999877929688,66.54000091552734,64877500,0.0,0.0
2025-01-10 00:00:00+00:00,66.45999908447266,66.66000366210938,65.9800033569336,66.18000030517578,81248283,0.0,0.0
2025-01-13 00:00:00+00:00,66.0,67.08000183105469,65.95999908447266,66.94000244140625,121833067,0.0,0.0
2025-01-14 00:00:00+00:00,67.33999633789062,67.72000122070312,67.16000366210938,67.4000015258789,79663860,0.0,0.0
2025-01-15 00:00:00+00:00,67.77999877929688,69.36000061035156,67.73999786376953,69.16000366210938,110691670,0.0,0.0
2025-01-16 00:00:00+00:00,69.44000244140625,69.5199966430664,68.41999816894531,69.5,136513773,0.0,0.0
2025-01-17 00:00:00+00:00,69.41999816894531,69.83999633789062,68.9000015258789,69.58000183105469,102386823,0.0,0.0
2025-01-20 00:00:00+00:00,69.4800033569336,69.97000122070312,69.36000061035156,69.80000305175781,165782198,0.0,0.0
2025-01-21 00:00:00+00:00,69.81999969482422,70.05999755859375,69.22000122070312,69.63999938964844,52154874,0.0,0.0
2025-01-22 00:00:00+00:00,68.95999908447266,69.5199966430664,67.80000305175781,68.19999694824219,98631972,0.0,0.0
2025-01-23 00:00:00+00:00,68.16000366210938,68.73999786376953,67.79000091552734,68.0999984741211,56534381,0.0,0.0
2025-01-24 00:00:00+00:00,68.31999969482422,68.45999908447266,66.86000061035156,67.0,59572722,0.0,0.0
2025-01-27 00:00:00+00:00,66.81999969482422,68.87999725341797,66.81999969482422,67.9800033569336,47402382,0.0,0.0
2025-01-28 00:00:00+00:00,68.16000366210938,69.12000274658203,67.91999816894531,68.36000061035156,62769248,0.0,0.0
2025-01-29 00:00:00+00:00,67.9000015258789,69.05999755859375,67.4000015258789,68.81999969482422,56298703,0.0,0.0
2025-01-30 00:00:00+00:00,68.26000213623047,68.87999725341797,67.96900177001953,68.69999694824219,39414698,0.0,0.0
2025-01-31 00:00:00+00:00,68.86000061035156,69.0999984741211,68.22000122070312,68.68000030517578,45842870,0.0,0.0
2025-02-03 00:00:00+00:00,68.54000091552734,70.0199966430664,68.04000091552734,70.0199966430664,74727172,0.0,0.0
2025-02-04 00:00:00+00:00,66.0,66.80000305175781,64.37899780273438,65.0999984741211,375547737,0.0,0.0
2025-02-05 00:00:00+00:00,65.5,66.4800033569336,64.62000274658203,66.23999786376953,227530844,0.0,0.0
2025-02-06 00:00:00+00:00,66.33999633789062,68.28399658203125,66.0199966430664,68.0,84073636,0.0,0.0
2025-02-07 00:00:00+00:00,67.80000305175781,69.44000244140625,67.80000305175781,68.94000244140625,96890983,0.0,0.0
2025-02-10 00:00:00+00:00,69.0199966430664,70.33999633789062,68.86000061035156,69.44000244140625,77714488,0.0,0.0
2025-02-11 00:00:00+00:00,69.26000213623047,69.33999633789062,67.77999877929688,68.22000122070312,134544445,0.0,0.0
2025-02-12 00:00:00+00:00,68.33999633789062,69.72000122070312,68.18000030517578,69.12000274658203,104562178,0.0,0.0
2025-02-13 00:00:00+00:00,69.18000030517578,69.5199966430664,67.05999755859375,67.30000305175781,100577347,0.0,0.0
2025-02-14 00:00:00+00:00,67.18000030517578,67.27999877929688,65.87999725341797,66.5199966430664,119638401,0.0,0.0
2025-02-17 00:00:00+00:00,66.37999725341797,66.45999908447266,65.30000305175781,65.41999816894531,77153839,0.0,0.0
2025-02-18 00:00:00+00:00,65.30000305175781,66.45899963378906,64.99500274658203,66.37999725341797,55798571,0.0,0.0
2025-02-19 00:00:00+00:00,65.76000213623047,66.13999938964844,65.41999816894531,65.63999938964844,84186604,0.0,0.0
2025-02-20 00:00:00+00:00,65.5999984741211,65.9000015258789,65.05999755859375,65.0999984741211,76415299,0.0,0.0
2025-02-21 00:00:00+00:00,65.18000030517578,66.23999786376953,65.0999984741211,66.19999694824219,75060600,0.0,0.0
2025-02-24 00:00:00+00:00,66.68000030517578,68.62000274658203,66.4800033569336,68.4000015258789,99477198,0.0,0.0
2025-02-25 00:00:00+00:00,68.18000030517578,69.23999786376953,67.81199645996094,69.23999786376953,65073273,0.0,0.0
2025-02-26 00:00:00+00:00,68.94000244140625,69.4000015258789,68.26200103759766,69.0199966430664,62809510,0.0,0.0
2025-02-27 00:00:00+00:00,68.5199966430664,69.58000183105469,68.45600128173828,69.33999633789062,150467337,0.0,0.0
2025-02-28 00:00:00+00:00,69.16000366210938,70.19999694824219,69.05999755859375,70.18000030517578,241836763,0.0,0.0
2025-03-03 00:00:00+00:00,70.05999755859375,71.16000366210938,69.31999969482422,70.68000030517578,83582137,0.0,0.0
2025-03-04 00:00:00+00:00,70.0999984741211,70.5199966430664,69.81999969482422,69.81999969482422,84892538,0.0,0.0
2025-03-05 00:00:00+00:00,69.55999755859375,69.9280014038086,68.55999755859375,69.54000091552734,106637831,0.0,0.0
2025-03-06 00:00:00+00:00,70.08000183105469,70.9800033569336,69.5999984741211,69.5999984741211,61116702,0.0,0.0
2025-03-07 00:00:00+00:00,70.0,72.5,69.68000030517578,72.5,96971178,0.0,0.0
2025-03-10 00:00:00+00:00,72.54000091552734,74.22000122070312,71.94000244140625,73.9000015258789,189589571,0.0,0.0
2025-03-11 00:00:00+00:00,73.23999786376953,73.87999725341797,71.0999984741211,71.0999984741211,110837399,0.0,0.0
2025-03-12 00:00:00+00:00,71.0999984741211,71.36000061035156,69.7509994506836,70.05999755859375,86728528,0.0,0.0
2025-03-13 00:00:00+00:00,70.18000030517578,73.4800033569336,70.13999938964844,73.27999877929688,86534150,0.0,0.0
2025-03-14 00:00:00+00:00,73.08000183105469,75.0,72.12000274658203,73.63999938964844,78317317,0.0,0.0
2025-03-17 00:00:00+00:00,73.5999984741211,75.0199966430664,73.58000183105469,74.86000061035156,131776691,0.0,0.0
2025-03-18 00:00:00+00:00,75.08000183105469,75.83999633789062,74.5199966430664,75.5,87764298,0.0,0.0
2025-03-19 00:00:00+00:00,75.08000183105469,75.65699768066406,74.44000244140625,74.77999877929688,53281737,0.0,0.0
2025-03-20 00:00:00+00:00,74.9000015258789,75.26000213623047,74.19999694824219,74.44000244140625,55066960,0.0,0.0
2025-03-21 00:00:00+00:00,74.26000213623047,75.80000305175781,74.22000122070312,75.33999633789062,189388710,0.0,0.0
2025-03-24 00:00:00+00:00,74.30000305175781,74.86000061035156,71.44000244140625,72.0,63351490,0.0,0.0
2025-03-25 00:00:00+00:00,72.08000183105469,73.0199966430664,71.95999908447266,72.13999938964844,112659634,0.0,0.0
2025-03-26 00:00:00+00:00,72.33999633789062,72.68000030517578,71.68000030517578,72.5,43623067,0.0,0.0
2025-03-27 00:00:00+00:00,72.19999694824219,72.5999984741211,72.0199966430664,72.23999786376953,34979218,0.0,0.0
2025-03-28 00:00:00+00:00,72.22000122070312,73.9000015258789,72.14800262451172,73.23999786376953,86268732,0.0,0.0
2025-03-31 00:00:00+01:00,72.9800033569336,73.19999694824219,72.27999877929688,72.9000015258789,92064180,0.0,0.0
2025-04-01 00:00:00+01:00,72.9800033569336,73.36000061035156,72.13999938964844,72.19999694824219,55971444,0.0,0.0
2025-04-02 00:00:00+01:00,71.4800033569336,72.16000366210938,70.27999877929688,70.37999725341797,58696418,0.0,0.0
2025-04-03 00:00:00+01:00,70.27999877929688,72.05999755859375,70.04000091552734,71.44000244140625,355701297,0.0,0.0
2025-04-04 00:00:00+01:00,71.5,71.72000122070312,66.77999877929688,66.77999877929688,149626535,0.0,0.0
2025-04-07 00:00:00+01:00,64.30000305175781,67.0199966430664,62.58000183105469,65.22000122070312,373414321,0.0,0.0
2025-04-08 00:00:00+01:00,65.23999786376953,65.94000244140625,64.43900299072266,65.4800033569336,107776075,0.0,0.0
2025-04-09 00:00:00+01:00,64.19999694824219,64.55999755859375,62.400001525878906,63.91999816894531,121149324,0.0,0.0
2025-04-10 00:00:00+01:00,66.68000030517578,67.33999633789062,63.349998474121094,65.36000061035156,147973478,0.0,0.0
2025-04-11 00:00:00+01:00,65.54000091552734,66.67500305175781,65.04100036621094,66.18000030517578,67871119,0.0,0.0
2025-04-14 00:00:00+01:00,66.9800033569336,68.66000366210938,66.66000366210938,68.41999816894531,82067084,0.0,0.0
2025-04-15 00:00:00+01:00,68.13999938964844,69.33999633789062,68.0199966430664,69.26000213623047,43687318,0.0,0.0
2025-04-16 00:00:00+01:00,69.18000030517578,70.83999633789062,69.0999984741211,70.30000305175781,66193780,0.0,0.0
2025-04-17 00:00:00+01:00,69.87999725341797,70.83999633789062,69.08000183105469,70.4800033569336,53100070,0.0,0.0
2025-04-22 00:00:00+01:00,70.13999938964844,72.5199966430664,70.02899932861328,72.19999694824219,88228502,0.0,0.0
2025-04-23 00:00:00+01:00,71.5,71.77999877929688,69.9800033569336,70.23999786376953,91634835,0.0,0.0
2025-04-24 00:00:00+01:00,70.0199966430664,70.69999694824219,69.4000015258789,70.0999984741211,91747135,0.0,0.0
2025-04-25 00:00:00+01:00,69.80000305175781,70.86000061035156,69.41999816894531,70.33999633789062,47598653,0.0,0.0
2025-04-28 00:00:00+01:00,70.66000366210938,71.5999984741211,70.44000244140625,71.44000244140625,46557637,0.0,0.0
2025-04-29 00:00:00+01:00,71.95999908447266,72.41999816894531,71.30000305175781,71.9000015258789,39046932,0.0,0.0
2025-04-30 00:00:00+01:00,72.16000366210938,73.4000015258789,71.76000213623047,73.26000213623047,78779592,0.0,0.0
2025-05-01 00:00:00+01:00,73.5999984741211,74.0,72.80000305175781,73.76000213623047,26877916,0.0,0.0
2025-05-02 00:00:00+01:00,74.0,74.23999786376953,72.87999725341797,72.95999908447266,40475877,0.0,0.0
2025-05-06 00:00:00+01:00,72.36000061035156,73.54000091552734,72.16000366210938,72.85600280761719,15833841,0.0,0.0
