date,open,high,low,close,volume,Dividends,Stock Splits
2021-10-20 00:00:00-04:00,13.979999542236328,14.079999923706055,11.729999542236328,12.800000190734863,1220300,0.0,0.0
2021-10-21 00:00:00-04:00,13.199999809265137,13.199999809265137,12.635000228881836,12.779999732971191,714700,0.0,0.0
2021-10-22 00:00:00-04:00,12.664999961853027,12.930000305175781,12.100000381469727,12.180000305175781,594400,0.0,0.0
2021-10-25 00:00:00-04:00,12.520000457763672,12.670000076293945,12.199999809265137,12.229999542236328,593600,0.0,0.0
2021-10-26 00:00:00-04:00,12.199999809265137,12.300000190734863,11.899999618530273,11.989999771118164,530600,0.0,0.0
2021-10-27 00:00:00-04:00,11.930000305175781,12.100000381469727,11.899999618530273,12.010000228881836,293700,0.0,0.0
2021-10-28 00:00:00-04:00,12.010000228881836,12.194999694824219,11.899999618530273,12.010000228881836,398600,0.0,0.0
2021-10-29 00:00:00-04:00,12.039999961853027,12.130000114440918,11.954999923706055,12.079999923706055,540100,0.0,0.0
2021-11-01 00:00:00-04:00,12.170000076293945,13.289999961853027,12.119999885559082,13.0,2093700,0.0,0.0
2021-11-02 00:00:00-04:00,13.399999618530273,16.0,13.399999618530273,14.0,2709300,0.0,0.0
2021-11-03 00:00:00-04:00,14.5600004196167,14.600000381469727,14.0,14.529999732971191,1123400,0.0,0.0
2021-11-04 00:00:00-04:00,14.800000190734863,15.199999809265137,14.699999809265137,15.020000457763672,1206500,0.0,0.0
2021-11-05 00:00:00-04:00,15.550000190734863,15.59000015258789,14.800000190734863,15.010000228881836,817000,0.0,0.0
2021-11-08 00:00:00-05:00,15.050000190734863,15.229999542236328,14.90999984741211,15.050000190734863,1101600,0.0,0.0
2021-11-09 00:00:00-05:00,15.539999961853027,16.100000381469727,15.3100004196167,15.710000038146973,1672600,0.0,0.0
2021-11-10 00:00:00-05:00,15.0,17.799999237060547,14.100000381469727,16.510000228881836,9327500,0.0,0.0
2021-11-11 00:00:00-05:00,17.020000457763672,17.899999618530273,16.200000762939453,17.600000381469727,2902400,0.0,0.0
2021-11-12 00:00:00-05:00,18.399999618530273,19.079999923706055,18.170000076293945,18.559999465942383,2480300,0.0,0.0
2021-11-15 00:00:00-05:00,19.56999969482422,22.190000534057617,19.139999389648438,20.15999984741211,3984500,0.0,0.0
2021-11-16 00:00:00-05:00,20.15999984741211,20.350000381469727,18.100000381469727,19.760000228881836,2915700,0.0,0.0
2021-11-17 00:00:00-05:00,19.6299991607666,20.06999969482422,18.049999237060547,18.700000762939453,2125300,0.0,0.0
2021-11-18 00:00:00-05:00,18.700000762939453,19.18000030517578,16.90999984741211,17.030000686645508,2220200,0.0,0.0
2021-11-19 00:00:00-05:00,17.09000015258789,17.510000228881836,15.579999923706055,16.010000228881836,2260900,0.0,0.0
2021-11-22 00:00:00-05:00,16.989999771118164,19.559999465942383,16.860000610351562,18.040000915527344,3521000,0.0,0.0
2021-11-23 00:00:00-05:00,19.280000686645508,19.5,16.8799991607666,17.959999084472656,2117200,0.0,0.0
2021-11-24 00:00:00-05:00,17.860000610351562,18.649999618530273,17.68000030517578,17.829999923706055,1247300,0.0,0.0
2021-11-26 00:00:00-05:00,17.299999237060547,18.549999237060547,17.200000762939453,18.100000381469727,1082900,0.0,0.0
2021-11-29 00:00:00-05:00,18.969999313354492,19.389999389648438,18.219999313354492,18.280000686645508,1837700,0.0,0.0
2021-11-30 00:00:00-05:00,18.30699920654297,19.75,18.30699920654297,19.610000610351562,4489000,0.0,0.0
2021-12-01 00:00:00-05:00,20.100000381469727,20.100000381469727,18.899999618530273,19.0,1792600,0.0,0.0
2021-12-02 00:00:00-05:00,19.200000762939453,19.239999771118164,18.0,18.520000457763672,1548200,0.0,0.0
2021-12-03 00:00:00-05:00,18.75,19.18000030517578,16.520000457763672,17.8799991607666,2193800,0.0,0.0
2021-12-06 00:00:00-05:00,16.94499969482422,17.899999618530273,16.5,17.450000762939453,1857500,0.0,0.0
2021-12-07 00:00:00-05:00,17.649999618530273,18.989999771118164,17.299999237060547,18.8799991607666,2476800,0.0,0.0
2021-12-08 00:00:00-05:00,19.21500015258789,19.21500015258789,17.15999984741211,17.729999542236328,3426500,0.0,0.0
2021-12-09 00:00:00-05:00,17.790000915527344,18.219999313354492,16.799999237060547,16.979999542236328,1499000,0.0,0.0
2021-12-10 00:00:00-05:00,17.110000610351562,17.559999465942383,16.829999923706055,17.34000015258789,946400,0.0,0.0
2021-12-13 00:00:00-05:00,17.34000015258789,17.899999618530273,16.899999618530273,17.100000381469727,909900,0.0,0.0
2021-12-14 00:00:00-05:00,16.89699935913086,17.0,15.399999618530273,15.9399995803833,2138300,0.0,0.0
2021-12-15 00:00:00-05:00,16.0,16.219999313354492,14.239999771118164,16.1200008392334,2474500,0.0,0.0
2021-12-16 00:00:00-05:00,16.299999237060547,16.440000534057617,14.649999618530273,14.880000114440918,1465800,0.0,0.0
2021-12-17 00:00:00-05:00,14.822999954223633,15.489999771118164,13.920000076293945,15.020000457763672,6556600,0.0,0.0
2021-12-20 00:00:00-05:00,14.5,14.800000190734863,13.510000228881836,13.930000305175781,1643000,0.0,0.0
2021-12-21 00:00:00-05:00,14.279999732971191,15.34000015258789,14.25,15.050000190734863,890400,0.0,0.0
2021-12-22 00:00:00-05:00,15.119999885559082,15.5600004196167,14.520000457763672,14.75,1069700,0.0,0.0
2021-12-23 00:00:00-05:00,14.75,15.600000381469727,14.75,15.029999732971191,1345000,0.0,0.0
2021-12-27 00:00:00-05:00,15.0,16.200000762939453,14.920000076293945,16.010000228881836,796300,0.0,0.0
2021-12-28 00:00:00-05:00,16.68000030517578,16.68000030517578,14.960000038146973,15.40999984741211,1108700,0.0,0.0
2021-12-29 00:00:00-05:00,15.600000381469727,15.90999984741211,15.0,15.510000228881836,703700,0.0,0.0
2021-12-30 00:00:00-05:00,15.5,16.950000762939453,15.211999893188477,16.520000457763672,1255100,0.0,0.0
2021-12-31 00:00:00-05:00,16.520000457763672,17.239999771118164,16.299999237060547,17.010000228881836,812300,0.0,0.0
2022-01-03 00:00:00-05:00,17.18000030517578,17.33799934387207,16.200000762939453,16.260000228881836,919800,0.0,0.0
2022-01-04 00:00:00-05:00,16.450000762939453,16.989999771118164,15.609999656677246,15.609999656677246,807700,0.0,0.0
2022-01-05 00:00:00-05:00,15.65999984741211,15.670000076293945,14.449999809265137,14.449999809265137,1253400,0.0,0.0
2022-01-06 00:00:00-05:00,14.380000114440918,14.619999885559082,13.479999542236328,13.5,1758400,0.0,0.0
2022-01-07 00:00:00-05:00,13.550000190734863,13.949999809265137,13.039999961853027,13.130000114440918,1107700,0.0,0.0
2022-01-10 00:00:00-05:00,13.0,13.569999694824219,12.75,13.029999732971191,858500,0.0,0.0
2022-01-11 00:00:00-05:00,13.109999656677246,13.199999809265137,12.520000457763672,12.600000381469727,1188100,0.0,0.0
2022-01-12 00:00:00-05:00,12.770000457763672,12.890999794006348,11.930000305175781,12.40999984741211,1306800,0.0,0.0
2022-01-13 00:00:00-05:00,12.4399995803833,12.5,11.520000457763672,11.630000114440918,1299700,0.0,0.0
2022-01-14 00:00:00-05:00,11.449999809265137,11.630000114440918,10.890000343322754,11.1899995803833,1117400,0.0,0.0
2022-01-18 00:00:00-05:00,11.180000305175781,11.90999984741211,10.899999618530273,11.069999694824219,1396900,0.0,0.0
2022-01-19 00:00:00-05:00,11.3100004196167,11.770000457763672,10.270000457763672,10.390000343322754,1836100,0.0,0.0
2022-01-20 00:00:00-05:00,10.71399974822998,11.680000305175781,10.630000114440918,10.789999961853027,1828700,0.0,0.0
2022-01-21 00:00:00-05:00,10.609999656677246,10.989999771118164,10.130000114440918,10.15999984741211,1336000,0.0,0.0
2022-01-24 00:00:00-05:00,9.880000114440918,9.960000038146973,9.0,9.9399995803833,2120000,0.0,0.0
2022-01-25 00:00:00-05:00,9.5,9.899999618530273,9.204000473022461,9.539999961853027,894600,0.0,0.0
2022-01-26 00:00:00-05:00,10.020000457763672,10.40999984741211,9.609999656677246,9.699999809265137,1203700,0.0,0.0
2022-01-27 00:00:00-05:00,9.789999961853027,9.854999542236328,8.600000381469727,8.649999618530273,1397600,0.0,0.0
2022-01-28 00:00:00-05:00,8.65999984741211,9.149999618530273,8.5600004196167,9.069999694824219,1151500,0.0,0.0
2022-01-31 00:00:00-05:00,9.119999885559082,9.979999542236328,9.100000381469727,9.970000267028809,637600,0.0,0.0
2022-02-01 00:00:00-05:00,10.0,10.300000190734863,9.609999656677246,10.289999961853027,663600,0.0,0.0
2022-02-02 00:00:00-05:00,10.4399995803833,10.524999618530273,9.609999656677246,9.789999961853027,640700,0.0,0.0
2022-02-03 00:00:00-05:00,9.399999618530273,9.550000190734863,8.90999984741211,8.960000038146973,868200,0.0,0.0
2022-02-04 00:00:00-05:00,8.979999542236328,9.899999618530273,8.979999542236328,9.829999923706055,1440500,0.0,0.0
2022-02-07 00:00:00-05:00,10.0,10.520000457763672,9.8100004196167,10.069999694824219,1115800,0.0,0.0
2022-02-08 00:00:00-05:00,9.979999542236328,10.949999809265137,9.979999542236328,10.850000381469727,1307300,0.0,0.0
2022-02-09 00:00:00-05:00,11.029999732971191,11.640000343322754,10.899999618530273,11.609999656677246,1448200,0.0,0.0
2022-02-10 00:00:00-05:00,11.159000396728516,12.300000190734863,11.01099967956543,11.329999923706055,1508800,0.0,0.0
2022-02-11 00:00:00-05:00,11.489999771118164,11.989999771118164,10.649999618530273,10.819999694824219,1247800,0.0,0.0
2022-02-14 00:00:00-05:00,11.029999732971191,11.640000343322754,10.8100004196167,10.899999618530273,924200,0.0,0.0
2022-02-15 00:00:00-05:00,11.220000267028809,11.734999656677246,11.109999656677246,11.720000267028809,1043100,0.0,0.0
2022-02-16 00:00:00-05:00,10.630000114440918,10.789999961853027,9.0,9.5600004196167,4766100,0.0,0.0
2022-02-17 00:00:00-05:00,9.6899995803833,9.720000267028809,9.029999732971191,9.460000038146973,1917600,0.0,0.0
2022-02-18 00:00:00-05:00,9.300000190734863,9.579999923706055,9.055000305175781,9.470000267028809,1126500,0.0,0.0
2022-02-22 00:00:00-05:00,9.260000228881836,9.670000076293945,9.0,9.100000381469727,1434800,0.0,0.0
2022-02-23 00:00:00-05:00,9.0,9.609999656677246,8.920000076293945,8.960000038146973,1123900,0.0,0.0
2022-02-24 00:00:00-05:00,8.5,9.390000343322754,8.489999771118164,9.260000228881836,2261100,0.0,0.0
2022-02-25 00:00:00-05:00,9.100000381469727,9.675000190734863,9.100000381469727,9.600000381469727,1072500,0.0,0.0
2022-02-28 00:00:00-05:00,9.510000228881836,9.835000038146973,9.220000267028809,9.739999771118164,968400,0.0,0.0
2022-03-01 00:00:00-05:00,9.649999618530273,9.84000015258789,9.329999923706055,9.380000114440918,2777700,0.0,0.0
2022-03-02 00:00:00-05:00,9.449999809265137,9.6899995803833,9.229999542236328,9.550000190734863,682300,0.0,0.0
2022-03-03 00:00:00-05:00,9.609999656677246,9.609999656677246,8.760000228881836,8.789999961853027,1418900,0.0,0.0
2022-03-04 00:00:00-05:00,8.699999809265137,8.880000114440918,8.211000442504883,8.300000190734863,1245500,0.0,0.0
2022-03-07 00:00:00-05:00,8.149999618530273,8.479999542236328,7.949999809265137,8.020000457763672,1075600,0.0,0.0
2022-03-08 00:00:00-05:00,7.980000019073486,8.649999618530273,7.630000114440918,8.25,1634800,0.0,0.0
2022-03-09 00:00:00-05:00,8.489999771118164,8.720000267028809,8.3100004196167,8.479999542236328,860700,0.0,0.0
2022-03-10 00:00:00-05:00,8.270000457763672,8.40999984741211,8.130000114440918,8.229999542236328,939400,0.0,0.0
2022-03-11 00:00:00-05:00,8.25,8.34000015258789,7.869999885559082,7.880000114440918,1182800,0.0,0.0
2022-03-14 00:00:00-04:00,7.989999771118164,8.0600004196167,7.599999904632568,7.630000114440918,2463700,0.0,0.0
2022-03-15 00:00:00-04:00,7.639999866485596,8.189000129699707,7.559999942779541,8.0,1756300,0.0,0.0
2022-03-16 00:00:00-04:00,8.390000343322754,9.020000457763672,8.140000343322754,9.010000228881836,2044200,0.0,0.0
2022-03-17 00:00:00-04:00,8.9399995803833,9.569999694824219,8.859999656677246,9.539999961853027,1286000,0.0,0.0
2022-03-18 00:00:00-04:00,9.460000038146973,9.899999618530273,9.279999732971191,9.65999984741211,6893800,0.0,0.0
2022-03-21 00:00:00-04:00,9.65999984741211,9.710000038146973,9.15999984741211,9.420000076293945,1069200,0.0,0.0
2022-03-22 00:00:00-04:00,9.329999923706055,10.199999809265137,9.329999923706055,9.720000267028809,784000,0.0,0.0
2022-03-23 00:00:00-04:00,9.5,9.8149995803833,9.270000457763672,9.279999732971191,530800,0.0,0.0
2022-03-24 00:00:00-04:00,9.600000381469727,11.010000228881836,9.579999923706055,10.630000114440918,2555900,0.0,0.0
2022-03-25 00:00:00-04:00,10.609999656677246,10.824999809265137,10.260000228881836,10.479999542236328,1315200,0.0,0.0
2022-03-28 00:00:00-04:00,10.479999542236328,10.800000190734863,10.039999961853027,10.279999732971191,1108500,0.0,0.0
2022-03-29 00:00:00-04:00,10.319999694824219,10.829999923706055,10.300000190734863,10.630000114440918,1143000,0.0,0.0
2022-03-30 00:00:00-04:00,10.510000228881836,10.619999885559082,9.545000076293945,9.829999923706055,3760600,0.0,0.0
2022-03-31 00:00:00-04:00,9.970000267028809,10.300000190734863,9.630000114440918,10.279999732971191,1141200,0.0,0.0
2022-04-01 00:00:00-04:00,10.270000457763672,10.279999732971191,9.680000305175781,9.720000267028809,1098200,0.0,0.0
2022-04-04 00:00:00-04:00,9.739999771118164,10.579999923706055,9.739999771118164,10.550000190734863,1178600,0.0,0.0
2022-04-05 00:00:00-04:00,10.489999771118164,10.539999961853027,9.614999771118164,9.649999618530273,1183700,0.0,0.0
2022-04-06 00:00:00-04:00,9.449999809265137,9.46500015258789,8.850000381469727,9.039999961853027,1272600,0.0,0.0
2022-04-07 00:00:00-04:00,8.989999771118164,9.25,8.40999984741211,8.729999542236328,1154700,0.0,0.0
2022-04-08 00:00:00-04:00,8.710000038146973,8.729999542236328,8.399999618530273,8.5,728000,0.0,0.0
2022-04-11 00:00:00-04:00,8.399999618530273,8.569999694824219,8.260000228881836,8.350000381469727,626800,0.0,0.0
2022-04-12 00:00:00-04:00,8.699999809265137,8.850000381469727,8.09000015258789,8.100000381469727,795800,0.0,0.0
2022-04-13 00:00:00-04:00,8.289999961853027,8.40999984741211,7.920000076293945,8.359999656677246,1212000,0.0,0.0
2022-04-14 00:00:00-04:00,8.399999618530273,8.489999771118164,8.010000228881836,8.039999961853027,664200,0.0,0.0
2022-04-18 00:00:00-04:00,8.0600004196167,8.119999885559082,7.699999809265137,8.029999732971191,1062400,0.0,0.0
2022-04-19 00:00:00-04:00,8.0,8.289999961853027,7.880000114440918,8.220000267028809,476200,0.0,0.0
2022-04-20 00:00:00-04:00,8.25,8.300000190734863,7.769999980926514,7.880000114440918,883000,0.0,0.0
2022-04-21 00:00:00-04:00,8.010000228881836,8.229999542236328,7.409999847412109,7.460000038146973,922100,0.0,0.0
2022-04-22 00:00:00-04:00,7.460000038146973,7.650000095367432,7.320000171661377,7.349999904632568,707000,0.0,0.0
2022-04-25 00:00:00-04:00,7.199999809265137,7.599999904632568,7.159999847412109,7.579999923706055,803400,0.0,0.0
2022-04-26 00:00:00-04:00,7.5,7.590000152587891,7.0,7.010000228881836,875000,0.0,0.0
2022-04-27 00:00:00-04:00,7.019999980926514,7.300000190734863,6.739999771118164,6.840000152587891,723800,0.0,0.0
2022-04-28 00:00:00-04:00,7.0,7.320000171661377,6.650000095367432,7.199999809265137,890500,0.0,0.0
2022-04-29 00:00:00-04:00,7.119999885559082,7.539999961853027,6.820000171661377,6.860000133514404,604300,0.0,0.0
2022-05-02 00:00:00-04:00,6.889999866485596,7.21999979019165,6.739999771118164,7.210000038146973,681600,0.0,0.0
2022-05-03 00:00:00-04:00,7.199999809265137,7.46999979019165,7.03000020980835,7.389999866485596,670000,0.0,0.0
2022-05-04 00:00:00-04:00,7.610000133514404,7.789999961853027,7.090000152587891,7.789999961853027,631100,0.0,0.0
2022-05-05 00:00:00-04:00,7.769999980926514,7.769999980926514,7.079999923706055,7.210000038146973,529900,0.0,0.0
2022-05-06 00:00:00-04:00,7.119999885559082,7.179999828338623,6.739999771118164,6.940000057220459,704500,0.0,0.0
2022-05-09 00:00:00-04:00,6.75,6.800000190734863,5.599999904632568,5.639999866485596,1413200,0.0,0.0
2022-05-10 00:00:00-04:00,5.78000020980835,6.375,5.735000133514404,5.949999809265137,1184500,0.0,0.0
2022-05-11 00:00:00-04:00,6.0,6.059999942779541,5.550000190734863,5.570000171661377,942700,0.0,0.0
2022-05-12 00:00:00-04:00,5.889999866485596,6.0,5.340000152587891,5.809999942779541,1288800,0.0,0.0
2022-05-13 00:00:00-04:00,6.0,6.800000190734863,6.0,6.670000076293945,1532700,0.0,0.0
2022-05-16 00:00:00-04:00,6.53000020980835,6.849999904632568,6.260000228881836,6.489999771118164,1145500,0.0,0.0
2022-05-17 00:00:00-04:00,6.670000076293945,7.050000190734863,6.650000095367432,7.010000228881836,1006700,0.0,0.0
2022-05-18 00:00:00-04:00,6.820000171661377,7.329999923706055,6.789999961853027,6.960000038146973,732000,0.0,0.0
2022-05-19 00:00:00-04:00,6.900000095367432,7.53000020980835,6.900000095367432,7.449999809265137,872600,0.0,0.0
2022-05-20 00:00:00-04:00,7.590000152587891,7.599999904632568,6.760000228881836,7.110000133514404,792400,0.0,0.0
2022-05-23 00:00:00-04:00,7.28000020980835,7.340000152587891,6.800000190734863,7.159999847412109,619000,0.0,0.0
2022-05-24 00:00:00-04:00,7.0,7.0,6.599999904632568,6.71999979019165,725500,0.0,0.0
2022-05-25 00:00:00-04:00,6.599999904632568,7.079999923706055,6.599999904632568,7.050000190734863,515200,0.0,0.0
2022-05-26 00:00:00-04:00,6.96999979019165,7.579999923706055,6.909999847412109,7.489999771118164,547900,0.0,0.0
2022-05-27 00:00:00-04:00,7.599999904632568,8.0,7.599999904632568,8.0,752900,0.0,0.0
2022-05-31 00:00:00-04:00,8.0,8.199999809265137,7.795000076293945,7.960000038146973,1685100,0.0,0.0
2022-06-01 00:00:00-04:00,7.920000076293945,7.960000038146973,7.579999923706055,7.730000019073486,685900,0.0,0.0
2022-06-02 00:00:00-04:00,7.71999979019165,8.305000305175781,7.71999979019165,8.25,997900,0.0,0.0
2022-06-03 00:00:00-04:00,8.0600004196167,8.1899995803833,7.860000133514404,8.119999885559082,773400,0.0,0.0
2022-06-06 00:00:00-04:00,8.329999923706055,8.350000381469727,6.849999904632568,7.019999980926514,1976000,0.0,0.0
2022-06-07 00:00:00-04:00,6.980000019073486,7.010000228881836,6.304999828338623,6.71999979019165,1538200,0.0,0.0
2022-06-08 00:00:00-04:00,6.630000114440918,7.0,6.565000057220459,6.639999866485596,766700,0.0,0.0
2022-06-09 00:00:00-04:00,6.53000020980835,6.824999809265137,6.400000095367432,6.409999847412109,602400,0.0,0.0
2022-06-10 00:00:00-04:00,6.269999980926514,6.440000057220459,5.909999847412109,5.949999809265137,995900,0.0,0.0
2022-06-13 00:00:00-04:00,5.599999904632568,5.739999771118164,5.300000190734863,5.309999942779541,2107900,0.0,0.0
2022-06-14 00:00:00-04:00,5.380000114440918,5.539999961853027,5.079999923706055,5.159999847412109,1355500,0.0,0.0
2022-06-15 00:00:00-04:00,5.210000038146973,5.559999942779541,5.179999828338623,5.460000038146973,1417600,0.0,0.0
2022-06-16 00:00:00-04:00,5.210000038146973,5.320000171661377,4.900000095367432,4.920000076293945,1031400,0.0,0.0
2022-06-17 00:00:00-04:00,4.989999771118164,5.380000114440918,4.920000076293945,5.369999885559082,2768600,0.0,0.0
2022-06-21 00:00:00-04:00,5.53000020980835,5.610000133514404,5.144999980926514,5.170000076293945,1150400,0.0,0.0
2022-06-22 00:00:00-04:00,5.03000020980835,5.179999828338623,4.730000019073486,4.769999980926514,1350300,0.0,0.0
2022-06-23 00:00:00-04:00,4.869999885559082,4.929999828338623,4.670000076293945,4.900000095367432,1070700,0.0,0.0
2022-06-24 00:00:00-04:00,4.980000019073486,5.089000225067139,4.690000057220459,4.730000019073486,1621200,0.0,0.0
2022-06-27 00:00:00-04:00,4.78000020980835,4.949999809265137,4.590000152587891,4.650000095367432,972900,0.0,0.0
2022-06-28 00:00:00-04:00,4.75,4.840000152587891,4.28000020980835,4.309999942779541,1237700,0.0,0.0
2022-06-29 00:00:00-04:00,4.25,4.289999961853027,3.9800000190734863,4.130000114440918,2581200,0.0,0.0
2022-06-30 00:00:00-04:00,4.099999904632568,4.110000133514404,3.8399999141693115,3.859999895095825,1279700,0.0,0.0
2022-07-01 00:00:00-04:00,3.859999895095825,3.940000057220459,3.619999885559082,3.700000047683716,1179500,0.0,0.0
2022-07-05 00:00:00-04:00,3.6600000858306885,3.7249999046325684,3.509999990463257,3.7200000286102295,861300,0.0,0.0
2022-07-06 00:00:00-04:00,3.509999990463257,3.799999952316284,3.509999990463257,3.5999999046325684,1459200,0.0,0.0
2022-07-07 00:00:00-04:00,3.6700000762939453,4.03000020980835,3.6700000762939453,4.03000020980835,1296100,0.0,0.0
2022-07-08 00:00:00-04:00,3.990000009536743,4.190000057220459,3.9100000858306885,4.119999885559082,1092500,0.0,0.0
2022-07-11 00:00:00-04:00,4.099999904632568,4.119999885559082,3.7300000190734863,3.7300000190734863,1135100,0.0,0.0
2022-07-12 00:00:00-04:00,3.7699999809265137,3.8989999294281006,3.619999885559082,3.75,919600,0.0,0.0
2022-07-13 00:00:00-04:00,3.700000047683716,3.759999990463257,3.5799999237060547,3.690000057220459,655900,0.0,0.0
2022-07-14 00:00:00-04:00,3.740000009536743,3.809999942779541,3.5199999809265137,3.7899999618530273,733400,0.0,0.0
2022-07-15 00:00:00-04:00,3.8399999141693115,4.045000076293945,3.7899999618530273,4.03000020980835,739500,0.0,0.0
2022-07-18 00:00:00-04:00,4.150000095367432,4.400000095367432,4.150000095367432,4.239999771118164,859200,0.0,0.0
2022-07-19 00:00:00-04:00,4.369999885559082,4.46999979019165,4.300000190734863,4.360000133514404,1127200,0.0,0.0
2022-07-20 00:00:00-04:00,4.46999979019165,5.074999809265137,4.389999866485596,5.050000190734863,1352500,0.0,0.0
2022-07-21 00:00:00-04:00,5.059999942779541,5.179999828338623,4.820000171661377,5.050000190734863,1059900,0.0,0.0
2022-07-22 00:00:00-04:00,5.019999980926514,5.019999980926514,4.690000057220459,4.75,714100,0.0,0.0
2022-07-25 00:00:00-04:00,4.769999980926514,4.829999923706055,4.650000095367432,4.809999942779541,622500,0.0,0.0
2022-07-26 00:00:00-04:00,4.769999980926514,4.769999980926514,4.570000171661377,4.690000057220459,616600,0.0,0.0
2022-07-27 00:00:00-04:00,4.829999923706055,5.150000095367432,4.739999771118164,5.130000114440918,1122600,0.0,0.0
2022-07-28 00:00:00-04:00,5.150000095367432,5.197999954223633,4.900000095367432,5.090000152587891,848600,0.0,0.0
2022-07-29 00:00:00-04:00,5.070000171661377,5.239999771118164,5.01800012588501,5.21999979019165,655400,0.0,0.0
2022-08-01 00:00:00-04:00,5.130000114440918,5.150000095367432,4.869999885559082,4.949999809265137,876300,0.0,0.0
2022-08-02 00:00:00-04:00,4.889999866485596,5.179999828338623,4.849999904632568,5.119999885559082,421300,0.0,0.0
2022-08-03 00:00:00-04:00,5.119999885559082,5.304999828338623,5.0879998207092285,5.289999961853027,602600,0.0,0.0
2022-08-04 00:00:00-04:00,5.300000190734863,5.40500020980835,5.239999771118164,5.340000152587891,749000,0.0,0.0
2022-08-05 00:00:00-04:00,5.309999942779541,5.360000133514404,5.019999980926514,5.159999847412109,766800,0.0,0.0
2022-08-08 00:00:00-04:00,5.159999847412109,5.25,4.849999904632568,4.940000057220459,646100,0.0,0.0
2022-08-09 00:00:00-04:00,4.920000076293945,5.050000190734863,4.440000057220459,4.519999980926514,785900,0.0,0.0
2022-08-10 00:00:00-04:00,4.690000057220459,5.385000228881836,4.630000114440918,5.349999904632568,1093000,0.0,0.0
2022-08-11 00:00:00-04:00,5.510000228881836,5.71999979019165,5.260000228881836,5.360000133514404,1221300,0.0,0.0
2022-08-12 00:00:00-04:00,5.440000057220459,5.945000171661377,5.434999942779541,5.880000114440918,1179400,0.0,0.0
2022-08-15 00:00:00-04:00,6.0,6.820000171661377,5.75,6.159999847412109,3399300,0.0,0.0
2022-08-16 00:00:00-04:00,6.159999847412109,8.100000381469727,6.079999923706055,7.760000228881836,4844500,0.0,0.0
2022-08-17 00:00:00-04:00,7.5,7.590000152587891,6.71999979019165,6.920000076293945,2380800,0.0,0.0
2022-08-18 00:00:00-04:00,6.96999979019165,7.519999980926514,6.651000022888184,7.070000171661377,2214900,0.0,0.0
2022-08-19 00:00:00-04:00,6.880000114440918,6.900000095367432,6.079999923706055,6.28000020980835,2218400,0.0,0.0
2022-08-22 00:00:00-04:00,5.949999809265137,6.0,5.539999961853027,5.550000190734863,2244800,0.0,0.0
2022-08-23 00:00:00-04:00,5.710000038146973,5.739999771118164,5.355000019073486,5.485000133514404,1226600,0.0,0.0
2022-08-24 00:00:00-04:00,5.380000114440918,5.789999961853027,5.380000114440918,5.670000076293945,1100200,0.0,0.0
2022-08-25 00:00:00-04:00,5.800000190734863,6.710000038146973,5.800000190734863,6.650000095367432,2238100,0.0,0.0
2022-08-26 00:00:00-04:00,6.449999809265137,6.75,6.159999847412109,6.230000019073486,1607300,0.0,0.0
2022-08-29 00:00:00-04:00,6.03000020980835,6.434999942779541,5.909999847412109,5.920000076293945,1014300,0.0,0.0
2022-08-30 00:00:00-04:00,6.059999942779541,6.260000228881836,5.724999904632568,5.889999866485596,811000,0.0,0.0
2022-08-31 00:00:00-04:00,5.949999809265137,5.949999809265137,5.650000095367432,5.909999847412109,1463700,0.0,0.0
2022-09-01 00:00:00-04:00,5.670000076293945,5.679999828338623,4.960000038146973,5.139999866485596,2902900,0.0,0.0
2022-09-02 00:00:00-04:00,5.300000190734863,5.494999885559082,5.139999866485596,5.25,1131300,0.0,0.0
2022-09-06 00:00:00-04:00,5.230000019073486,5.28000020980835,4.929999828338623,5.239999771118164,1454700,0.0,0.0
2022-09-07 00:00:00-04:00,5.190000057220459,5.510000228881836,5.099999904632568,5.5,1186200,0.0,0.0
2022-09-08 00:00:00-04:00,5.360000133514404,5.690000057220459,5.25,5.619999885559082,1004000,0.0,0.0
2022-09-09 00:00:00-04:00,5.730000019073486,5.809999942779541,5.630000114440918,5.760000228881836,835700,0.0,0.0
2022-09-12 00:00:00-04:00,5.78000020980835,5.880000114440918,5.550000190734863,5.730000019073486,1077800,0.0,0.0
2022-09-13 00:00:00-04:00,5.5,5.519999980926514,5.28000020980835,5.5,1273900,0.0,0.0
2022-09-14 00:00:00-04:00,5.5,5.75,5.389999866485596,5.71999979019165,913200,0.0,0.0
2022-09-15 00:00:00-04:00,5.659999847412109,5.989999771118164,5.650000095367432,5.920000076293945,1855800,0.0,0.0
2022-09-16 00:00:00-04:00,5.75,5.889999866485596,5.494999885559082,5.769999980926514,2102400,0.0,0.0
2022-09-19 00:00:00-04:00,5.610000133514404,5.699999809265137,5.400000095367432,5.429999828338623,757200,0.0,0.0
2022-09-20 00:00:00-04:00,5.389999866485596,5.619999885559082,5.349999904632568,5.440000057220459,656900,0.0,0.0
2022-09-21 00:00:00-04:00,5.510000228881836,5.679999828338623,5.369999885559082,5.369999885559082,798100,0.0,0.0
2022-09-22 00:00:00-04:00,5.389999866485596,5.440000057220459,4.880000114440918,4.889999866485596,1340700,0.0,0.0
2022-09-23 00:00:00-04:00,4.800000190734863,4.829999923706055,4.599999904632568,4.769999980926514,879700,0.0,0.0
2022-09-26 00:00:00-04:00,4.789999961853027,5.099999904632568,4.744999885559082,4.75,925300,0.0,0.0
2022-09-27 00:00:00-04:00,4.880000114440918,5.179999828338623,4.824999809265137,5.110000133514404,1646600,0.0,0.0
2022-09-28 00:00:00-04:00,5.070000171661377,5.409999847412109,4.934999942779541,5.28000020980835,848700,0.0,0.0
2022-09-29 00:00:00-04:00,5.119999885559082,5.340000152587891,4.829999923706055,5.28000020980835,1924700,0.0,0.0
2022-09-30 00:00:00-04:00,5.190000057220459,5.315000057220459,4.820000171661377,4.849999904632568,1095900,0.0,0.0
2022-10-03 00:00:00-04:00,4.900000095367432,5.170000076293945,4.820000171661377,5.090000152587891,1057400,0.0,0.0
2022-10-04 00:00:00-04:00,5.269999980926514,5.619999885559082,5.269999980926514,5.460000038146973,1646300,0.0,0.0
2022-10-05 00:00:00-04:00,5.28000020980835,5.710000038146973,5.150000095367432,5.619999885559082,849000,0.0,0.0
2022-10-06 00:00:00-04:00,5.619999885559082,5.909999847412109,5.309999942779541,5.340000152587891,1410100,0.0,0.0
2022-10-07 00:00:00-04:00,5.190000057220459,5.230000019073486,4.809999942779541,4.840000152587891,1709000,0.0,0.0
2022-10-10 00:00:00-04:00,4.800000190734863,4.800000190734863,4.269999980926514,4.28000020980835,1247500,0.0,0.0
2022-10-11 00:00:00-04:00,4.25,4.349999904632568,4.0,4.25,1112100,0.0,0.0
2022-10-12 00:00:00-04:00,4.25,4.260000228881836,4.0,4.019999980926514,1774700,0.0,0.0
2022-10-13 00:00:00-04:00,3.950000047683716,4.460000038146973,3.8399999141693115,4.289999961853027,1183800,0.0,0.0
2022-10-14 00:00:00-04:00,4.340000152587891,4.420000076293945,4.059999942779541,4.079999923706055,845800,0.0,0.0
2022-10-17 00:00:00-04:00,4.239999771118164,4.394999980926514,4.135000228881836,4.150000095367432,793700,0.0,0.0
2022-10-18 00:00:00-04:00,4.289999961853027,4.400000095367432,4.0,4.119999885559082,987000,0.0,0.0
2022-10-19 00:00:00-04:00,4.099999904632568,4.110000133514404,3.880000114440918,3.940000057220459,1029900,0.0,0.0
2022-10-20 00:00:00-04:00,4.0,4.269999980926514,4.0,4.190000057220459,988900,0.0,0.0
2022-10-21 00:00:00-04:00,4.150000095367432,4.275000095367432,4.020999908447266,4.21999979019165,1026800,0.0,0.0
2022-10-24 00:00:00-04:00,4.25,4.260000228881836,4.050000190734863,4.179999828338623,790100,0.0,0.0
2022-10-25 00:00:00-04:00,4.360000133514404,4.554999828338623,4.26800012588501,4.5,1128600,0.0,0.0
2022-10-26 00:00:00-04:00,4.360000133514404,4.684999942779541,4.349999904632568,4.550000190734863,1011400,0.0,0.0
2022-10-27 00:00:00-04:00,4.579999923706055,4.644999980926514,4.090000152587891,4.090000152587891,1583300,0.0,0.0
2022-10-28 00:00:00-04:00,4.099999904632568,4.25,4.090000152587891,4.239999771118164,779300,0.0,0.0
2022-10-31 00:00:00-04:00,4.199999809265137,4.289999961853027,4.019999980926514,4.210000038146973,1395700,0.0,0.0
2022-11-01 00:00:00-04:00,4.320000171661377,4.429999828338623,4.150000095367432,4.150000095367432,855700,0.0,0.0
2022-11-02 00:00:00-04:00,4.21999979019165,4.400000095367432,4.079999923706055,4.079999923706055,909000,0.0,0.0
2022-11-03 00:00:00-04:00,4.099999904632568,4.164999961853027,3.9549999237060547,4.119999885559082,981900,0.0,0.0
2022-11-04 00:00:00-04:00,4.21999979019165,4.269999980926514,4.03000020980835,4.21999979019165,885000,0.0,0.0
2022-11-07 00:00:00-05:00,4.199999809265137,4.244999885559082,4.065000057220459,4.139999866485596,1395200,0.0,0.0
2022-11-08 00:00:00-05:00,4.159999847412109,4.610000133514404,4.079999923706055,4.389999866485596,1647000,0.0,0.0
2022-11-09 00:00:00-05:00,4.400000095367432,4.409999847412109,3.9700000286102295,4.0,1498500,0.0,0.0
2022-11-10 00:00:00-05:00,4.300000190734863,4.578999996185303,4.289999961853027,4.400000095367432,2088800,0.0,0.0
2022-11-11 00:00:00-05:00,4.349999904632568,4.929999828338623,4.28000020980835,4.889999866485596,1881200,0.0,0.0
2022-11-14 00:00:00-05:00,4.820000171661377,5.539999961853027,4.650000095367432,5.320000171661377,2780200,0.0,0.0
2022-11-15 00:00:00-05:00,5.480000019073486,5.670000076293945,5.301000118255615,5.460000038146973,1487800,0.0,0.0
2022-11-16 00:00:00-05:00,5.349999904632568,5.349999904632568,4.920000076293945,5.0,1252800,0.0,0.0
2022-11-17 00:00:00-05:00,4.820000171661377,4.949999809265137,4.710000038146973,4.739999771118164,796700,0.0,0.0
2022-11-18 00:00:00-05:00,4.369999885559082,4.619999885559082,4.300000190734863,4.610000133514404,1582200,0.0,0.0
2022-11-21 00:00:00-05:00,4.059999942779541,4.514999866485596,4.059999942779541,4.489999771118164,1325700,0.0,0.0
2022-11-22 00:00:00-05:00,4.519999980926514,4.519999980926514,4.368000030517578,4.510000228881836,595100,0.0,0.0
2022-11-23 00:00:00-05:00,4.460000038146973,4.715000152587891,4.449999809265137,4.650000095367432,559800,0.0,0.0
2022-11-25 00:00:00-05:00,4.610000133514404,4.618000030517578,4.440000057220459,4.460000038146973,423300,0.0,0.0
2022-11-28 00:00:00-05:00,4.400000095367432,4.445000171661377,4.144999980926514,4.150000095367432,587200,0.0,0.0
2022-11-29 00:00:00-05:00,4.210000038146973,4.349999904632568,4.170000076293945,4.21999979019165,609900,0.0,0.0
2022-11-30 00:00:00-05:00,4.28000020980835,4.760000228881836,4.230000019073486,4.760000228881836,1608700,0.0,0.0
2022-12-01 00:00:00-05:00,4.760000228881836,4.889999866485596,4.619999885559082,4.639999866485596,674500,0.0,0.0
2022-12-02 00:00:00-05:00,4.5,4.679999828338623,4.429999828338623,4.489999771118164,1003700,0.0,0.0
2022-12-05 00:00:00-05:00,4.5,4.670000076293945,4.400000095367432,4.46999979019165,940100,0.0,0.0
2022-12-06 00:00:00-05:00,4.5,4.53000020980835,4.230000019073486,4.289999961853027,742400,0.0,0.0
2022-12-07 00:00:00-05:00,4.239999771118164,4.289999961853027,4.144999980926514,4.210000038146973,630000,0.0,0.0
2022-12-08 00:00:00-05:00,4.21999979019165,4.409999847412109,4.169000148773193,4.320000171661377,744900,0.0,0.0
2022-12-09 00:00:00-05:00,4.300000190734863,4.485000133514404,4.210000038146973,4.360000133514404,742100,0.0,0.0
2022-12-12 00:00:00-05:00,4.329999923706055,4.329999923706055,4.0,4.130000114440918,1147500,0.0,0.0
2022-12-13 00:00:00-05:00,4.360000133514404,4.46999979019165,4.079999923706055,4.119999885559082,1185400,0.0,0.0
2022-12-14 00:00:00-05:00,4.099999904632568,4.170000076293945,3.950000047683716,4.010000228881836,1729000,0.0,0.0
2022-12-15 00:00:00-05:00,3.9000000953674316,4.010000228881836,3.859999895095825,3.890000104904175,1763200,0.0,0.0
2022-12-16 00:00:00-05:00,3.869999885559082,3.9100000858306885,3.6600000858306885,3.7200000286102295,2895400,0.0,0.0
2022-12-19 00:00:00-05:00,3.7200000286102295,3.7249999046325684,3.390000104904175,3.450000047683716,2046700,0.0,0.0
2022-12-20 00:00:00-05:00,3.4200000762939453,3.634999990463257,3.3889999389648438,3.440000057220459,1633900,0.0,0.0
2022-12-21 00:00:00-05:00,3.5199999809265137,3.6600000858306885,3.430000066757202,3.6500000953674316,790700,0.0,0.0
2022-12-22 00:00:00-05:00,3.5999999046325684,3.640000104904175,3.4549999237060547,3.559999942779541,907800,0.0,0.0
2022-12-23 00:00:00-05:00,3.549999952316284,3.5799999237060547,3.4000000953674316,3.4800000190734863,781200,0.0,0.0
2022-12-27 00:00:00-05:00,3.450000047683716,3.4749999046325684,3.180000066757202,3.2200000286102295,1256400,0.0,0.0
2022-12-28 00:00:00-05:00,3.130000114440918,3.4100000858306885,3.109999895095825,3.25,1491500,0.0,0.0
2022-12-29 00:00:00-05:00,3.309999942779541,3.497999906539917,3.2699999809265137,3.450000047683716,1575800,0.0,0.0
2022-12-30 00:00:00-05:00,3.4200000762939453,3.5299999713897705,3.309999942779541,3.509999990463257,874200,0.0,0.0
2023-01-03 00:00:00-05:00,3.5899999141693115,3.7200000286102295,3.5490000247955322,3.609999895095825,756400,0.0,0.0
2023-01-04 00:00:00-05:00,3.680000066757202,3.809999942779541,3.6500000953674316,3.809999942779541,665800,0.0,0.0
2023-01-05 00:00:00-05:00,3.799999952316284,3.799999952316284,3.625,3.630000114440918,499400,0.0,0.0
2023-01-06 00:00:00-05:00,3.630000114440918,3.875,3.5299999713897705,3.819999933242798,717600,0.0,0.0
2023-01-09 00:00:00-05:00,3.8499999046325684,4.150000095367432,3.8399999141693115,4.050000190734863,1148700,0.0,0.0
2023-01-10 00:00:00-05:00,4.050000190734863,4.090000152587891,3.950000047683716,4.070000171661377,789300,0.0,0.0
2023-01-11 00:00:00-05:00,4.050000190734863,4.204999923706055,3.9700000286102295,4.190000057220459,941800,0.0,0.0
2023-01-12 00:00:00-05:00,4.260000228881836,4.510000228881836,4.139999866485596,4.5,1360500,0.0,0.0
2023-01-13 00:00:00-05:00,4.429999828338623,4.599999904632568,4.420000076293945,4.579999923706055,1236900,0.0,0.0
2023-01-17 00:00:00-05:00,4.559999942779541,4.605000019073486,4.505000114440918,4.599999904632568,1774900,0.0,0.0
2023-01-18 00:00:00-05:00,4.599999904632568,4.619999885559082,4.315000057220459,4.409999847412109,1057500,0.0,0.0
2023-01-19 00:00:00-05:00,4.349999904632568,4.409999847412109,4.119999885559082,4.260000228881836,908400,0.0,0.0
2023-01-20 00:00:00-05:00,4.320000171661377,4.449999809265137,4.25,4.400000095367432,571600,0.0,0.0
2023-01-23 00:00:00-05:00,4.440000057220459,4.769999980926514,4.392000198364258,4.75,987600,0.0,0.0
2023-01-24 00:00:00-05:00,4.710000038146973,5.010000228881836,4.679999828338623,4.840000152587891,1425900,0.0,0.0
2023-01-25 00:00:00-05:00,4.739999771118164,4.989999771118164,4.639999866485596,4.980000019073486,716700,0.0,0.0
2023-01-26 00:00:00-05:00,5.019999980926514,5.070000171661377,4.789999961853027,5.010000228881836,744800,0.0,0.0
2023-01-27 00:00:00-05:00,4.974999904632568,5.25,4.929999828338623,5.170000076293945,822800,0.0,0.0
2023-01-30 00:00:00-05:00,5.090000152587891,5.090000152587891,4.920000076293945,4.929999828338623,649800,0.0,0.0
2023-01-31 00:00:00-05:00,4.960000038146973,5.065000057220459,4.820000171661377,4.960000038146973,1396000,0.0,0.0
2023-02-01 00:00:00-05:00,5.019999980926514,5.650000095367432,5.019999980926514,5.559999942779541,1877600,0.0,0.0
2023-02-02 00:00:00-05:00,5.579999923706055,5.900000095367432,5.53000020980835,5.840000152587891,1435700,0.0,0.0
2023-02-03 00:00:00-05:00,5.699999809265137,6.050000190734863,5.631999969482422,5.800000190734863,1408500,0.0,0.0
2023-02-06 00:00:00-05:00,5.760000228881836,5.860000133514404,5.605000019073486,5.650000095367432,814300,0.0,0.0
2023-02-07 00:00:00-05:00,5.619999885559082,5.789999961853027,5.409999847412109,5.730000019073486,1257100,0.0,0.0
2023-02-08 00:00:00-05:00,5.800000190734863,6.039999961853027,5.420000076293945,5.460000038146973,981800,0.0,0.0
2023-02-09 00:00:00-05:00,5.599999904632568,5.880000114440918,5.28000020980835,5.369999885559082,1193800,0.0,0.0
2023-02-10 00:00:00-05:00,5.309999942779541,5.440000057220459,5.170000076293945,5.329999923706055,949200,0.0,0.0
2023-02-13 00:00:00-05:00,5.400000095367432,5.414999961853027,5.21999979019165,5.320000171661377,737100,0.0,0.0
2023-02-14 00:00:00-05:00,5.25,5.775000095367432,5.25,5.650000095367432,1017100,0.0,0.0
2023-02-15 00:00:00-05:00,5.610000133514404,5.889999866485596,5.579999923706055,5.849999904632568,881600,0.0,0.0
2023-02-16 00:00:00-05:00,5.699999809265137,6.079999923706055,5.659999847412109,5.840000152587891,1102000,0.0,0.0
2023-02-17 00:00:00-05:00,5.889999866485596,5.929999828338623,5.698999881744385,5.769999980926514,638100,0.0,0.0
2023-02-21 00:00:00-05:00,5.699999809265137,6.0,5.065000057220459,5.070000171661377,2197000,0.0,0.0
2023-02-22 00:00:00-05:00,5.150000095367432,5.459000110626221,5.139999866485596,5.40500020980835,1160500,0.0,0.0
2023-02-23 00:00:00-05:00,5.619999885559082,5.934999942779541,5.570000171661377,5.769999980926514,1615200,0.0,0.0
2023-02-24 00:00:00-05:00,5.900000095367432,6.960000038146973,5.630000114440918,6.130000114440918,6150800,0.0,0.0
2023-02-27 00:00:00-05:00,6.010000228881836,6.514999866485596,5.954999923706055,6.449999809265137,2719200,0.0,0.0
2023-02-28 00:00:00-05:00,6.190000057220459,6.554999828338623,6.190000057220459,6.489999771118164,2726800,0.0,0.0
2023-03-01 00:00:00-05:00,6.539999961853027,6.579999923706055,6.079999923706055,6.090000152587891,1601600,0.0,0.0
2023-03-02 00:00:00-05:00,5.920000076293945,6.144999980926514,5.53000020980835,6.070000171661377,2271600,0.0,0.0
2023-03-03 00:00:00-05:00,5.820000171661377,6.454999923706055,5.820000171661377,6.320000171661377,1466100,0.0,0.0
2023-03-06 00:00:00-05:00,6.429999828338623,6.75,6.269999980926514,6.309999942779541,2215700,0.0,0.0
2023-03-07 00:00:00-05:00,6.119999885559082,6.675000190734863,6.119999885559082,6.320000171661377,2244500,0.0,0.0
2023-03-08 00:00:00-05:00,6.449999809265137,6.78000020980835,6.380000114440918,6.75,1589000,0.0,0.0
2023-03-09 00:00:00-05:00,6.630000114440918,6.809999942779541,6.320000171661377,6.329999923706055,1725200,0.0,0.0
2023-03-10 00:00:00-05:00,6.340000152587891,6.550000190734863,6.0,6.170000076293945,1688100,0.0,0.0
2023-03-13 00:00:00-04:00,6.039999961853027,6.425000190734863,5.821000099182129,6.380000114440918,1600400,0.0,0.0
2023-03-14 00:00:00-04:00,6.46999979019165,6.644999980926514,6.269999980926514,6.489999771118164,1471600,0.0,0.0
2023-03-15 00:00:00-04:00,6.300000190734863,6.349999904632568,5.840000152587891,6.039999961853027,2197200,0.0,0.0
2023-03-16 00:00:00-04:00,6.059999942779541,6.75,5.96999979019165,6.664999961853027,1673800,0.0,0.0
2023-03-17 00:00:00-04:00,6.550000190734863,6.690000057220459,6.298999786376953,6.389999866485596,2659800,0.0,0.0
2023-03-20 00:00:00-04:00,6.329999923706055,6.465000152587891,6.239999771118164,6.449999809265137,1063000,0.0,0.0
2023-03-21 00:00:00-04:00,6.489999771118164,7.130000114440918,6.489999771118164,7.099999904632568,1865400,0.0,0.0
2023-03-22 00:00:00-04:00,7.059999942779541,7.28000020980835,6.820000171661377,6.820000171661377,1479500,0.0,0.0
2023-03-23 00:00:00-04:00,7.03000020980835,7.099999904632568,6.610000133514404,6.880000114440918,1581100,0.0,0.0
2023-03-24 00:00:00-04:00,6.699999809265137,6.730000019073486,6.239999771118164,6.5,2371000,0.0,0.0
2023-03-27 00:00:00-04:00,6.550000190734863,6.927999973297119,6.380000114440918,6.869999885559082,1665000,0.0,0.0
2023-03-28 00:00:00-04:00,6.849999904632568,6.849999904632568,6.260000228881836,6.460000038146973,2369600,0.0,0.0
2023-03-29 00:00:00-04:00,6.590000152587891,6.940000057220459,6.429999828338623,6.900000095367432,1687700,0.0,0.0
2023-03-30 00:00:00-04:00,7.050000190734863,7.059999942779541,6.90500020980835,6.949999809265137,4449200,0.0,0.0
2023-03-31 00:00:00-04:00,6.96999979019165,7.369999885559082,6.860000133514404,7.309999942779541,3046700,0.0,0.0
2023-04-03 00:00:00-04:00,7.300000190734863,7.460000038146973,7.019999980926514,7.230000019073486,1511500,0.0,0.0
2023-04-04 00:00:00-04:00,7.260000228881836,7.28000020980835,7.054999828338623,7.230000019073486,1323300,0.0,0.0
2023-04-05 00:00:00-04:00,7.170000076293945,7.324999809265137,6.630000114440918,6.829999923706055,1757700,0.0,0.0
2023-04-06 00:00:00-04:00,6.760000228881836,6.880000114440918,6.519999980926514,6.769999980926514,1202700,0.0,0.0
2023-04-10 00:00:00-04:00,6.699999809265137,7.0,6.559999942779541,6.96999979019165,931900,0.0,0.0
2023-04-11 00:00:00-04:00,7.0,7.019999980926514,6.75,6.869999885559082,836700,0.0,0.0
2023-04-12 00:00:00-04:00,7.0,7.090000152587891,6.659999847412109,6.710000038146973,908300,0.0,0.0
2023-04-13 00:00:00-04:00,6.829999923706055,6.920000076293945,6.730000019073486,6.730000019073486,622000,0.0,0.0
2023-04-14 00:00:00-04:00,6.71999979019165,6.920000076293945,6.659999847412109,6.78000020980835,1007700,0.0,0.0
2023-04-17 00:00:00-04:00,6.760000228881836,7.139999866485596,6.6620001792907715,6.809999942779541,1382500,0.0,0.0
2023-04-18 00:00:00-04:00,6.880000114440918,7.0,6.760000228881836,6.96999979019165,1222500,0.0,0.0
2023-04-19 00:00:00-04:00,6.869999885559082,6.927999973297119,6.724999904632568,6.820000171661377,850100,0.0,0.0
2023-04-20 00:00:00-04:00,6.679999828338623,6.849999904632568,6.619999885559082,6.769999980926514,1145000,0.0,0.0
2023-04-21 00:00:00-04:00,6.800000190734863,6.948999881744385,6.550000190734863,6.880000114440918,1268300,0.0,0.0
2023-04-24 00:00:00-04:00,6.840000152587891,6.900000095367432,6.340000152587891,6.440000057220459,1498800,0.0,0.0
2023-04-25 00:00:00-04:00,6.340000152587891,6.360000133514404,5.510000228881836,5.639999866485596,2144800,0.0,0.0
2023-04-26 00:00:00-04:00,5.809999942779541,5.940000057220459,5.360000133514404,5.480000019073486,1629100,0.0,0.0
2023-04-27 00:00:00-04:00,5.5,5.5,5.239999771118164,5.28000020980835,1094300,0.0,0.0
2023-04-28 00:00:00-04:00,5.34499979019165,5.380000114440918,5.159999847412109,5.329999923706055,1118900,0.0,0.0
2023-05-01 00:00:00-04:00,5.349999904632568,5.539999961853027,5.284999847412109,5.369999885559082,1077800,0.0,0.0
2023-05-02 00:00:00-04:00,5.369999885559082,5.5,5.300000190734863,5.429999828338623,959400,0.0,0.0
2023-05-03 00:00:00-04:00,5.389999866485596,5.800000190734863,5.340000152587891,5.659999847412109,996500,0.0,0.0
2023-05-04 00:00:00-04:00,5.630000114440918,5.769000053405762,5.449999809265137,5.650000095367432,1298200,0.0,0.0
2023-05-05 00:00:00-04:00,5.71999979019165,6.125,5.704999923706055,6.090000152587891,1012900,0.0,0.0
2023-05-08 00:00:00-04:00,6.119999885559082,6.550000190734863,5.960000038146973,6.46999979019165,1337100,0.0,0.0
2023-05-09 00:00:00-04:00,6.349999904632568,6.474999904632568,6.210000038146973,6.389999866485596,861000,0.0,0.0
2023-05-10 00:00:00-04:00,6.559999942779541,6.650000095367432,6.392000198364258,6.420000076293945,1074800,0.0,0.0
2023-05-11 00:00:00-04:00,6.400000095367432,6.429999828338623,6.034999847412109,6.230000019073486,899500,0.0,0.0
2023-05-12 00:00:00-04:00,6.300000190734863,6.340000152587891,6.09499979019165,6.25,834800,0.0,0.0
2023-05-15 00:00:00-04:00,6.289999961853027,6.824999809265137,6.0,6.639999866485596,2311900,0.0,0.0
2023-05-16 00:00:00-04:00,6.849999904632568,8.109999656677246,6.849999904632568,7.989999771118164,8493300,0.0,0.0
2023-05-17 00:00:00-04:00,8.0,8.5,7.840000152587891,8.329999923706055,5375300,0.0,0.0
2023-05-18 00:00:00-04:00,8.420000076293945,8.739999771118164,8.26099967956543,8.5,2902600,0.0,0.0
2023-05-19 00:00:00-04:00,8.5,8.520000457763672,8.199999809265137,8.5,2577700,0.0,0.0
2023-05-22 00:00:00-04:00,8.470000267028809,9.210000038146973,8.40999984741211,9.15999984741211,2471300,0.0,0.0
2023-05-23 00:00:00-04:00,9.0,9.720000267028809,8.859999656677246,9.470000267028809,2470000,0.0,0.0
2023-05-24 00:00:00-04:00,7.349999904632568,7.920000076293945,7.150000095367432,7.510000228881836,13643100,0.0,0.0
2023-05-25 00:00:00-04:00,7.989999771118164,8.0600004196167,7.150000095367432,7.53000020980835,4738100,0.0,0.0
2023-05-26 00:00:00-04:00,7.570000171661377,8.569999694824219,7.570000171661377,8.510000228881836,4809300,0.0,0.0
2023-05-30 00:00:00-04:00,8.850000381469727,8.935999870300293,8.010000228881836,8.510000228881836,3248200,0.0,0.0
2023-05-31 00:00:00-04:00,8.350000381469727,8.619999885559082,7.960000038146973,8.550000190734863,4330200,0.0,0.0
2023-06-01 00:00:00-04:00,8.5,8.96500015258789,8.359999656677246,8.869999885559082,2260500,0.0,0.0
2023-06-02 00:00:00-04:00,9.0,9.0,8.66100025177002,8.9399995803833,1422100,0.0,0.0
2023-06-05 00:00:00-04:00,8.890000343322754,9.09000015258789,8.65999984741211,9.020000457763672,1287700,0.0,0.0
2023-06-06 00:00:00-04:00,9.010000228881836,9.279999732971191,8.84000015258789,9.039999961853027,2004600,0.0,0.0
2023-06-07 00:00:00-04:00,9.0600004196167,9.305000305175781,8.899999618530273,9.069999694824219,2057500,0.0,0.0
2023-06-08 00:00:00-04:00,9.100000381469727,9.34000015258789,8.970000267028809,9.319999694824219,1766800,0.0,0.0
2023-06-09 00:00:00-04:00,9.380000114440918,9.46500015258789,9.170000076293945,9.25,1378400,0.0,0.0
2023-06-12 00:00:00-04:00,9.319999694824219,10.100000381469727,9.1899995803833,9.770000457763672,3900800,0.0,0.0
2023-06-13 00:00:00-04:00,10.0,10.109999656677246,9.631999969482422,9.989999771118164,2954700,0.0,0.0
2023-06-14 00:00:00-04:00,9.920000076293945,10.114999771118164,9.729999542236328,10.0,2503200,0.0,0.0
2023-06-15 00:00:00-04:00,9.8100004196167,10.0,9.569999694824219,9.59000015258789,1719800,0.0,0.0
2023-06-16 00:00:00-04:00,9.569999694824219,9.59000015258789,9.199999809265137,9.380000114440918,3133800,0.0,0.0
2023-06-20 00:00:00-04:00,9.359999656677246,9.510000228881836,8.890999794006348,9.039999961853027,2031200,0.0,0.0
2023-06-21 00:00:00-04:00,8.9399995803833,9.1850004196167,8.71500015258789,8.84000015258789,1909800,0.0,0.0
2023-06-22 00:00:00-04:00,8.770000457763672,9.050000190734863,8.710000038146973,8.859999656677246,1444800,0.0,0.0
2023-06-23 00:00:00-04:00,8.649999618530273,8.880000114440918,8.529999732971191,8.770000457763672,16668000,0.0,0.0
2023-06-26 00:00:00-04:00,8.720000267028809,9.130000114440918,8.6899995803833,8.9399995803833,1851600,0.0,0.0
2023-06-27 00:00:00-04:00,9.029999732971191,9.369999885559082,8.845000267028809,9.319999694824219,1515900,0.0,0.0
2023-06-28 00:00:00-04:00,9.109999656677246,9.835000038146973,9.079999923706055,9.829999923706055,1550000,0.0,0.0
2023-06-29 00:00:00-04:00,9.90999984741211,10.369999885559082,9.845000267028809,9.979999542236328,2399700,0.0,0.0
2023-06-30 00:00:00-04:00,10.050000190734863,10.619999885559082,10.0,10.539999961853027,2543300,0.0,0.0
2023-07-03 00:00:00-04:00,10.539999961853027,10.800000190734863,10.180000305175781,10.399999618530273,1153200,0.0,0.0
2023-07-05 00:00:00-04:00,10.380000114440918,11.164999961853027,10.281999588012695,10.550000190734863,2133900,0.0,0.0
2023-07-06 00:00:00-04:00,10.430000305175781,10.454999923706055,9.880000114440918,10.010000228881836,2097800,0.0,0.0
2023-07-07 00:00:00-04:00,10.079999923706055,10.65999984741211,9.960000038146973,10.199999809265137,1329600,0.0,0.0
2023-07-10 00:00:00-04:00,10.25,10.359999656677246,9.90999984741211,10.260000228881836,1416400,0.0,0.0
2023-07-11 00:00:00-04:00,10.300000190734863,10.399999618530273,10.039999961853027,10.3100004196167,1140500,0.0,0.0
2023-07-12 00:00:00-04:00,10.600000381469727,10.878999710083008,10.230999946594238,10.34000015258789,1474400,0.0,0.0
2023-07-13 00:00:00-04:00,10.430000305175781,10.789999961853027,10.34000015258789,10.6899995803833,1167500,0.0,0.0
2023-07-14 00:00:00-04:00,10.729999542236328,10.779999732971191,9.890000343322754,9.970000267028809,1460000,0.0,0.0
2023-07-17 00:00:00-04:00,10.15999984741211,10.479999542236328,9.760000228881836,10.390000343322754,1339200,0.0,0.0
2023-07-18 00:00:00-04:00,10.430000305175781,10.75,10.380000114440918,10.640000343322754,1298800,0.0,0.0
2023-07-19 00:00:00-04:00,10.649999618530273,10.734999656677246,10.154999732971191,10.300000190734863,1339600,0.0,0.0
2023-07-20 00:00:00-04:00,10.119999885559082,10.119999885559082,9.430000305175781,9.5600004196167,2455000,0.0,0.0
2023-07-21 00:00:00-04:00,9.670000076293945,9.739999771118164,9.255000114440918,9.59000015258789,1641500,0.0,0.0
2023-07-24 00:00:00-04:00,9.569999694824219,9.630000114440918,9.25,9.529999732971191,1242100,0.0,0.0
2023-07-25 00:00:00-04:00,9.600000381469727,10.164999961853027,9.529999732971191,10.010000228881836,1637500,0.0,0.0
2023-07-26 00:00:00-04:00,9.90999984741211,9.984999656677246,9.5600004196167,9.619999885559082,1418500,0.0,0.0
2023-07-27 00:00:00-04:00,9.880000114440918,9.944999694824219,9.60099983215332,9.710000038146973,1170300,0.0,0.0
2023-07-28 00:00:00-04:00,9.970000267028809,10.1899995803833,9.779999732971191,10.069999694824219,1116400,0.0,0.0
2023-07-31 00:00:00-04:00,10.140000343322754,10.59000015258789,10.109999656677246,10.579999923706055,1448600,0.0,0.0
2023-08-01 00:00:00-04:00,10.40999984741211,10.899999618530273,10.399999618530273,10.829999923706055,1238000,0.0,0.0
2023-08-02 00:00:00-04:00,10.59000015258789,10.600000381469727,9.789999961853027,9.949999809265137,1560900,0.0,0.0
2023-08-03 00:00:00-04:00,9.859999656677246,10.020000457763672,9.65999984741211,9.880000114440918,811000,0.0,0.0
2023-08-04 00:00:00-04:00,9.789999961853027,9.920000076293945,9.550000190734863,9.6899995803833,1092600,0.0,0.0
2023-08-07 00:00:00-04:00,9.699999809265137,9.699999809265137,9.069999694824219,9.34000015258789,1387300,0.0,0.0
2023-08-08 00:00:00-04:00,9.100000381469727,9.199999809265137,8.869999885559082,9.180000305175781,1333100,0.0,0.0
2023-08-09 00:00:00-04:00,9.170000076293945,9.220000267028809,8.710000038146973,8.84000015258789,1777900,0.0,0.0
2023-08-10 00:00:00-04:00,8.899999618530273,9.074999809265137,8.765000343322754,8.859999656677246,1436900,0.0,0.0
2023-08-11 00:00:00-04:00,8.760000228881836,8.800000190734863,8.234999656677246,8.300000190734863,2672000,0.0,0.0
2023-08-14 00:00:00-04:00,8.279999732971191,8.680000305175781,8.149999618530273,8.609999656677246,2881600,0.0,0.0
2023-08-15 00:00:00-04:00,9.8100004196167,10.100000381469727,8.460000038146973,9.010000228881836,8676100,0.0,0.0
2023-08-16 00:00:00-04:00,9.010000228881836,9.020000457763672,8.220000267028809,8.25,3974800,0.0,0.0
2023-08-17 00:00:00-04:00,8.1899995803833,8.210000038146973,7.389999866485596,7.775000095367432,3885100,0.0,0.0
2023-08-18 00:00:00-04:00,7.610000133514404,8.050000190734863,7.5,7.920000076293945,1979100,0.0,0.0
2023-08-21 00:00:00-04:00,7.960000038146973,8.470000267028809,7.829999923706055,8.40999984741211,1981100,0.0,0.0
2023-08-22 00:00:00-04:00,8.600000381469727,8.645000457763672,8.039999961853027,8.479999542236328,2692900,0.0,0.0
2023-08-23 00:00:00-04:00,8.460000038146973,8.692000389099121,8.279999732971191,8.609999656677246,1671200,0.0,0.0
2023-08-24 00:00:00-04:00,8.800000190734863,8.859999656677246,8.024999618530273,8.289999961853027,2693300,0.0,0.0
2023-08-25 00:00:00-04:00,8.350000381469727,8.569999694824219,8.17199993133545,8.489999771118164,1546200,0.0,0.0
2023-08-28 00:00:00-04:00,8.5,8.59000015258789,8.0649995803833,8.420000076293945,2128500,0.0,0.0
2023-08-29 00:00:00-04:00,8.199999809265137,8.390000343322754,8.010000228881836,8.180000305175781,2881900,0.0,0.0
2023-08-30 00:00:00-04:00,8.140000343322754,8.475000381469727,8.01099967956543,8.4399995803833,3201400,0.0,0.0
2023-08-31 00:00:00-04:00,8.470000267028809,8.890000343322754,8.430000305175781,8.829999923706055,3067900,0.0,0.0
2023-09-01 00:00:00-04:00,8.899999618530273,8.949000358581543,8.699999809265137,8.760000228881836,1323700,0.0,0.0
2023-09-05 00:00:00-04:00,8.5,8.854999542236328,8.5,8.579999923706055,1582100,0.0,0.0
2023-09-06 00:00:00-04:00,8.579999923706055,8.779999732971191,8.479999542236328,8.550000190734863,2333200,0.0,0.0
2023-09-07 00:00:00-04:00,8.350000381469727,8.369999885559082,8.0600004196167,8.25,2396100,0.0,0.0
2023-09-08 00:00:00-04:00,8.229999542236328,8.335000038146973,8.104999542236328,8.260000228881836,1468600,0.0,0.0
2023-09-11 00:00:00-04:00,8.420000076293945,8.458999633789062,7.949999809265137,8.109999656677246,2052900,0.0,0.0
2023-09-12 00:00:00-04:00,8.100000381469727,8.359999656677246,8.069999694824219,8.079999923706055,2787300,0.0,0.0
2023-09-13 00:00:00-04:00,8.039999961853027,8.069999694824219,7.739999771118164,7.75,1890300,0.0,0.0
2023-09-14 00:00:00-04:00,7.849999904632568,8.045000076293945,7.739999771118164,7.769999980926514,1714600,0.0,0.0
2023-09-15 00:00:00-04:00,7.769999980926514,7.815000057220459,7.53000020980835,7.590000152587891,6438500,0.0,0.0
2023-09-18 00:00:00-04:00,7.5,7.78000020980835,7.440000057220459,7.699999809265137,1181500,0.0,0.0
2023-09-19 00:00:00-04:00,7.699999809265137,7.699999809265137,7.440000057220459,7.480000019073486,1157700,0.0,0.0
2023-09-20 00:00:00-04:00,7.519999980926514,7.590000152587891,7.224999904632568,7.239999771118164,868500,0.0,0.0
2023-09-21 00:00:00-04:00,7.010000228881836,7.079999923706055,6.809999942779541,6.820000171661377,1424700,0.0,0.0
2023-09-22 00:00:00-04:00,6.980000019073486,7.170000076293945,6.880000114440918,6.960000038146973,1353200,0.0,0.0
2023-09-25 00:00:00-04:00,6.869999885559082,7.070000171661377,6.800000190734863,7.019999980926514,1155400,0.0,0.0
2023-09-26 00:00:00-04:00,6.949999809265137,7.059999942779541,6.744999885559082,6.789999961853027,1436600,0.0,0.0
2023-09-27 00:00:00-04:00,6.889999866485596,6.989999771118164,6.71999979019165,6.869999885559082,937100,0.0,0.0
2023-09-28 00:00:00-04:00,6.880000114440918,7.125,6.730000019073486,6.820000171661377,2049500,0.0,0.0
2023-09-29 00:00:00-04:00,7.010000228881836,7.070000171661377,6.821000099182129,6.949999809265137,2601200,0.0,0.0
2023-10-02 00:00:00-04:00,6.949999809265137,7.09499979019165,6.864999771118164,6.949999809265137,1351800,0.0,0.0
2023-10-03 00:00:00-04:00,6.849999904632568,6.929999828338623,6.610000133514404,6.679999828338623,1195100,0.0,0.0
2023-10-04 00:00:00-04:00,6.730000019073486,6.769999980926514,6.545000076293945,6.730000019073486,1327900,0.0,0.0
2023-10-05 00:00:00-04:00,6.710000038146973,6.735000133514404,6.264999866485596,6.320000171661377,1717900,0.0,0.0
2023-10-06 00:00:00-04:00,6.210000038146973,6.454999923706055,6.170000076293945,6.429999828338623,1357700,0.0,0.0
2023-10-09 00:00:00-04:00,6.28000020980835,6.420000076293945,6.0,6.050000190734863,1531400,0.0,0.0
2023-10-10 00:00:00-04:00,6.050000190734863,6.559999942779541,6.050000190734863,6.360000133514404,1400600,0.0,0.0
2023-10-11 00:00:00-04:00,6.46999979019165,6.550000190734863,6.239999771118164,6.300000190734863,941800,0.0,0.0
2023-10-12 00:00:00-04:00,6.360000133514404,6.5,6.139999866485596,6.25,1369600,0.0,0.0
2023-10-13 00:00:00-04:00,6.25,6.260000228881836,5.800000190734863,5.889999866485596,2476100,0.0,0.0
2023-10-16 00:00:00-04:00,5.940000057220459,6.010000228881836,5.829999923706055,5.889999866485596,1426500,0.0,0.0
2023-10-17 00:00:00-04:00,5.820000171661377,6.03000020980835,5.639999866485596,5.909999847412109,1644700,0.0,0.0
2023-10-18 00:00:00-04:00,5.820000171661377,5.835000038146973,5.692999839782715,5.78000020980835,1579800,0.0,0.0
2023-10-19 00:00:00-04:00,5.820000171661377,5.889999866485596,5.730000019073486,5.739999771118164,1222100,0.0,0.0
2023-10-20 00:00:00-04:00,5.71999979019165,5.815000057220459,5.534999847412109,5.590000152587891,1257200,0.0,0.0
2023-10-23 00:00:00-04:00,5.539999961853027,5.550000190734863,5.380000114440918,5.380000114440918,1792600,0.0,0.0
2023-10-24 00:00:00-04:00,5.480000019073486,5.755000114440918,5.480000019073486,5.590000152587891,1655200,0.0,0.0
2023-10-25 00:00:00-04:00,5.449999809265137,5.46999979019165,5.28000020980835,5.289999961853027,1275200,0.0,0.0
2023-10-26 00:00:00-04:00,5.289999961853027,5.420000076293945,5.179999828338623,5.199999809265137,1321700,0.0,0.0
2023-10-27 00:00:00-04:00,5.28000020980835,5.28000020980835,5.070000171661377,5.150000095367432,1431000,0.0,0.0
2023-10-30 00:00:00-04:00,5.150000095367432,5.210000038146973,4.809999942779541,4.829999923706055,2523500,0.0,0.0
2023-10-31 00:00:00-04:00,4.789999961853027,5.255000114440918,4.760000228881836,5.239999771118164,2386500,0.0,0.0
2023-11-01 00:00:00-04:00,5.239999771118164,5.480000019073486,5.119999885559082,5.460000038146973,2931200,0.0,0.0
2023-11-02 00:00:00-04:00,5.730000019073486,5.929999828338623,5.670000076293945,5.820000171661377,2389600,0.0,0.0
2023-11-03 00:00:00-04:00,5.989999771118164,6.239999771118164,5.940000057220459,6.170000076293945,2151200,0.0,0.0
2023-11-06 00:00:00-05:00,6.289999961853027,6.380000114440918,5.849999904632568,5.980000019073486,2344100,0.0,0.0
2023-11-07 00:00:00-05:00,6.0,6.199999809265137,5.885000228881836,6.03000020980835,1149000,0.0,0.0
2023-11-08 00:00:00-05:00,6.010000228881836,6.050000190734863,5.784999847412109,5.829999923706055,2124700,0.0,0.0
2023-11-09 00:00:00-05:00,6.050000190734863,6.090000152587891,5.630000114440918,5.690000057220459,2872900,0.0,0.0
2023-11-10 00:00:00-05:00,6.380000114440918,6.480000019073486,5.965000152587891,6.260000228881836,3545200,0.0,0.0
2023-11-13 00:00:00-05:00,6.210000038146973,6.230000019073486,5.849999904632568,6.010000228881836,2137700,0.0,0.0
2023-11-14 00:00:00-05:00,6.25,6.420000076293945,6.224999904632568,6.409999847412109,1949800,0.0,0.0
2023-11-15 00:00:00-05:00,6.510000228881836,6.849999904632568,6.380000114440918,6.590000152587891,1772400,0.0,0.0
2023-11-16 00:00:00-05:00,6.53000020980835,6.764999866485596,6.449999809265137,6.739999771118164,1779600,0.0,0.0
2023-11-17 00:00:00-05:00,6.739999771118164,6.949999809265137,6.639999866485596,6.929999828338623,1985500,0.0,0.0
2023-11-20 00:00:00-05:00,7.019999980926514,7.25,7.0,7.090000152587891,2062100,0.0,0.0
2023-11-21 00:00:00-05:00,6.96999979019165,7.065000057220459,6.824999809265137,6.860000133514404,1832800,0.0,0.0
2023-11-22 00:00:00-05:00,6.980000019073486,7.340000152587891,6.980000019073486,7.079999923706055,2037500,0.0,0.0
2023-11-24 00:00:00-05:00,7.059999942779541,7.420000076293945,7.019999980926514,7.21999979019165,816300,0.0,0.0
2023-11-27 00:00:00-05:00,7.199999809265137,7.264999866485596,6.940000057220459,6.96999979019165,1284900,0.0,0.0
2023-11-28 00:00:00-05:00,6.960000038146973,7.114999771118164,6.835000038146973,7.090000152587891,4404600,0.0,0.0
2023-11-29 00:00:00-05:00,7.230000019073486,7.419000148773193,7.0,7.059999942779541,1830900,0.0,0.0
2023-11-30 00:00:00-05:00,7.119999885559082,7.124000072479248,6.889999866485596,6.940000057220459,1601900,0.0,0.0
2023-12-01 00:00:00-05:00,6.929999828338623,7.210000038146973,6.769999980926514,7.159999847412109,1321000,0.0,0.0
2023-12-04 00:00:00-05:00,7.050000190734863,7.28000020980835,7.0,7.260000228881836,1180900,0.0,0.0
2023-12-05 00:00:00-05:00,7.199999809265137,7.239999771118164,7.090000152587891,7.130000114440918,1030200,0.0,0.0
2023-12-06 00:00:00-05:00,7.289999961853027,7.599999904632568,7.21999979019165,7.289999961853027,1851200,0.0,0.0
2023-12-07 00:00:00-05:00,7.329999923706055,7.635000228881836,7.269999980926514,7.579999923706055,1634900,0.0,0.0
2023-12-08 00:00:00-05:00,7.519999980926514,7.695000171661377,7.421000003814697,7.539999961853027,5629600,0.0,0.0
2023-12-11 00:00:00-05:00,7.570000171661377,7.690000057220459,7.5,7.550000190734863,1537800,0.0,0.0
2023-12-12 00:00:00-05:00,7.590000152587891,7.599999904632568,7.431000232696533,7.53000020980835,1426300,0.0,0.0
2023-12-13 00:00:00-05:00,7.519999980926514,7.849999904632568,7.369999885559082,7.849999904632568,2617700,0.0,0.0
2023-12-14 00:00:00-05:00,8.0,8.300000190734863,7.949999809265137,8.289999961853027,3676700,0.0,0.0
2023-12-15 00:00:00-05:00,8.420000076293945,8.4399995803833,8.010000228881836,8.15999984741211,3160500,0.0,0.0
2023-12-18 00:00:00-05:00,8.170000076293945,8.220000267028809,8.020000457763672,8.130000114440918,1847000,0.0,0.0
2023-12-19 00:00:00-05:00,8.199999809265137,8.324999809265137,8.085000038146973,8.1899995803833,2287400,0.0,0.0
2023-12-20 00:00:00-05:00,8.050000190734863,8.289999961853027,7.800000190734863,7.820000171661377,2482900,0.0,0.0
2023-12-21 00:00:00-05:00,8.029999732971191,8.142999649047852,7.920000076293945,8.100000381469727,1353900,0.0,0.0
2023-12-22 00:00:00-05:00,8.15999984741211,8.329999923706055,8.0600004196167,8.149999618530273,1124000,0.0,0.0
2023-12-26 00:00:00-05:00,8.199999809265137,8.4350004196167,8.1899995803833,8.359999656677246,1606100,0.0,0.0
2023-12-27 00:00:00-05:00,8.430000305175781,8.430000305175781,8.225000381469727,8.34000015258789,1125800,0.0,0.0
2023-12-28 00:00:00-05:00,8.300000190734863,8.369999885559082,8.1899995803833,8.300000190734863,1098000,0.0,0.0
2023-12-29 00:00:00-05:00,8.350000381469727,8.390000343322754,8.020000457763672,8.069999694824219,1637500,0.0,0.0
2024-01-02 00:00:00-05:00,7.920000076293945,7.920000076293945,7.53000020980835,7.630000114440918,1653300,0.0,0.0
2024-01-03 00:00:00-05:00,7.400000095367432,7.505000114440918,7.190000057220459,7.21999979019165,2629500,0.0,0.0
2024-01-04 00:00:00-05:00,7.059999942779541,7.139999866485596,6.90500020980835,7.099999904632568,2423900,0.0,0.0
2024-01-05 00:00:00-05:00,7.050000190734863,7.139999866485596,6.84499979019165,6.929999828338623,1644100,0.0,0.0
2024-01-08 00:00:00-05:00,7.03000020980835,7.269999980926514,6.940000057220459,7.190000057220459,1447200,0.0,0.0
2024-01-09 00:00:00-05:00,7.079999923706055,7.315000057220459,7.03000020980835,7.159999847412109,1416700,0.0,0.0
2024-01-10 00:00:00-05:00,7.170000076293945,7.210000038146973,6.882999897003174,7.110000133514404,2311200,0.0,0.0
2024-01-11 00:00:00-05:00,7.110000133514404,7.150000095367432,6.449999809265137,6.650000095367432,3403900,0.0,0.0
2024-01-12 00:00:00-05:00,6.690000057220459,6.869999885559082,6.539999961853027,6.550000190734863,1258700,0.0,0.0
2024-01-16 00:00:00-05:00,6.5,6.534999847412109,6.239999771118164,6.329999923706055,2135100,0.0,0.0
2024-01-17 00:00:00-05:00,6.199999809265137,6.199999809265137,5.945000171661377,6.070000171661377,3263100,0.0,0.0
2024-01-18 00:00:00-05:00,6.239999771118164,6.304999828338623,6.019999980926514,6.150000095367432,1869400,0.0,0.0
2024-01-19 00:00:00-05:00,6.269999980926514,6.28000020980835,6.059999942779541,6.28000020980835,1240400,0.0,0.0
2024-01-22 00:00:00-05:00,6.300000190734863,6.71999979019165,6.300000190734863,6.5,1601900,0.0,0.0
2024-01-23 00:00:00-05:00,6.599999904632568,6.675000190734863,6.425000190734863,6.519999980926514,1273400,0.0,0.0
2024-01-24 00:00:00-05:00,6.550000190734863,6.590000152587891,6.360000133514404,6.380000114440918,1366600,0.0,0.0
2024-01-25 00:00:00-05:00,6.539999961853027,6.614999771118164,6.300000190734863,6.329999923706055,1666400,0.0,0.0
2024-01-26 00:00:00-05:00,6.340000152587891,6.429999828338623,6.179999828338623,6.199999809265137,1353600,0.0,0.0
2024-01-29 00:00:00-05:00,6.210000038146973,6.409999847412109,6.139999866485596,6.409999847412109,1303300,0.0,0.0
2024-01-30 00:00:00-05:00,6.360000133514404,6.429999828338623,6.110000133514404,6.119999885559082,1072500,0.0,0.0
2024-01-31 00:00:00-05:00,6.050000190734863,6.159999847412109,5.699999809265137,5.730000019073486,2452900,0.0,0.0
2024-02-01 00:00:00-05:00,5.809999942779541,6.019999980926514,5.610000133514404,5.679999828338623,2120000,0.0,0.0
2024-02-02 00:00:00-05:00,5.610000133514404,5.670000076293945,5.46999979019165,5.630000114440918,1576500,0.0,0.0
2024-02-05 00:00:00-05:00,5.630000114440918,5.690000057220459,5.510000228881836,5.590000152587891,1115900,0.0,0.0
2024-02-06 00:00:00-05:00,5.570000171661377,5.784999847412109,5.570000171661377,5.710000038146973,1610700,0.0,0.0
2024-02-07 00:00:00-05:00,5.71999979019165,5.730000019073486,5.519999980926514,5.679999828338623,1837100,0.0,0.0
2024-02-08 00:00:00-05:00,5.710000038146973,6.460000038146973,5.690000057220459,6.329999923706055,2946500,0.0,0.0
2024-02-09 00:00:00-05:00,6.429999828338623,6.889999866485596,6.429999828338623,6.699999809265137,2796400,0.0,0.0
2024-02-12 00:00:00-05:00,6.800000190734863,7.190000057220459,6.710000038146973,6.809999942779541,2398600,0.0,0.0
2024-02-13 00:00:00-05:00,6.409999847412109,6.574999809265137,6.275000095367432,6.360000133514404,2647400,0.0,0.0
2024-02-14 00:00:00-05:00,6.579999923706055,6.800000190734863,6.53000020980835,6.789999961853027,1408500,0.0,0.0
2024-02-15 00:00:00-05:00,6.929999828338623,6.949999809265137,6.644999980926514,6.71999979019165,1612100,0.0,0.0
2024-02-16 00:00:00-05:00,6.650000095367432,6.710000038146973,6.313000202178955,6.340000152587891,1638400,0.0,0.0
2024-02-20 00:00:00-05:00,6.28000020980835,6.300000190734863,6.114999771118164,6.28000020980835,1663500,0.0,0.0
2024-02-21 00:00:00-05:00,6.119999885559082,6.230000019073486,5.920000076293945,5.980000019073486,2127500,0.0,0.0
2024-02-22 00:00:00-05:00,6.210000038146973,6.260000228881836,5.860000133514404,5.880000114440918,2033500,0.0,0.0
2024-02-23 00:00:00-05:00,5.889999866485596,5.889999866485596,5.650000095367432,5.699999809265137,1856100,0.0,0.0
2024-02-26 00:00:00-05:00,5.809999942779541,5.940000057220459,5.670000076293945,5.679999828338623,3925300,0.0,0.0
2024-02-27 00:00:00-05:00,5.809999942779541,5.840000152587891,5.619999885559082,5.730000019073486,5846600,0.0,0.0
2024-02-28 00:00:00-05:00,5.760000228881836,5.889999866485596,5.599999904632568,5.769999980926514,4962700,0.0,0.0
2024-02-29 00:00:00-05:00,5.949999809265137,6.210000038146973,5.920000076293945,6.139999866485596,6839200,0.0,0.0
2024-03-01 00:00:00-05:00,7.320000171661377,7.400000095367432,5.554999828338623,5.659999847412109,13526900,0.0,0.0
2024-03-04 00:00:00-05:00,5.809999942779541,6.025000095367432,5.730000019073486,5.769999980926514,5005300,0.0,0.0
2024-03-05 00:00:00-05:00,5.670000076293945,5.710000038146973,5.320000171661377,5.380000114440918,4235800,0.0,0.0
2024-03-06 00:00:00-05:00,5.510000228881836,5.659999847412109,5.190000057220459,5.349999904632568,3773500,0.0,0.0
2024-03-07 00:00:00-05:00,5.320000171661377,5.5,5.269999980926514,5.380000114440918,4233700,0.0,0.0
2024-03-08 00:00:00-05:00,5.420000076293945,5.454999923706055,4.840000152587891,4.849999904632568,5973300,0.0,0.0
2024-03-11 00:00:00-04:00,5.010000228881836,5.239999771118164,4.880000114440918,5.139999866485596,5127100,0.0,0.0
2024-03-12 00:00:00-04:00,5.215000152587891,5.239999771118164,4.994999885559082,5.210000038146973,3776800,0.0,0.0
2024-03-13 00:00:00-04:00,5.130000114440918,5.380000114440918,5.110000133514404,5.130000114440918,3406900,0.0,0.0
2024-03-14 00:00:00-04:00,5.110000133514404,5.110000133514404,4.619999885559082,4.690000057220459,5101600,0.0,0.0
2024-03-15 00:00:00-04:00,4.639999866485596,4.730000019073486,4.559999942779541,4.599999904632568,7874700,0.0,0.0
2024-03-18 00:00:00-04:00,4.619999885559082,4.71999979019165,4.480000019073486,4.690000057220459,4124000,0.0,0.0
2024-03-19 00:00:00-04:00,4.590000152587891,4.840000152587891,4.519999980926514,4.760000228881836,3455200,0.0,0.0
2024-03-20 00:00:00-04:00,4.75,4.84499979019165,4.46999979019165,4.699999809265137,3562300,0.0,0.0
2024-03-21 00:00:00-04:00,4.789999961853027,4.929999828338623,4.449999809265137,4.460000038146973,4970300,0.0,0.0
2024-03-22 00:00:00-04:00,4.480000019073486,4.480000019073486,4.25,4.269999980926514,4729400,0.0,0.0
2024-03-25 00:00:00-04:00,4.230000019073486,4.5,4.159999847412109,4.429999828338623,2542600,0.0,0.0
2024-03-26 00:00:00-04:00,4.53000020980835,4.639999866485596,4.269999980926514,4.289999961853027,3409700,0.0,0.0
2024-03-27 00:00:00-04:00,4.369999885559082,4.650000095367432,4.369999885559082,4.579999923706055,3194100,0.0,0.0
2024-03-28 00:00:00-04:00,4.599999904632568,4.920000076293945,4.590000152587891,4.769999980926514,3175800,0.0,0.0
2024-04-01 00:00:00-04:00,4.849999904632568,4.880000114440918,4.610000133514404,4.860000133514404,3063400,0.0,0.0
2024-04-02 00:00:00-04:00,4.730000019073486,4.769999980926514,4.579999923706055,4.650000095367432,2173200,0.0,0.0
2024-04-03 00:00:00-04:00,4.599999904632568,4.639999866485596,4.40500020980835,4.619999885559082,2261300,0.0,0.0
2024-04-04 00:00:00-04:00,4.71999979019165,4.820000171661377,4.480000019073486,4.519999980926514,1591600,0.0,0.0
2024-04-05 00:00:00-04:00,4.550000190734863,4.619999885559082,4.449999809265137,4.579999923706055,1604800,0.0,0.0
2024-04-08 00:00:00-04:00,4.460000038146973,4.639999866485596,4.460000038146973,4.579999923706055,2120600,0.0,0.0
2024-04-09 00:00:00-04:00,4.650000095367432,4.809999942779541,4.574999809265137,4.699999809265137,2208800,0.0,0.0
2024-04-10 00:00:00-04:00,4.510000228881836,4.539999961853027,4.284999847412109,4.309999942779541,3324600,0.0,0.0
2024-04-11 00:00:00-04:00,4.349999904632568,4.389999866485596,4.230000019073486,4.369999885559082,1854000,0.0,0.0
2024-04-12 00:00:00-04:00,4.329999923706055,4.360000133514404,4.21999979019165,4.320000171661377,2385400,0.0,0.0
2024-04-15 00:00:00-04:00,4.329999923706055,4.329999923706055,3.802999973297119,4.190000057220459,4605900,0.0,0.0
2024-04-16 00:00:00-04:00,4.119999885559082,4.139999866485596,3.940000057220459,4.070000171661377,1974500,0.0,0.0
2024-04-17 00:00:00-04:00,4.090000152587891,4.199999809265137,3.9000000953674316,3.9000000953674316,1827000,0.0,0.0
2024-04-18 00:00:00-04:00,3.9000000953674316,4.010000228881836,3.822999954223633,3.859999895095825,1703500,0.0,0.0
2024-04-19 00:00:00-04:00,3.8299999237060547,3.859999895095825,3.630000114440918,3.640000104904175,3089100,0.0,0.0
2024-04-22 00:00:00-04:00,3.7100000381469727,3.7100000381469727,3.5350000858306885,3.6700000762939453,2736500,0.0,0.0
2024-04-23 00:00:00-04:00,3.6600000858306885,3.8499999046325684,3.625,3.7899999618530273,2230200,0.0,0.0
2024-04-24 00:00:00-04:00,3.880000114440918,4.199999809265137,3.8499999046325684,4.130000114440918,3111000,0.0,0.0
2024-04-25 00:00:00-04:00,4.050000190734863,4.170000076293945,3.9200000762939453,4.139999866485596,2038600,0.0,0.0
2024-04-26 00:00:00-04:00,4.130000114440918,4.534999847412109,4.099999904632568,4.460000038146973,2380100,0.0,0.0
2024-04-29 00:00:00-04:00,4.53000020980835,4.639999866485596,4.409999847412109,4.449999809265137,2049100,0.0,0.0
2024-04-30 00:00:00-04:00,4.400000095367432,4.420000076293945,4.215000152587891,4.329999923706055,2239700,0.0,0.0
2024-05-01 00:00:00-04:00,4.260000228881836,4.480000019073486,4.159999847412109,4.269999980926514,1985600,0.0,0.0
2024-05-02 00:00:00-04:00,4.380000114440918,4.40500020980835,4.210000038146973,4.340000152587891,1618100,0.0,0.0
2024-05-03 00:00:00-04:00,4.480000019073486,4.659999847412109,4.360000133514404,4.650000095367432,2701400,0.0,0.0
2024-05-06 00:00:00-04:00,4.78000020980835,4.849999904632568,4.710000038146973,4.800000190734863,1662200,0.0,0.0
2024-05-07 00:00:00-04:00,4.820000171661377,4.829999923706055,4.630000114440918,4.690000057220459,1558900,0.0,0.0
2024-05-08 00:00:00-04:00,4.599999904632568,4.670000076293945,4.510000228881836,4.579999923706055,2083800,0.0,0.0
2024-05-09 00:00:00-04:00,4.550000190734863,4.730000019073486,4.429999828338623,4.690000057220459,2851700,0.0,0.0
2024-05-10 00:00:00-04:00,4.190000057220459,4.465000152587891,4.0,4.099999904632568,5576300,0.0,0.0
2024-05-13 00:00:00-04:00,4.019999980926514,4.119999885559082,3.875,3.9700000286102295,3788400,0.0,0.0
2024-05-14 00:00:00-04:00,4.019999980926514,4.159999847412109,3.9200000762939453,4.0,3547900,0.0,0.0
2024-05-15 00:00:00-04:00,4.059999942779541,4.110000133514404,3.880000114440918,3.9700000286102295,2517400,0.0,0.0
2024-05-16 00:00:00-04:00,4.0,4.034999847412109,3.9000000953674316,3.9100000858306885,1858100,0.0,0.0
2024-05-17 00:00:00-04:00,3.930000066757202,3.9600000381469727,3.7799999713897705,3.819999933242798,1804100,0.0,0.0
2024-05-20 00:00:00-04:00,3.809999942779541,3.869999885559082,3.759999990463257,3.7899999618530273,1526600,0.0,0.0
2024-05-21 00:00:00-04:00,3.759999990463257,3.805000066757202,3.744999885559082,3.75,1406800,0.0,0.0
2024-05-22 00:00:00-04:00,3.75,3.950000047683716,3.744999885559082,3.7899999618530273,2167500,0.0,0.0
2024-05-23 00:00:00-04:00,3.819999933242798,3.8399999141693115,3.549999952316284,3.609999895095825,2635400,0.0,0.0
2024-05-24 00:00:00-04:00,3.6700000762939453,3.7200000286102295,3.619999885559082,3.700000047683716,1368000,0.0,0.0
2024-05-28 00:00:00-04:00,3.740000009536743,3.7899999618530273,3.5999999046325684,3.630000114440918,1803800,0.0,0.0
2024-05-29 00:00:00-04:00,3.5999999046325684,3.619999885559082,3.4800000190734863,3.609999895095825,2524200,0.0,0.0
2024-05-30 00:00:00-04:00,3.609999895095825,4.050000190734863,3.609999895095825,3.950000047683716,3600200,0.0,0.0
2024-05-31 00:00:00-04:00,4.010000228881836,4.135000228881836,3.809999942779541,3.9100000858306885,2455200,0.0,0.0
2024-06-03 00:00:00-04:00,4.03000020980835,4.159999847412109,4.0,4.110000133514404,2909900,0.0,0.0
2024-06-04 00:00:00-04:00,4.099999904632568,4.170000076293945,4.019999980926514,4.150000095367432,2993700,0.0,0.0
2024-06-05 00:00:00-04:00,4.199999809265137,4.579999923706055,4.119999885559082,4.570000171661377,3312300,0.0,0.0
2024-06-06 00:00:00-04:00,4.639999866485596,4.650000095367432,4.409999847412109,4.639999866485596,2654600,0.0,0.0
2024-06-07 00:00:00-04:00,4.579999923706055,4.650000095367432,4.360000133514404,4.449999809265137,2055300,0.0,0.0
2024-06-10 00:00:00-04:00,4.409999847412109,4.559999942779541,4.260000228881836,4.550000190734863,2206700,0.0,0.0
2024-06-11 00:00:00-04:00,4.440000057220459,4.5960001945495605,4.360000133514404,4.539999961853027,2174200,0.0,0.0
2024-06-12 00:00:00-04:00,4.699999809265137,5.135000228881836,4.659999847412109,4.849999904632568,4382200,0.0,0.0
2024-06-13 00:00:00-04:00,4.869999885559082,4.895999908447266,4.514999866485596,4.639999866485596,2879300,0.0,0.0
2024-06-14 00:00:00-04:00,4.559999942779541,4.565000057220459,4.320000171661377,4.389999866485596,1845400,0.0,0.0
2024-06-17 00:00:00-04:00,4.329999923706055,4.380000114440918,4.119999885559082,4.269999980926514,2352500,0.0,0.0
2024-06-18 00:00:00-04:00,4.230000019073486,4.28000020980835,4.130000114440918,4.21999979019165,2053300,0.0,0.0
2024-06-20 00:00:00-04:00,4.21999979019165,4.21999979019165,4.065000057220459,4.119999885559082,2499800,0.0,0.0
2024-06-21 00:00:00-04:00,4.099999904632568,4.289999961853027,4.070000171661377,4.170000076293945,6597100,0.0,0.0
2024-06-24 00:00:00-04:00,4.199999809265137,4.283999919891357,3.9700000286102295,4.0,1802700,0.0,0.0
2024-06-25 00:00:00-04:00,4.039999961853027,4.039999961853027,3.859999895095825,3.880000114440918,2136100,0.0,0.0
2024-06-26 00:00:00-04:00,3.9000000953674316,3.9700000286102295,3.859999895095825,3.9600000381469727,1345700,0.0,0.0
2024-06-27 00:00:00-04:00,3.940000057220459,4.03000020980835,3.881999969482422,3.9600000381469727,1355500,0.0,0.0
2024-06-28 00:00:00-04:00,4.070000171661377,4.109000205993652,3.865000009536743,3.930000066757202,4699700,0.0,0.0
2024-07-01 00:00:00-04:00,3.950000047683716,4.019999980926514,3.859999895095825,3.9100000858306885,1728900,0.0,0.0
2024-07-02 00:00:00-04:00,3.9000000953674316,4.019999980926514,3.890000104904175,3.9800000190734863,1795900,0.0,0.0
2024-07-03 00:00:00-04:00,4.039999961853027,4.110000133514404,4.005000114440918,4.03000020980835,1140100,0.0,0.0
2024-07-05 00:00:00-04:00,4.050000190734863,4.150000095367432,4.039999961853027,4.110000133514404,1263400,0.0,0.0
2024-07-08 00:00:00-04:00,4.130000114440918,4.409999847412109,4.119999885559082,4.389999866485596,1711000,0.0,0.0
2024-07-09 00:00:00-04:00,4.440000057220459,4.489999771118164,4.204999923706055,4.28000020980835,1771100,0.0,0.0
2024-07-10 00:00:00-04:00,4.340000152587891,4.489999771118164,4.260000228881836,4.46999979019165,2748000,0.0,0.0
2024-07-11 00:00:00-04:00,4.630000114440918,4.659999847412109,4.511000156402588,4.570000171661377,2958200,0.0,0.0
2024-07-12 00:00:00-04:00,4.670000076293945,4.784999847412109,4.616000175476074,4.769999980926514,2881700,0.0,0.0
2024-07-15 00:00:00-04:00,4.820000171661377,4.860000133514404,4.684999942779541,4.809999942779541,2117200,0.0,0.0
2024-07-16 00:00:00-04:00,4.860000133514404,4.929999828338623,4.715000152587891,4.920000076293945,3026200,0.0,0.0
2024-07-17 00:00:00-04:00,4.760000228881836,4.835000038146973,4.480000019073486,4.550000190734863,3246900,0.0,0.0
2024-07-18 00:00:00-04:00,4.619999885559082,4.650000095367432,4.114999771118164,4.170000076293945,2592800,0.0,0.0
2024-07-19 00:00:00-04:00,4.150000095367432,4.179999828338623,3.990000009536743,4.03000020980835,2046500,0.0,0.0
2024-07-22 00:00:00-04:00,4.170000076293945,4.175000190734863,4.074999809265137,4.159999847412109,2167200,0.0,0.0
2024-07-23 00:00:00-04:00,4.159999847412109,4.295000076293945,4.110000133514404,4.159999847412109,1704700,0.0,0.0
2024-07-24 00:00:00-04:00,4.099999904632568,4.199999809265137,3.950000047683716,3.950000047683716,1643300,0.0,0.0
2024-07-25 00:00:00-04:00,3.940000057220459,4.070000171661377,3.8299999237060547,3.940000057220459,2077700,0.0,0.0
2024-07-26 00:00:00-04:00,4.059999942779541,4.085000038146973,3.805000066757202,3.8299999237060547,2861100,0.0,0.0
2024-07-29 00:00:00-04:00,3.9000000953674316,3.9800000190734863,3.799999952316284,3.880000114440918,2316300,0.0,0.0
2024-07-30 00:00:00-04:00,3.9000000953674316,3.9000000953674316,3.5299999713897705,3.5799999237060547,3403100,0.0,0.0
2024-07-31 00:00:00-04:00,3.700000047683716,3.8550000190734863,3.619999885559082,3.7100000381469727,3028200,0.0,0.0
2024-08-01 00:00:00-04:00,3.7100000381469727,3.7699999809265137,3.3299999237060547,3.369999885559082,2984300,0.0,0.0
2024-08-02 00:00:00-04:00,3.2100000381469727,3.3399999141693115,3.109999895095825,3.25,2669200,0.0,0.0
2024-08-05 00:00:00-04:00,2.9700000286102295,3.2290000915527344,2.940000057220459,3.049999952316284,4337400,0.0,0.0
2024-08-06 00:00:00-04:00,3.2300000190734863,3.25,3.0250000953674316,3.2100000381469727,3502500,0.0,0.0
2024-08-07 00:00:00-04:00,3.3299999237060547,3.390000104904175,3.0999999046325684,3.190000057220459,4078600,0.0,0.0
2024-08-08 00:00:00-04:00,3.299999952316284,3.3399999141693115,3.0999999046325684,3.130000114440918,2478700,0.0,0.0
2024-08-09 00:00:00-04:00,3.1500000953674316,3.2200000286102295,2.990000009536743,3.0199999809265137,2524500,0.0,0.0
2024-08-12 00:00:00-04:00,3.049999952316284,3.049999952316284,2.869999885559082,2.869999885559082,2311500,0.0,0.0
2024-08-13 00:00:00-04:00,2.9200000762939453,3.119999885559082,2.9049999713897705,3.0799999237060547,2124600,0.0,0.0
2024-08-14 00:00:00-04:00,3.119999885559082,3.180000066757202,2.869999885559082,2.930000066757202,2055000,0.0,0.0
2024-08-15 00:00:00-04:00,3.0,3.1700000762939453,3.0,3.140000104904175,1807600,0.0,0.0
2024-08-16 00:00:00-04:00,3.119999885559082,3.1649999618530273,3.0799999237060547,3.0999999046325684,1618700,0.0,0.0
2024-08-19 00:00:00-04:00,3.0799999237060547,3.1700000762939453,3.0199999809265137,3.1600000858306885,2611800,0.0,0.0
2024-08-20 00:00:00-04:00,3.119999885559082,3.119999885559082,2.9549999237060547,3.009999990463257,1422300,0.0,0.0
2024-08-21 00:00:00-04:00,3.0299999713897705,3.130000114440918,3.0199999809265137,3.119999885559082,1783000,0.0,0.0
2024-08-22 00:00:00-04:00,3.1500000953674316,3.190000057220459,3.0,3.009999990463257,1484500,0.0,0.0
2024-08-23 00:00:00-04:00,3.0299999713897705,3.2149999141693115,3.0299999713897705,3.0899999141693115,1671800,0.0,0.0
2024-08-26 00:00:00-04:00,3.119999885559082,3.1500000953674316,3.0199999809265137,3.119999885559082,1412300,0.0,0.0
2024-08-27 00:00:00-04:00,3.119999885559082,3.180000066757202,3.071000099182129,3.0899999141693115,1908500,0.0,0.0
2024-08-28 00:00:00-04:00,3.0799999237060547,3.0999999046325684,2.9000000953674316,2.930000066757202,2490100,0.0,0.0
2024-08-29 00:00:00-04:00,2.9600000381469727,3.1600000858306885,2.9100000858306885,3.0999999046325684,3121100,0.0,0.0
2024-08-30 00:00:00-04:00,3.180000066757202,3.187999963760376,2.9700000286102295,3.0199999809265137,2990200,0.0,0.0
2024-09-03 00:00:00-04:00,3.009999990463257,3.0350000858306885,2.569999933242798,2.5799999237060547,4524600,0.0,0.0
2024-09-04 00:00:00-04:00,2.549999952316284,2.630000114440918,2.380000114440918,2.5199999809265137,5105800,0.0,0.0
2024-09-05 00:00:00-04:00,2.490000009536743,2.5250000953674316,2.4000000953674316,2.430000066757202,2428400,0.0,0.0
2024-09-06 00:00:00-04:00,2.430000066757202,2.450000047683716,2.319999933242798,2.3299999237060547,3504600,0.0,0.0
2024-09-09 00:00:00-04:00,2.369999885559082,2.4200000762939453,2.2699999809265137,2.2699999809265137,2972800,0.0,0.0
2024-09-10 00:00:00-04:00,2.259999990463257,2.315000057220459,2.2200000286102295,2.299999952316284,1924400,0.0,0.0
2024-09-11 00:00:00-04:00,2.319999933242798,2.5,2.240000009536743,2.4700000286102295,2549300,0.0,0.0
2024-09-12 00:00:00-04:00,2.450000047683716,2.4700000286102295,2.299999952316284,2.319999933242798,2082100,0.0,0.0
2024-09-13 00:00:00-04:00,2.359999895095825,2.559999942779541,2.359999895095825,2.559999942779541,2755300,0.0,0.0
2024-09-16 00:00:00-04:00,2.5299999713897705,2.5799999237060547,2.4600000381469727,2.5399999618530273,2494800,0.0,0.0
2024-09-17 00:00:00-04:00,2.4100000858306885,2.490000009536743,2.2309999465942383,2.309999942779541,4709700,0.0,0.0
2024-09-18 00:00:00-04:00,2.3499999046325684,2.4800000190734863,2.25,2.2850000858306885,3406200,0.0,0.0
2024-09-19 00:00:00-04:00,2.4000000953674316,2.4200000762939453,2.309999942779541,2.4000000953674316,2002500,0.0,0.0
2024-09-20 00:00:00-04:00,2.369999885559082,2.375,2.2200000286102295,2.2300000190734863,3792700,0.0,0.0
2024-09-23 00:00:00-04:00,2.25,2.359999895095825,2.1700000762939453,2.180000066757202,2808300,0.0,0.0
2024-09-24 00:00:00-04:00,2.1700000762939453,2.2799999713897705,2.140000104904175,2.240000009536743,2652200,0.0,0.0
2024-09-25 00:00:00-04:00,2.2300000190734863,2.2799999713897705,2.190000057220459,2.200000047683716,1412800,0.0,0.0
2024-09-26 00:00:00-04:00,2.2799999713897705,2.5,2.2750000953674316,2.440000057220459,4119100,0.0,0.0
2024-09-27 00:00:00-04:00,2.509999990463257,2.700000047683716,2.509999990463257,2.5799999237060547,5246400,0.0,0.0
2024-09-30 00:00:00-04:00,2.5799999237060547,2.630000114440918,2.424999952316284,2.450000047683716,2297900,0.0,0.0
2024-10-01 00:00:00-04:00,2.4200000762939453,2.4700000286102295,2.2799999713897705,2.299999952316284,2387200,0.0,0.0
2024-10-02 00:00:00-04:00,2.319999933242798,2.5199999809265137,2.299999952316284,2.4800000190734863,2882500,0.0,0.0
2024-10-03 00:00:00-04:00,2.440000057220459,2.4700000286102295,2.3499999046325684,2.390000104904175,1948000,0.0,0.0
2024-10-04 00:00:00-04:00,2.490000009536743,2.5160000324249268,2.369999885559082,2.440000057220459,1609100,0.0,0.0
2024-10-07 00:00:00-04:00,2.440000057220459,2.5,2.369999885559082,2.4200000762939453,1663700,0.0,0.0
2024-10-08 00:00:00-04:00,2.4100000858306885,2.4189999103546143,2.3499999046325684,2.369999885559082,1055100,0.0,0.0
2024-10-09 00:00:00-04:00,2.369999885559082,2.5,2.3399999141693115,2.4800000190734863,1628400,0.0,0.0
2024-10-10 00:00:00-04:00,2.430000066757202,2.444999933242798,2.359999895095825,2.4100000858306885,1186300,0.0,0.0
2024-10-11 00:00:00-04:00,2.380000114440918,2.630000114440918,2.380000114440918,2.549999952316284,2080400,0.0,0.0
2024-10-14 00:00:00-04:00,2.549999952316284,2.575000047683716,2.484999895095825,2.5199999809265137,1494900,0.0,0.0
2024-10-15 00:00:00-04:00,2.549999952316284,2.6500000953674316,2.4800000190734863,2.509999990463257,1608200,0.0,0.0
2024-10-16 00:00:00-04:00,2.5299999713897705,2.609999895095825,2.509999990463257,2.5899999141693115,1598300,0.0,0.0
2024-10-17 00:00:00-04:00,2.6500000953674316,2.700000047683716,2.549999952316284,2.559999942779541,2106500,0.0,0.0
2024-10-18 00:00:00-04:00,2.5899999141693115,2.6500000953674316,2.515000104904175,2.559999942779541,1627600,0.0,0.0
2024-10-21 00:00:00-04:00,2.5399999618530273,2.559999942779541,2.450000047683716,2.559999942779541,1907300,0.0,0.0
2024-10-22 00:00:00-04:00,2.549999952316284,2.6549999713897705,2.5399999618530273,2.5999999046325684,2021600,0.0,0.0
2024-10-23 00:00:00-04:00,2.5999999046325684,2.634999990463257,2.430000066757202,2.490000009536743,1841500,0.0,0.0
2024-10-24 00:00:00-04:00,2.490000009536743,2.559999942779541,2.4700000286102295,2.5,1389200,0.0,0.0
2024-10-25 00:00:00-04:00,2.5399999618530273,2.640000104904175,2.5,2.549999952316284,1981000,0.0,0.0
2024-10-28 00:00:00-04:00,2.5999999046325684,2.9100000858306885,2.559999942779541,2.7799999713897705,3991300,0.0,0.0
2024-10-29 00:00:00-04:00,2.859999895095825,2.9000000953674316,2.7200000286102295,2.8499999046325684,3164900,0.0,0.0
2024-10-30 00:00:00-04:00,2.799999952316284,2.815000057220459,2.6700000762939453,2.6700000762939453,2549600,0.0,0.0
2024-10-31 00:00:00-04:00,2.6500000953674316,2.6689999103546143,2.430000066757202,2.4700000286102295,2964000,0.0,0.0
2024-11-01 00:00:00-04:00,2.509999990463257,2.640000104904175,2.5,2.5799999237060547,1987800,0.0,0.0
2024-11-04 00:00:00-05:00,2.690000057220459,2.690000057220459,2.5,2.609999895095825,4640800,0.0,0.0
2024-11-05 00:00:00-05:00,2.25,2.5,2.200000047683716,2.359999895095825,6141400,0.0,0.0
2024-11-06 00:00:00-05:00,2.359999895095825,2.440000057220459,2.240000009536743,2.299999952316284,3668300,0.0,0.0
2024-11-07 00:00:00-05:00,2.2699999809265137,2.3299999237060547,2.184999942779541,2.200000047683716,3443900,0.0,0.0
2024-11-08 00:00:00-05:00,2.200000047683716,2.2699999809265137,2.130000114440918,2.1600000858306885,2915700,0.0,0.0
2024-11-11 00:00:00-05:00,2.1700000762939453,2.184999942779541,1.9800000190734863,2.0399999618530273,4834400,0.0,0.0
2024-11-12 00:00:00-05:00,2.0,2.0299999713897705,1.8700000047683716,1.8799999952316284,4682000,0.0,0.0
2024-11-13 00:00:00-05:00,1.899999976158142,1.9199999570846558,1.7699999809265137,1.7899999618530273,5148400,0.0,0.0
2024-11-14 00:00:00-05:00,1.840000033378601,1.9299999475479126,1.7999999523162842,1.8799999952316284,3345100,0.0,0.0
2024-11-15 00:00:00-05:00,1.8799999952316284,1.8799999952316284,1.7599999904632568,1.7799999713897705,2460200,0.0,0.0
2024-11-18 00:00:00-05:00,1.7899999618530273,1.840000033378601,1.75,1.7799999713897705,2069400,0.0,0.0
2024-11-19 00:00:00-05:00,1.7699999809265137,1.8760000467300415,1.7599999904632568,1.8600000143051147,1677500,0.0,0.0
2024-11-20 00:00:00-05:00,1.850000023841858,1.8700000047683716,1.7899999618530273,1.8300000429153442,1514100,0.0,0.0
2024-11-21 00:00:00-05:00,1.850000023841858,2.0450000762939453,1.809999942779541,2.0199999809265137,2851400,0.0,0.0
2024-11-22 00:00:00-05:00,2.059999942779541,2.4700000286102295,2.055000066757202,2.4200000762939453,7789800,0.0,0.0
2024-11-25 00:00:00-05:00,2.609999895095825,2.819999933242798,2.5399999618530273,2.7799999713897705,7867600,0.0,0.0
2024-11-26 00:00:00-05:00,2.759999990463257,2.8399999141693115,2.509999990463257,2.549999952316284,4987000,0.0,0.0
2024-11-27 00:00:00-05:00,2.549999952316284,2.5899999141693115,2.3350000381469727,2.4600000381469727,3017600,0.0,0.0
2024-11-29 00:00:00-05:00,2.5399999618530273,2.890000104904175,2.4800000190734863,2.75,4479000,0.0,0.0
2024-12-02 00:00:00-05:00,2.799999952316284,3.0999999046325684,2.7699999809265137,3.0199999809265137,7000600,0.0,0.0
2024-12-03 00:00:00-05:00,3.0,3.2899999618530273,2.9100000858306885,3.140000104904175,8219100,0.0,0.0
2024-12-04 00:00:00-05:00,3.4000000953674316,3.799999952316284,3.1500000953674316,3.2100000381469727,13681500,0.0,0.0
2024-12-05 00:00:00-05:00,3.4600000381469727,3.990000009536743,3.4200000762939453,3.7699999809265137,15060500,0.0,0.0
2024-12-06 00:00:00-05:00,4.0,4.269999980926514,3.6700000762939453,3.7699999809265137,12959100,0.0,0.0
2024-12-09 00:00:00-05:00,4.099999904632568,4.656000137329102,3.7799999713897705,4.329999923706055,18999900,0.0,0.0
2024-12-10 00:00:00-05:00,4.5,4.547999858856201,4.03000020980835,4.349999904632568,12551700,0.0,0.0
2024-12-11 00:00:00-05:00,4.449999809265137,4.53000020980835,4.050000190734863,4.079999923706055,9506800,0.0,0.0
2024-12-12 00:00:00-05:00,3.859999895095825,4.139999866485596,3.559999942779541,3.5999999046325684,12038400,0.0,0.0
2024-12-13 00:00:00-05:00,3.75,3.7799999713897705,3.4200000762939453,3.440000057220459,7413400,0.0,0.0
2024-12-16 00:00:00-05:00,3.4000000953674316,3.430000066757202,3.1700000762939453,3.240000009536743,9135800,0.0,0.0
2024-12-17 00:00:00-05:00,3.25,3.4100000858306885,3.0999999046325684,3.259999990463257,6714100,0.0,0.0
2024-12-18 00:00:00-05:00,3.309999942779541,3.640000104904175,3.180000066757202,3.299999952316284,9846500,0.0,0.0
2024-12-19 00:00:00-05:00,3.319999933242798,3.440000057220459,2.7799999713897705,2.809999942779541,8612000,0.0,0.0
2024-12-20 00:00:00-05:00,2.7699999809265137,3.2899999618530273,2.740000009536743,3.1700000762939453,10230900,0.0,0.0
2024-12-23 00:00:00-05:00,3.25,3.950000047683716,3.2300000190734863,3.859999895095825,13979800,0.0,0.0
2024-12-24 00:00:00-05:00,4.119999885559082,4.144999980926514,3.7799999713897705,3.9800000190734863,7800700,0.0,0.0
2024-12-26 00:00:00-05:00,3.940000057220459,4.130000114440918,3.7799999713897705,4.119999885559082,6137100,0.0,0.0
2024-12-27 00:00:00-05:00,4.139999866485596,4.170000076293945,3.8299999237060547,4.03000020980835,5118100,0.0,0.0
2024-12-30 00:00:00-05:00,3.8499999046325684,3.9700000286102295,3.690000057220459,3.9000000953674316,5295300,0.0,0.0
2024-12-31 00:00:00-05:00,3.9200000762939453,3.940000057220459,3.440000057220459,3.569999933242798,6228900,0.0,0.0
2025-01-02 00:00:00-05:00,3.6600000858306885,3.7200000286102295,3.369999885559082,3.490000009536743,4967900,0.0,0.0
2025-01-03 00:00:00-05:00,3.5199999809265137,4.0,3.4600000381469727,3.990000009536743,6179700,0.0,0.0
2025-01-06 00:00:00-05:00,4.099999904632568,4.550000190734863,4.064000129699707,4.25,9126300,0.0,0.0
2025-01-07 00:00:00-05:00,4.269999980926514,4.320000171661377,3.859999895095825,3.9100000858306885,5579500,0.0,0.0
2025-01-08 00:00:00-05:00,3.7799999713897705,3.799999952316284,3.359999895095825,3.430000066757202,5530800,0.0,0.0
2025-01-10 00:00:00-05:00,3.4000000953674316,3.4000000953674316,3.140000104904175,3.255000114440918,4085300,0.0,0.0
2025-01-13 00:00:00-05:00,3.0999999046325684,3.2249999046325684,2.9200000762939453,2.9600000381469727,5602300,0.0,0.0
2025-01-14 00:00:00-05:00,3.119999885559082,3.240000009536743,2.9549999237060547,3.0899999141693115,4707000,0.0,0.0
2025-01-15 00:00:00-05:00,3.259999990463257,3.680000066757202,3.190000057220459,3.5199999809265137,5363100,0.0,0.0
2025-01-16 00:00:00-05:00,3.4800000190734863,3.609999895095825,3.309999942779541,3.309999942779541,3402700,0.0,0.0
2025-01-17 00:00:00-05:00,3.4000000953674316,3.509999990463257,3.259999990463257,3.259999990463257,2803300,0.0,0.0
2025-01-21 00:00:00-05:00,3.3399999141693115,3.5999999046325684,3.25,3.559999942779541,3986100,0.0,0.0
2025-01-22 00:00:00-05:00,3.5299999713897705,3.619999885559082,3.299999952316284,3.369999885559082,3131500,0.0,0.0
2025-01-23 00:00:00-05:00,3.259999990463257,3.380000114440918,3.2100000381469727,3.3499999046325684,2555800,0.0,0.0
2025-01-24 00:00:00-05:00,3.3499999046325684,3.759999990463257,3.3499999046325684,3.450000047683716,4848600,0.0,0.0
2025-01-27 00:00:00-05:00,3.2699999809265137,3.369999885559082,2.9700000286102295,2.990000009536743,5810300,0.0,0.0
2025-01-28 00:00:00-05:00,3.140000104904175,3.190000057220459,2.9100000858306885,2.9800000190734863,3777100,0.0,0.0
2025-01-29 00:00:00-05:00,3.0,3.0999999046325684,2.9000000953674316,2.9800000190734863,2216700,0.0,0.0
2025-01-30 00:00:00-05:00,3.0299999713897705,3.0799999237060547,2.950000047683716,3.0299999713897705,2312100,0.0,0.0
2025-01-31 00:00:00-05:00,3.0199999809265137,3.4200000762939453,3.015000104904175,3.0299999713897705,4990900,0.0,0.0
2025-02-03 00:00:00-05:00,2.8299999237060547,3.005000114440918,2.799999952316284,2.9000000953674316,3507500,0.0,0.0
2025-02-04 00:00:00-05:00,2.9000000953674316,3.069999933242798,2.869999885559082,3.009999990463257,2264100,0.0,0.0
2025-02-05 00:00:00-05:00,3.049999952316284,3.25,3.009999990463257,3.140000104904175,3119500,0.0,0.0
2025-02-06 00:00:00-05:00,3.1700000762939453,3.2300000190734863,3.009999990463257,3.0399999618530273,2487000,0.0,0.0
2025-02-07 00:00:00-05:00,3.0399999618530273,3.140000104904175,2.950000047683716,2.9700000286102295,2704600,0.0,0.0
2025-02-10 00:00:00-05:00,2.990000009536743,3.0399999618530273,2.9000000953674316,2.9100000858306885,2758300,0.0,0.0
2025-02-11 00:00:00-05:00,2.859999895095825,2.9000000953674316,2.759999990463257,2.759999990463257,2841800,0.0,0.0
2025-02-12 00:00:00-05:00,2.680000066757202,2.890000104904175,2.680000066757202,2.8499999046325684,2699000,0.0,0.0
2025-02-13 00:00:00-05:00,2.8499999046325684,2.9809999465942383,2.819999933242798,2.9000000953674316,3984400,0.0,0.0
2025-02-14 00:00:00-05:00,2.9200000762939453,3.059999942779541,2.9149999618530273,3.0,3321800,0.0,0.0
2025-02-18 00:00:00-05:00,3.0350000858306885,3.619999885559082,3.0250000953674316,3.3299999237060547,8311200,0.0,0.0
2025-02-19 00:00:00-05:00,3.359999895095825,3.549999952316284,3.299999952316284,3.440000057220459,4865200,0.0,0.0
2025-02-20 00:00:00-05:00,3.4000000953674316,3.440000057220459,3.259999990463257,3.4000000953674316,2247900,0.0,0.0
2025-02-21 00:00:00-05:00,3.4800000190734863,3.5950000286102295,3.1700000762939453,3.1700000762939453,3121800,0.0,0.0
2025-02-24 00:00:00-05:00,3.1500000953674316,3.1500000953674316,2.890000104904175,2.890000104904175,5898000,0.0,0.0
2025-02-25 00:00:00-05:00,2.319999933242798,2.559999942779541,2.259999990463257,2.390000104904175,9821000,0.0,0.0
2025-02-26 00:00:00-05:00,2.430000066757202,2.690000057220459,2.4200000762939453,2.5999999046325684,4742000,0.0,0.0
2025-02-27 00:00:00-05:00,2.6500000953674316,2.7049999237060547,2.369999885559082,2.380000114440918,4910300,0.0,0.0
2025-02-28 00:00:00-05:00,2.3499999046325684,2.5199999809265137,2.299999952316284,2.440000057220459,4064000,0.0,0.0
2025-03-03 00:00:00-05:00,2.509999990463257,2.5199999809265137,2.259999990463257,2.2899999618530273,4114200,0.0,0.0
2025-03-04 00:00:00-05:00,2.200000047683716,2.5250000953674316,2.190000057220459,2.440000057220459,3368200,0.0,0.0
2025-03-05 00:00:00-05:00,2.4549999237060547,2.674999952316284,2.430000066757202,2.640000104904175,4707500,0.0,0.0
2025-03-06 00:00:00-05:00,2.5,2.6700000762939453,2.4800000190734863,2.490000009536743,3695000,0.0,0.0
2025-03-07 00:00:00-05:00,2.4800000190734863,2.6050000190734863,2.4100000858306885,2.5399999618530273,4029700,0.0,0.0
2025-03-10 00:00:00-04:00,2.450000047683716,2.509999990463257,2.2300000190734863,2.234999895095825,4032000,0.0,0.0
2025-03-11 00:00:00-04:00,2.3350000381469727,2.5850000381469727,2.2699999809265137,2.5399999618530273,4648000,0.0,0.0
2025-03-12 00:00:00-04:00,2.640000104904175,2.640000104904175,2.440000057220459,2.440000057220459,3662400,0.0,0.0
2025-03-13 00:00:00-04:00,2.380000114440918,2.4549999237060547,2.2100000381469727,2.240000009536743,4927700,0.0,0.0
2025-03-14 00:00:00-04:00,2.319999933242798,2.559999942779541,2.2799999713897705,2.5,5025700,0.0,0.0
2025-03-17 00:00:00-04:00,2.5199999809265137,2.690000057220459,2.5,2.6500000953674316,4123400,0.0,0.0
2025-03-18 00:00:00-04:00,2.5999999046325684,2.619999885559082,2.4700000286102295,2.4800000190734863,3740600,0.0,0.0
2025-03-19 00:00:00-04:00,2.490000009536743,2.5999999046325684,2.450000047683716,2.5299999713897705,3538700,0.0,0.0
2025-03-20 00:00:00-04:00,2.4600000381469727,2.4800000190734863,2.2699999809265137,2.3299999237060547,4722700,0.0,0.0
2025-03-21 00:00:00-04:00,2.3299999237060547,2.380000114440918,2.2899999618530273,2.3299999237060547,4234800,0.0,0.0
2025-03-24 00:00:00-04:00,2.4100000858306885,2.4100000858306885,2.200000047683716,2.259999990463257,6438200,0.0,0.0
2025-03-25 00:00:00-04:00,2.259999990463257,2.3299999237060547,2.1500000953674316,2.2100000381469727,4439300,0.0,0.0
2025-03-26 00:00:00-04:00,2.200000047683716,2.2200000286102295,2.109999895095825,2.130000114440918,3122200,0.0,0.0
2025-03-27 00:00:00-04:00,2.119999885559082,2.119999885559082,2.0299999713897705,2.0399999618530273,3309900,0.0,0.0
2025-03-28 00:00:00-04:00,2.0299999713897705,2.0299999713897705,1.8200000524520874,1.8300000429153442,6719000,0.0,0.0
2025-03-31 00:00:00-04:00,1.809999942779541,2.059999942779541,1.7999999523162842,2.049999952316284,5314800,0.0,0.0
2025-04-01 00:00:00-04:00,2.0299999713897705,2.0350000858306885,1.8899999856948853,2.0,4676400,0.0,0.0
2025-04-02 00:00:00-04:00,1.940000057220459,1.9900000095367432,1.8849999904632568,1.909999966621399,4020000,0.0,0.0
2025-04-03 00:00:00-04:00,1.8300000429153442,1.840000033378601,1.600000023841858,1.6050000190734863,6165500,0.0,0.0
2025-04-04 00:00:00-04:00,1.5399999618530273,1.8200000524520874,1.5199999809265137,1.809999942779541,6667200,0.0,0.0
2025-04-07 00:00:00-04:00,1.6100000143051147,1.9500000476837158,1.600000023841858,1.75,6918700,0.0,0.0
2025-04-08 00:00:00-04:00,1.850000023841858,1.8700000047683716,1.590000033378601,1.6299999952316284,3918200,0.0,0.0
2025-04-09 00:00:00-04:00,1.590000033378601,1.9450000524520874,1.5499999523162842,1.899999976158142,7977200,0.0,0.0
2025-04-10 00:00:00-04:00,1.850000023841858,1.850000023841858,1.7100000381469727,1.7599999904632568,3158800,0.0,0.0
2025-04-11 00:00:00-04:00,1.784999966621399,1.850000023841858,1.7109999656677246,1.7999999523162842,2140200,0.0,0.0
2025-04-14 00:00:00-04:00,1.8200000524520874,1.8420000076293945,1.7000000476837158,1.7400000095367432,3416500,0.0,0.0
2025-04-15 00:00:00-04:00,1.7300000190734863,1.7699999809265137,1.7000000476837158,1.7400000095367432,1813800,0.0,0.0
2025-04-16 00:00:00-04:00,1.7100000381469727,1.7799999713897705,1.6699999570846558,1.7300000190734863,2704800,0.0,0.0
2025-04-17 00:00:00-04:00,1.7400000095367432,1.840000033378601,1.7200000286102295,1.8200000524520874,1938800,0.0,0.0
2025-04-21 00:00:00-04:00,1.7899999618530273,1.8200000524520874,1.7350000143051147,1.7999999523162842,2716200,0.0,0.0
2025-04-22 00:00:00-04:00,1.840000033378601,1.8700000047683716,1.7699999809265137,1.7999999523162842,2670400,0.0,0.0
2025-04-23 00:00:00-04:00,1.8899999856948853,1.9800000190734863,1.8300000429153442,1.8600000143051147,3087300,0.0,0.0
2025-04-24 00:00:00-04:00,1.8700000047683716,2.0399999618530273,1.8700000047683716,2.0299999713897705,4006400,0.0,0.0
2025-04-25 00:00:00-04:00,2.0299999713897705,2.049999952316284,1.9500000476837158,2.049999952316284,2131800,0.0,0.0
2025-04-28 00:00:00-04:00,2.009999990463257,2.069999933242798,1.9500000476837158,2.009999990463257,2266400,0.0,0.0
2025-04-29 00:00:00-04:00,2.0,2.0299999713897705,1.9299999475479126,1.9600000381469727,2144300,0.0,0.0
2025-04-30 00:00:00-04:00,1.9299999475479126,1.940000057220459,1.8450000286102295,1.9299999475479126,2780400,0.0,0.0
2025-05-01 00:00:00-04:00,1.940000057220459,1.9950000047683716,1.899999976158142,1.909999966621399,1867000,0.0,0.0
2025-05-02 00:00:00-04:00,1.9800000190734863,2.0999999046325684,1.9600000381469727,2.049999952316284,2945600,0.0,0.0
2025-05-05 00:00:00-04:00,2.0299999713897705,2.059999942779541,1.9800000190734863,2.0,2415800,0.0,0.0
